spacing_D,wd_deg,ws_m_per_s,TI_per,VS,yaw_deg,power_demand_per,SAWS,SATI
4,-8.0,6,0.1,0.1,"[-30.0, -20.0, 0.0]","[0.6, 0.6, 1.0]","[6.15734472 5.98361998 5.79351522 5.98361998 5.95372314 5.96430088
 5.61559423 5.52561213 5.86510019 5.93569256 5.52740908 5.36606132]","[0.12113741 0.11166301 0.10876774 0.11063799 0.143839   0.12517954
 0.12831819 0.14653309 0.13213084 0.12323832 0.12822589 0.14009957]"
4,-8.0,6,0.1,0.1,"[-30.0, -20.0, 0.0]","[1.0, 1.0, 1.0]","[6.15734472 5.98361998 5.79351522 5.98361998 5.95372314 5.96430088
 5.61559423 5.52561213 5.86510019 5.93569256 5.52740908 5.36606132]","[0.12113741 0.11166301 0.10876774 0.11063799 0.143839   0.12517954
 0.12831819 0.14653309 0.13213084 0.12323832 0.12822589 0.14009957]"
4,-8.0,6,0.1,0.1,"[-30.0, 0.0, 0.0]","[0.6, 0.6, 1.0]","[6.15734472 5.98361998 5.79351522 5.98361998 5.95372314 5.96430088
 5.61559423 5.52561213 5.53733629 5.80973685 5.20180241 4.76965853]","[0.12113741 0.11166301 0.10876774 0.11063799 0.12445539 0.11715043
 0.12063977 0.13035182 0.15035563 0.13813537 0.1506931  0.16873861]"
4,-8.0,6,0.1,0.1,"[-30.0, 0.0, 0.0]","[1.0, 1.0, 1.0]","[6.15734472 5.98361998 5.79351522 5.98361998 5.95372314 5.96430088
 5.61559423 5.52561213 5.53733629 5.80973685 5.20180241 4.76965853]","[0.12113741 0.11166301 0.10876774 0.11063799 0.12445539 0.11715043
 0.12063977 0.13035182 0.15035563 0.13813537 0.1506931  0.16873861]"
4,-8.0,6,0.1,0.1,"[-30.0, 20.0, 0.0]","[0.6, 0.6, 1.0]","[6.15734472 5.98361998 5.79351522 5.98361998 5.95372314 5.96430088
 5.61559423 5.52561213 5.17526703 5.57806544 4.90233298 4.34953041]","[0.12113741 0.11166301 0.10876774 0.11063799 0.12242965 0.12172905
 0.12932452 0.12800052 0.16229026 0.14467872 0.16440905 0.19047444]"
4,-8.0,6,0.1,0.1,"[-30.0, 20.0, 0.0]","[1.0, 1.0, 1.0]","[6.15734472 5.98361998 5.79351522 5.98361998 5.95372314 5.96430088
 5.61559423 5.52561213 5.17526703 5.57806544 4.90233298 4.34953041]","[0.12113741 0.11166301 0.10876774 0.11063799 0.12242965 0.12172905
 0.12932452 0.12800052 0.16229026 0.14467872 0.16440905 0.19047444]"
4,-8.0,6,0.1,0.1,"[0.0, -20.0, 0.0]","[0.6, 0.6, 1.0]","[6.15734472 5.98361998 5.79351522 5.98361998 5.33977566 5.75198428
 5.02571213 4.39138193 5.73850314 5.87839494 5.39765679 5.15469604]","[0.10054274 0.10101483 0.10133917 0.10037304 0.17193476 0.14379223
 0.1584337  0.19328577 0.1477328  0.13774044 0.14582286 0.15938658]"
4,-8.0,6,0.1,0.1,"[0.0, -20.0, 0.0]","[1.0, 1.0, 1.0]","[6.15734472 5.98361998 5.79351522 5.98361998 5.33977566 5.75198428
 5.02571213 4.39138193 5.73850314 5.87839494 5.39765679 5.15469604]","[0.10054274 0.10101483 0.10133917 0.10037304 0.17193476 0.14379223
 0.1584337  0.19328577 0.1477328  0.13774044 0.14582286 0.15938658]"
4,-8.0,6,0.1,0.1,"[0.0, 0.0, 0.0]","[0.6, 0.6, 1.0]","[6.15734472 5.98361998 5.79351522 5.98361998 5.33977566 5.75198428
 5.02571213 4.39138193 5.36576746 5.68096468 5.05269895 4.60519305]","[0.10054274 0.10101483 0.10133917 0.10037304 0.15539704 0.13905361
 0.15700757 0.18298867 0.15610322 0.14280722 0.15785036 0.17678369]"
4,-8.0,6,0.1,0.1,"[0.0, 0.0, 0.0]","[1.0, 1.0, 1.0]","[6.15734472 5.98361998 5.79351522 5.98361998 5.33977566 5.75198428
 5.02571213 4.39138193 5.36576746 5.68096468 5.05269895 4.60519305]","[0.10054274 0.10101483 0.10133917 0.10037304 0.15539704 0.13905361
 0.15700757 0.18298867 0.15610322 0.14280722 0.15785036 0.17678369]"
4,-8.0,6,0.1,0.1,"[0.0, 20.0, 0.0]","[0.6, 0.6, 1.0]","[6.15734472 5.98361998 5.79351522 5.98361998 5.33977566 5.75198428
 5.02571213 4.39138193 5.11330564 5.42185326 4.87571871 4.50136158]","[0.10054274 0.10101483 0.10133917 0.10037304 0.16276471 0.14710033
 0.17616432 0.19878552 0.16610801 0.15096039 0.16837828 0.18867377]"
4,-8.0,6,0.1,0.1,"[0.0, 20.0, 0.0]","[1.0, 1.0, 1.0]","[6.15734472 5.98361998 5.79351522 5.98361998 5.33977566 5.75198428
 5.02571213 4.39138193 5.11330564 5.42185326 4.87571871 4.50136158]","[0.10054274 0.10101483 0.10133917 0.10037304 0.16276471 0.14710033
 0.17616432 0.19878552 0.16610801 0.15096039 0.16837828 0.18867377]"
4,-8.0,6,0.1,0.1,"[30.0, -20.0, 0.0]","[0.6, 0.6, 1.0]","[6.15734472 5.98361998 5.79351522 5.98361998 4.94752028 5.33114153
 4.72774846 4.24669094 5.5338392  5.74897511 5.20709381 4.86932878]","[0.11329222 0.11540112 0.12311195 0.11291161 0.18142697 0.15351379
 0.16578425 0.19441003 0.1530217  0.14146034 0.15238996 0.16846582]"
4,-8.0,6,0.1,0.1,"[30.0, -20.0, 0.0]","[1.0, 1.0, 1.0]","[6.15734472 5.98361998 5.79351522 5.98361998 4.94752028 5.33114153
 4.72774846 4.24669094 5.5338392  5.74897511 5.20709381 4.86932878]","[0.11329222 0.11540112 0.12311195 0.11291161 0.18142697 0.15351379
 0.16578425 0.19441003 0.1530217  0.14146034 0.15238996 0.16846582]"
4,-8.0,6,0.1,0.1,"[30.0, 0.0, 0.0]","[0.6, 0.6, 1.0]","[6.15734472 5.98361998 5.79351522 5.98361998 4.94752028 5.33114153
 4.72774846 4.24669094 5.17004592 5.51981501 4.88873622 4.45136816]","[0.11329222 0.11540112 0.12311195 0.11291161 0.17184186 0.15192766
 0.17438114 0.20333209 0.16285598 0.14801123 0.16545007 0.18528008]"
4,-8.0,6,0.1,0.1,"[30.0, 0.0, 0.0]","[1.0, 1.0, 1.0]","[6.15734472 5.98361998 5.79351522 5.98361998 4.94752028 5.33114153
 4.72774846 4.24669094 5.17004592 5.51981501 4.88873622 4.45136816]","[0.11329222 0.11540112 0.12311195 0.11291161 0.17184186 0.15192766
 0.17438114 0.20333209 0.16285598 0.14801123 0.16545007 0.18528008]"
4,-8.0,6,0.1,0.1,"[30.0, 20.0, 0.0]","[0.6, 0.6, 1.0]","[6.15734472 5.98361998 5.79351522 5.98361998 4.94752028 5.33114153
 4.72774846 4.24669094 5.05161375 5.26926938 4.8220138  4.59631519]","[0.11329222 0.11540112 0.12311195 0.11291161 0.19466356 0.16666176
 0.2060097  0.24067581 0.17056531 0.15707433 0.17317214 0.18977427]"
4,-8.0,6,0.1,0.1,"[30.0, 20.0, 0.0]","[1.0, 1.0, 1.0]","[6.15734472 5.98361998 5.79351522 5.98361998 4.94752028 5.33114153
 4.72774846 4.24669094 5.05161375 5.26926938 4.8220138  4.59631519]","[0.11329222 0.11540112 0.12311195 0.11291161 0.19466356 0.16666176
 0.2060097  0.24067581 0.17056531 0.15707433 0.17317214 0.18977427]"
4,0.0,6,0.1,0.1,"[-30.0, -20.0, 0.0]","[0.6, 0.6, 1.0]","[6.15734472 5.98361998 5.79351522 5.98361998 5.07067251 5.40391245
 4.69072568 4.24714632 5.16635433 5.27960601 4.70773012 4.51020531]","[0.12113741 0.11166301 0.10876774 0.11063799 0.22638474 0.17252273
 0.190148   0.23383586 0.20303067 0.16965621 0.17429613 0.19997439]"
4,0.0,6,0.1,0.1,"[-30.0, -20.0, 0.0]","[1.0, 1.0, 1.0]","[6.15734472 5.98361998 5.79351522 5.98361998 5.07067251 5.40391245
 4.69072568 4.24714632 5.16635433 5.27960601 4.70773012 4.51020531]","[0.12113741 0.11166301 0.10876774 0.11063799 0.22638474 0.17252273
 0.190148   0.23383586 0.20303067 0.16965621 0.17429613 0.19997439]"
4,0.0,6,0.1,0.1,"[-30.0, 0.0, 0.0]","[0.6, 0.6, 1.0]","[6.15734472 5.98361998 5.79351522 5.98361998 5.07067251 5.40391245
 4.69072568 4.24714632 4.78585664 4.8634744  4.36966206 4.22840295]","[0.12113741 0.11166301 0.10876774 0.11063799 0.18376738 0.1541084
 0.16781368 0.19814243 0.19438515 0.1742365  0.18077477 0.19805466]"
4,0.0,6,0.1,0.1,"[-30.0, 0.0, 0.0]","[1.0, 1.0, 1.0]","[6.15734472 5.98361998 5.79351522 5.98361998 5.07067251 5.40391245
 4.69072568 4.24714632 4.78585664 4.8634744  4.36966206 4.22840295]","[0.12113741 0.11166301 0.10876774 0.11063799 0.18376738 0.1541084
 0.16781368 0.19814243 0.19438515 0.1742365  0.18077477 0.19805466]"
4,0.0,6,0.1,0.1,"[-30.0, 20.0, 0.0]","[0.6, 0.6, 1.0]","[6.15734472 5.98361998 5.79351522 5.98361998 5.07067251 5.40391245
 4.69072568 4.24714632 4.67899612 4.53488799 4.40316995 4.53324025]","[0.12113741 0.11166301 0.10876774 0.11063799 0.16506286 0.15079201
 0.17160826 0.19000517 0.18271165 0.18586543 0.18575221 0.1803085 ]"
4,0.0,6,0.1,0.1,"[-30.0, 20.0, 0.0]","[1.0, 1.0, 1.0]","[6.15734472 5.98361998 5.79351522 5.98361998 5.07067251 5.40391245
 4.69072568 4.24714632 4.67899612 4.53488799 4.40316995 4.53324025]","[0.12113741 0.11166301 0.10876774 0.11063799 0.16506286 0.15079201
 0.17160826 0.19000517 0.18271165 0.18586543 0.18575221 0.1803085 ]"
4,0.0,6,0.1,0.1,"[0.0, -20.0, 0.0]","[0.6, 0.6, 1.0]","[6.15734472 5.98361998 5.79351522 5.98361998 4.34878073 4.23116712
 4.10159769 4.22254941 4.70572869 4.73598624 4.32196478 4.23123965]","[0.10054274 0.10101483 0.10133917 0.10037304 0.22393763 0.20432455
 0.19441583 0.20139763 0.19733526 0.17946055 0.18327653 0.19833296]"
4,0.0,6,0.1,0.1,"[0.0, -20.0, 0.0]","[1.0, 1.0, 1.0]","[6.15734472 5.98361998 5.79351522 5.98361998 4.34878073 4.23116712
 4.10159769 4.22254941 4.70572869 4.73598624 4.32196478 4.23123965]","[0.10054274 0.10101483 0.10133917 0.10037304 0.22393763 0.20432455
 0.19441583 0.20139763 0.19733526 0.17946055 0.18327653 0.19833296]"
4,0.0,6,0.1,0.1,"[0.0, 0.0, 0.0]","[0.6, 0.6, 1.0]","[6.15734472 5.98361998 5.79351522 5.98361998 4.34878073 4.23116712
 4.10159769 4.22254941 4.41646644 4.29033002 4.17648717 4.29670104]","[0.10054274 0.10101483 0.10133917 0.10037304 0.19039643 0.19205676
 0.19322561 0.18946537 0.19219771 0.19500718 0.19571007 0.19042948]"
4,0.0,6,0.1,0.1,"[0.0, 0.0, 0.0]","[1.0, 1.0, 1.0]","[6.15734472 5.98361998 5.79351522 5.98361998 4.34878073 4.23116712
 4.10159769 4.22254941 4.41646644 4.29033002 4.17648717 4.29670104]","[0.10054274 0.10101483 0.10133917 0.10037304 0.19039643 0.19205676
 0.19322561 0.18946537 0.19219771 0.19500718 0.19571007 0.19042948]"
4,0.0,6,0.1,0.1,"[0.0, 20.0, 0.0]","[0.6, 0.6, 1.0]","[6.15734472 5.98361998 5.79351522 5.98361998 4.34878073 4.23116712
 4.10159769 4.22254941 4.64428122 4.30044391 4.45969655 4.75589935]","[0.10054274 0.10101483 0.10133917 0.10037304 0.2020729  0.21248665
 0.23056765 0.20708782 0.18479529 0.20622045 0.20160784 0.17853897]"
4,0.0,6,0.1,0.1,"[0.0, 20.0, 0.0]","[1.0, 1.0, 1.0]","[6.15734472 5.98361998 5.79351522 5.98361998 4.34878073 4.23116712
 4.10159769 4.22254941 4.64428122 4.30044391 4.45969655 4.75589935]","[0.10054274 0.10101483 0.10133917 0.10037304 0.2020729  0.21248665
 0.23056765 0.20708782 0.18479529 0.20622045 0.20160784 0.17853897]"
4,0.0,6,0.1,0.1,"[30.0, -20.0, 0.0]","[0.6, 0.6, 1.0]","[6.15734472 5.98361998 5.79351522 5.98361998 5.03548376 4.3092206
 4.77711272 5.40413411 4.67336188 4.53546523 4.40728119 4.54416826]","[0.11329222 0.11540112 0.12311195 0.11291161 0.16755925 0.19143046
 0.1661936  0.14776104 0.18223033 0.1858285  0.18572355 0.17970726]"
4,0.0,6,0.1,0.1,"[30.0, -20.0, 0.0]","[1.0, 1.0, 1.0]","[6.15734472 5.98361998 5.79351522 5.98361998 5.03548376 4.3092206
 4.77711272 5.40413411 4.67336188 4.53546523 4.40728119 4.54416826]","[0.11329222 0.11540112 0.12311195 0.11291161 0.16755925 0.19143046
 0.1661936  0.14776104 0.18223033 0.1858285  0.18572355 0.17970726]"
4,0.0,6,0.1,0.1,"[30.0, 0.0, 0.0]","[0.6, 0.6, 1.0]","[6.15734472 5.98361998 5.79351522 5.98361998 5.03548376 4.3092206
 4.77711272 5.40413411 4.71853333 4.30945544 4.53562036 4.904062  ]","[0.11329222 0.11540112 0.12311195 0.11291161 0.17225674 0.20634389
 0.1870562  0.15487713 0.18161591 0.20615697 0.1983307  0.17231426]"
4,0.0,6,0.1,0.1,"[30.0, 0.0, 0.0]","[1.0, 1.0, 1.0]","[6.15734472 5.98361998 5.79351522 5.98361998 5.03548376 4.3092206
 4.77711272 5.40413411 4.71853333 4.30945544 4.53562036 4.904062  ]","[0.11329222 0.11540112 0.12311195 0.11291161 0.17225674 0.20634389
 0.1870562  0.15487713 0.18161591 0.20615697 0.1983307  0.17231426]"
4,0.0,6,0.1,0.1,"[30.0, 20.0, 0.0]","[0.6, 0.6, 1.0]","[6.15734472 5.98361998 5.79351522 5.98361998 5.03548376 4.3092206
 4.77711272 5.40413411 5.11444186 4.62507983 4.87471769 5.30016441]","[0.11329222 0.11540112 0.12311195 0.11291161 0.20633402 0.24985547
 0.22804346 0.17506545 0.18267091 0.21100248 0.20566252 0.17059325]"
4,0.0,6,0.1,0.1,"[30.0, 20.0, 0.0]","[1.0, 1.0, 1.0]","[6.15734472 5.98361998 5.79351522 5.98361998 5.03548376 4.3092206
 4.77711272 5.40413411 5.11444186 4.62507983 4.87471769 5.30016441]","[0.11329222 0.11540112 0.12311195 0.11291161 0.20633402 0.24985547
 0.22804346 0.17506545 0.18267091 0.21100248 0.20566252 0.17059325]"
4,8.0,6,0.1,0.1,"[-30.0, -20.0, 0.0]","[0.6, 0.6, 1.0]","[6.15734472 5.98361998 5.79351522 5.98361998 5.00809879 4.23079495
 4.64792889 5.32940788 5.12073362 4.53984641 4.72296879 5.28647056]","[0.12113741 0.11166301 0.10876774 0.11063799 0.20252189 0.23085816
 0.18201674 0.15964021 0.17002634 0.18593421 0.16650788 0.15321989]"
4,8.0,6,0.1,0.1,"[-30.0, -20.0, 0.0]","[1.0, 1.0, 1.0]","[6.15734472 5.98361998 5.79351522 5.98361998 5.00809879 4.23079495
 4.64792889 5.32940788 5.12073362 4.53984641 4.72296879 5.28647056]","[0.12113741 0.11166301 0.10876774 0.11063799 0.20252189 0.23085816
 0.18201674 0.15964021 0.17002634 0.18593421 0.16650788 0.15321989]"
4,8.0,6,0.1,0.1,"[-30.0, 0.0, 0.0]","[0.6, 0.6, 1.0]","[6.15734472 5.98361998 5.79351522 5.98361998 5.00809879 4.23079495
 4.64792889 5.32940788 5.21632174 4.44049067 4.87218202 5.54585675]","[0.12113741 0.11166301 0.10876774 0.11063799 0.17289641 0.19834541
 0.16714639 0.14947665 0.16181438 0.18408375 0.16289027 0.14567534]"
4,8.0,6,0.1,0.1,"[-30.0, 0.0, 0.0]","[1.0, 1.0, 1.0]","[6.15734472 5.98361998 5.79351522 5.98361998 5.00809879 4.23079495
 4.64792889 5.32940788 5.21632174 4.44049067 4.87218202 5.54585675]","[0.12113741 0.11166301 0.10876774 0.11063799 0.17289641 0.19834541
 0.16714639 0.14947665 0.16181438 0.18408375 0.16289027 0.14567534]"
4,8.0,6,0.1,0.1,"[-30.0, 20.0, 0.0]","[0.6, 0.6, 1.0]","[6.15734472 5.98361998 5.79351522 5.98361998 5.00809879 4.23079495
 4.64792889 5.32940788 5.55942736 4.90083052 5.21735341 5.75850492]","[0.12113741 0.11166301 0.10876774 0.11063799 0.17259785 0.19717536
 0.17949087 0.15397567 0.15025209 0.16947344 0.1550984  0.14065921]"
4,8.0,6,0.1,0.1,"[-30.0, 20.0, 0.0]","[1.0, 1.0, 1.0]","[6.15734472 5.98361998 5.79351522 5.98361998 5.00809879 4.23079495
 4.64792889 5.32940788 5.55942736 4.90083052 5.21735341 5.75850492]","[0.12113741 0.11166301 0.10876774 0.11063799 0.17259785 0.19717536
 0.17949087 0.15397567 0.15025209 0.16947344 0.1550984  0.14065921]"
4,8.0,6,0.1,0.1,"[0.0, -20.0, 0.0]","[0.6, 0.6, 1.0]","[6.15734472 5.98361998 5.79351522 5.98361998 5.34107489 4.39837621
 5.02700617 5.75300749 5.17738012 4.47900639 4.82611548 5.44649807]","[0.10054274 0.10101483 0.10133917 0.10037304 0.17095877 0.19334451
 0.15885744 0.14274174 0.16561713 0.18501001 0.16276095 0.14799556]"
4,8.0,6,0.1,0.1,"[0.0, -20.0, 0.0]","[1.0, 1.0, 1.0]","[6.15734472 5.98361998 5.79351522 5.98361998 5.34107489 4.39837621
 5.02700617 5.75300749 5.17738012 4.47900639 4.82611548 5.44649807]","[0.10054274 0.10101483 0.10133917 0.10037304 0.17095877 0.19334451
 0.15885744 0.14274174 0.16561713 0.18501001 0.16276095 0.14799556]"
4,8.0,6,0.1,0.1,"[0.0, 0.0, 0.0]","[0.6, 0.6, 1.0]","[6.15734472 5.98361998 5.79351522 5.98361998 5.34107489 4.39837621
 5.02700617 5.75300749 5.39408281 4.6406698  5.07905945 5.70112785]","[0.10054274 0.10101483 0.10133917 0.10037304 0.15519125 0.18310082
 0.15682766 0.13827553 0.15495553 0.1755587  0.15675507 0.14143328]"
4,8.0,6,0.1,0.1,"[0.0, 0.0, 0.0]","[1.0, 1.0, 1.0]","[6.15734472 5.98361998 5.79351522 5.98361998 5.34107489 4.39837621
 5.02700617 5.75300749 5.39408281 4.6406698  5.07905945 5.70112785]","[0.10054274 0.10101483 0.10133917 0.10037304 0.15519125 0.18310082
 0.15682766 0.13827553 0.15495553 0.1755587  0.15675507 0.14143328]"
4,8.0,6,0.1,0.1,"[0.0, 20.0, 0.0]","[0.6, 0.6, 1.0]","[6.15734472 5.98361998 5.79351522 5.98361998 5.34107489 4.39837621
 5.02700617 5.75300749 5.75588504 5.19028172 5.41274165 5.88373655]","[0.10054274 0.10101483 0.10133917 0.10037304 0.16352868 0.20074662
 0.17562099 0.1451477  0.14457102 0.16113922 0.15044221 0.13768166]"
4,8.0,6,0.1,0.1,"[0.0, 20.0, 0.0]","[1.0, 1.0, 1.0]","[6.15734472 5.98361998 5.79351522 5.98361998 5.34107489 4.39837621
 5.02700617 5.75300749 5.75588504 5.19028172 5.41274165 5.88373655]","[0.10054274 0.10101483 0.10133917 0.10037304 0.16352868 0.20074662
 0.17562099 0.1451477  0.14457102 0.16113922 0.15044221 0.13768166]"
4,8.0,6,0.1,0.1,"[30.0, -20.0, 0.0]","[0.6, 0.6, 1.0]","[6.15734472 5.98361998 5.79351522 5.98361998 5.96247945 5.52134775
 5.60030382 5.96370856 5.21900754 4.38007464 4.9175271  5.60865969]","[0.11329222 0.11540112 0.12311195 0.11291161 0.12539366 0.12805941
 0.12205088 0.1183819  0.16186829 0.18596922 0.15928353 0.14235802]"
4,8.0,6,0.1,0.1,"[30.0, -20.0, 0.0]","[1.0, 1.0, 1.0]","[6.15734472 5.98361998 5.79351522 5.98361998 5.96247945 5.52134775
 5.60030382 5.96370856 5.21900754 4.38007464 4.9175271  5.60865969]","[0.11329222 0.11540112 0.12311195 0.11291161 0.12539366 0.12805941
 0.12205088 0.1183819  0.16186829 0.18596922 0.15928353 0.14235802]"
4,8.0,6,0.1,0.1,"[30.0, 0.0, 0.0]","[0.6, 0.6, 1.0]","[6.15734472 5.98361998 5.79351522 5.98361998 5.96247945 5.52134775
 5.60030382 5.96370856 5.55978942 4.82913909 5.24256566 5.82403934]","[0.11329222 0.11540112 0.12311195 0.11291161 0.12042276 0.13357219
 0.12762858 0.11743335 0.1484541  0.16825297 0.15191538 0.13747567]"
4,8.0,6,0.1,0.1,"[30.0, 0.0, 0.0]","[1.0, 1.0, 1.0]","[6.15734472 5.98361998 5.79351522 5.98361998 5.96247945 5.52134775
 5.60030382 5.96370856 5.55978942 4.82913909 5.24256566 5.82403934]","[0.11329222 0.11540112 0.12311195 0.11291161 0.12042276 0.13357219
 0.12762858 0.11743335 0.1484541  0.16825297 0.15191538 0.13747567]"
4,8.0,6,0.1,0.1,"[30.0, 20.0, 0.0]","[0.6, 0.6, 1.0]","[6.15734472 5.98361998 5.79351522 5.98361998 5.96247945 5.52134775
 5.60030382 5.96370856 5.88619913 5.39427369 5.5286821  5.93788339]","[0.11329222 0.11540112 0.12311195 0.11291161 0.13359531 0.15397722
 0.14836641 0.12755592 0.12786637 0.14331258 0.13591949 0.12380697]"
4,8.0,6,0.1,0.1,"[30.0, 20.0, 0.0]","[1.0, 1.0, 1.0]","[6.15734472 5.98361998 5.79351522 5.98361998 5.96247945 5.52134775
 5.60030382 5.96370856 5.88619913 5.39427369 5.5286821  5.93788339]","[0.11329222 0.11540112 0.12311195 0.11291161 0.13359531 0.15397722
 0.14836641 0.12755592 0.12786637 0.14331258 0.13591949 0.12380697]"
6,-8.0,6,0.1,0.1,"[-30.0, -20.0, 0.0]","[0.6, 0.6, 1.0]","[6.15734472 5.98361998 5.79351522 5.98361998 6.09632994 5.97684257
 5.74651794 5.86339379 6.05291604 5.96736275 5.70714565 5.77552628]","[0.12113741 0.11166301 0.10876774 0.11063799 0.12191115 0.11166226
 0.11003778 0.11632813 0.1158925  0.11352455 0.11463494 0.11726762]"
6,-8.0,6,0.1,0.1,"[-30.0, -20.0, 0.0]","[1.0, 1.0, 1.0]","[6.15734472 5.98361998 5.79351522 5.98361998 6.09632994 5.97684257
 5.74651794 5.86339379 6.05291604 5.96736275 5.70714565 5.77552628]","[0.12113741 0.11166301 0.10876774 0.11063799 0.12191115 0.11166226
 0.11003778 0.11632813 0.1158925  0.11352455 0.11463494 0.11726762]"
6,-8.0,6,0.1,0.1,"[-30.0, 0.0, 0.0]","[0.6, 0.6, 1.0]","[6.15734472 5.98361998 5.79351522 5.98361998 6.09632994 5.97684257
 5.74651794 5.86339379 5.87768303 5.90889122 5.53084193 5.43601993]","[0.12113741 0.11166301 0.10876774 0.11063799 0.10604401 0.10430632
 0.10471842 0.10639045 0.13284948 0.12857248 0.13340542 0.13927856]"
6,-8.0,6,0.1,0.1,"[-30.0, 0.0, 0.0]","[1.0, 1.0, 1.0]","[6.15734472 5.98361998 5.79351522 5.98361998 6.09632994 5.97684257
 5.74651794 5.86339379 5.87768303 5.90889122 5.53084193 5.43601993]","[0.12113741 0.11166301 0.10876774 0.11063799 0.10604401 0.10430632
 0.10471842 0.10639045 0.13284948 0.12857248 0.13340542 0.13927856]"
6,-8.0,6,0.1,0.1,"[-30.0, 20.0, 0.0]","[0.6, 0.6, 1.0]","[6.15734472 5.98361998 5.79351522 5.98361998 6.09632994 5.97684257
 5.74651794 5.86339379 5.61267945 5.76100015 5.29523368 5.07277734]","[0.12113741 0.11166301 0.10876774 0.11063799 0.1086336  0.11076964
 0.11600669 0.10949408 0.13942498 0.13236365 0.14095935 0.15057815]"
6,-8.0,6,0.1,0.1,"[-30.0, 20.0, 0.0]","[1.0, 1.0, 1.0]","[6.15734472 5.98361998 5.79351522 5.98361998 6.09632994 5.97684257
 5.74651794 5.86339379 5.61267945 5.76100015 5.29523368 5.07277734]","[0.12113741 0.11166301 0.10876774 0.11063799 0.1086336  0.11076964
 0.11600669 0.10949408 0.13942498 0.13236365 0.14095935 0.15057815]"
6,-8.0,6,0.1,0.1,"[0.0, -20.0, 0.0]","[0.6, 0.6, 1.0]","[6.15734472 5.98361998 5.79351522 5.98361998 5.83204267 5.89273324
 5.4869286  5.35235248 6.0003768  5.94257518 5.65237223 5.68894887]","[0.10054274 0.10101483 0.10133917 0.10037304 0.14556082 0.13341677
 0.13653697 0.14718835 0.11683472 0.11430392 0.11633188 0.11917085]"
6,-8.0,6,0.1,0.1,"[0.0, -20.0, 0.0]","[1.0, 1.0, 1.0]","[6.15734472 5.98361998 5.79351522 5.98361998 5.83204267 5.89273324
 5.4869286  5.35235248 6.0003768  5.94257518 5.65237223 5.68894887]","[0.10054274 0.10101483 0.10133917 0.10037304 0.14556082 0.13341677
 0.13653697 0.14718835 0.11683472 0.11430392 0.11633188 0.11917085]"
6,-8.0,6,0.1,0.1,"[0.0, 0.0, 0.0]","[0.6, 0.6, 1.0]","[6.15734472 5.98361998 5.79351522 5.98361998 5.83204267 5.89273324
 5.4869286  5.35235248 5.81109465 5.85330661 5.46773199 5.37789993]","[0.10054274 0.10101483 0.10133917 0.10037304 0.13363037 0.12885663
 0.13473857 0.14143308 0.13478303 0.13048408 0.13602399 0.14158115]"
6,-8.0,6,0.1,0.1,"[0.0, 0.0, 0.0]","[1.0, 1.0, 1.0]","[6.15734472 5.98361998 5.79351522 5.98361998 5.83204267 5.89273324
 5.4869286  5.35235248 5.81109465 5.85330661 5.46773199 5.37789993]","[0.10054274 0.10101483 0.10133917 0.10037304 0.13363037 0.12885663
 0.13473857 0.14143308 0.13478303 0.13048408 0.13602399 0.14158115]"
6,-8.0,6,0.1,0.1,"[0.0, 20.0, 0.0]","[0.6, 0.6, 1.0]","[6.15734472 5.98361998 5.79351522 5.98361998 5.83204267 5.89273324
 5.4869286  5.35235248 5.61667355 5.70750931 5.30495485 5.17613955]","[0.10054274 0.10101483 0.10133917 0.10037304 0.13991392 0.13647461
 0.14874353 0.15028927 0.13985693 0.1344592  0.14189853 0.14879327]"
6,-8.0,6,0.1,0.1,"[0.0, 20.0, 0.0]","[1.0, 1.0, 1.0]","[6.15734472 5.98361998 5.79351522 5.98361998 5.83204267 5.89273324
 5.4869286  5.35235248 5.61667355 5.70750931 5.30495485 5.17613955]","[0.10054274 0.10101483 0.10133917 0.10037304 0.13991392 0.13647461
 0.14874353 0.15028927 0.13985693 0.1344592  0.14189853 0.14879327]"
6,-8.0,6,0.1,0.1,"[30.0, -20.0, 0.0]","[0.6, 0.6, 1.0]","[6.15734472 5.98361998 5.79351522 5.98361998 5.49450863 5.64672349
 5.20715922 4.99551197 5.93519683 5.89937128 5.58881646 5.60012811]","[0.11329222 0.11540112 0.12311195 0.11291161 0.15322174 0.1383931
 0.14273109 0.15545576 0.12271163 0.12002582 0.12288764 0.12601287]"
6,-8.0,6,0.1,0.1,"[30.0, -20.0, 0.0]","[1.0, 1.0, 1.0]","[6.15734472 5.98361998 5.79351522 5.98361998 5.49450863 5.64672349
 5.20715922 4.99551197 5.93519683 5.89937128 5.58881646 5.60012811]","[0.11329222 0.11540112 0.12311195 0.11291161 0.15322174 0.1383931
 0.14273109 0.15545576 0.12271163 0.12002582 0.12288764 0.12601287]"
6,-8.0,6,0.1,0.1,"[30.0, 0.0, 0.0]","[0.6, 0.6, 1.0]","[6.15734472 5.98361998 5.79351522 5.98361998 5.49450863 5.64672349
 5.20715922 4.99551197 5.73873415 5.80688284 5.40110265 5.28663651]","[0.11329222 0.11540112 0.12311195 0.11291161 0.14264945 0.13536428
 0.14449483 0.15429896 0.13715644 0.13241239 0.1389985  0.14510849]"
6,-8.0,6,0.1,0.1,"[30.0, 0.0, 0.0]","[1.0, 1.0, 1.0]","[6.15734472 5.98361998 5.79351522 5.98361998 5.49450863 5.64672349
 5.20715922 4.99551197 5.73873415 5.80688284 5.40110265 5.28663651]","[0.11329222 0.11540112 0.12311195 0.11291161 0.14264945 0.13536428
 0.14449483 0.15429896 0.13715644 0.13241239 0.1389985  0.14510849]"
6,-8.0,6,0.1,0.1,"[30.0, 20.0, 0.0]","[0.6, 0.6, 1.0]","[6.15734472 5.98361998 5.79351522 5.98361998 5.49450863 5.64672349
 5.20715922 4.99551197 5.56971194 5.65482261 5.26745992 5.15775977]","[0.11329222 0.11540112 0.12311195 0.11291161 0.15528825 0.14655231
 0.16466953 0.17168819 0.14206314 0.13679191 0.1444395  0.15098116]"
6,-8.0,6,0.1,0.1,"[30.0, 20.0, 0.0]","[1.0, 1.0, 1.0]","[6.15734472 5.98361998 5.79351522 5.98361998 5.49450863 5.64672349
 5.20715922 4.99551197 5.56971194 5.65482261 5.26745992 5.15775977]","[0.11329222 0.11540112 0.12311195 0.11291161 0.15528825 0.14655231
 0.16466953 0.17168819 0.14206314 0.13679191 0.1444395  0.15098116]"
6,0.0,6,0.1,0.1,"[-30.0, -20.0, 0.0]","[0.6, 0.6, 1.0]","[6.15734472 5.98361998 5.79351522 5.98361998 5.45695477 5.55378759
 5.07642143 4.92376629 5.49166427 5.45721771 5.06034533 5.04147888]","[0.12113741 0.11166301 0.10876774 0.11063799 0.19008932 0.15770756
 0.16142358 0.18108249 0.1713612  0.15182989 0.14993292 0.16287843]"
6,0.0,6,0.1,0.1,"[-30.0, -20.0, 0.0]","[1.0, 1.0, 1.0]","[6.15734472 5.98361998 5.79351522 5.98361998 5.45695477 5.55378759
 5.07642143 4.92376629 5.49166427 5.45721771 5.06034533 5.04147888]","[0.12113741 0.11166301 0.10876774 0.11063799 0.19008932 0.15770756
 0.16142358 0.18108249 0.1713612  0.15182989 0.14993292 0.16287843]"
6,0.0,6,0.1,0.1,"[-30.0, 0.0, 0.0]","[0.6, 0.6, 1.0]","[6.15734472 5.98361998 5.79351522 5.98361998 5.45695477 5.55378759
 5.07642143 4.92376629 5.21829123 5.166133   4.82366348 4.84548032]","[0.12113741 0.11166301 0.10876774 0.11063799 0.15708731 0.14143172
 0.14547742 0.1588997  0.1632458  0.15347252 0.15424453 0.16098199]"
6,0.0,6,0.1,0.1,"[-30.0, 0.0, 0.0]","[1.0, 1.0, 1.0]","[6.15734472 5.98361998 5.79351522 5.98361998 5.45695477 5.55378759
 5.07642143 4.92376629 5.21829123 5.166133   4.82366348 4.84548032]","[0.12113741 0.11166301 0.10876774 0.11063799 0.15708731 0.14143172
 0.14547742 0.1588997  0.1632458  0.15347252 0.15424453 0.16098199]"
6,0.0,6,0.1,0.1,"[-30.0, 20.0, 0.0]","[0.6, 0.6, 1.0]","[6.15734472 5.98361998 5.79351522 5.98361998 5.45695477 5.55378759
 5.07642143 4.92376629 5.16303233 4.9831363  4.86979024 5.04560881]","[0.12113741 0.11166301 0.10876774 0.11063799 0.14424737 0.13971753
 0.15052778 0.15541816 0.15523843 0.15877786 0.15802269 0.15272182]"
6,0.0,6,0.1,0.1,"[-30.0, 20.0, 0.0]","[1.0, 1.0, 1.0]","[6.15734472 5.98361998 5.79351522 5.98361998 5.45695477 5.55378759
 5.07642143 4.92376629 5.16303233 4.9831363  4.86979024 5.04560881]","[0.12113741 0.11166301 0.10876774 0.11063799 0.14424737 0.13971753
 0.15052778 0.15541816 0.15523843 0.15877786 0.15802269 0.15272182]"
6,0.0,6,0.1,0.1,"[0.0, -20.0, 0.0]","[0.6, 0.6, 1.0]","[6.15734472 5.98361998 5.79351522 5.98361998 4.92475729 4.79014105
 4.64162781 4.78331244 5.21351433 5.15924506 4.83377679 4.85748317]","[0.10054274 0.10101483 0.10133917 0.10037304 0.1823912  0.16913413
 0.1619702  0.16686925 0.16402209 0.15416097 0.15429628 0.1612206 ]"
6,0.0,6,0.1,0.1,"[0.0, -20.0, 0.0]","[1.0, 1.0, 1.0]","[6.15734472 5.98361998 5.79351522 5.98361998 4.92475729 4.79014105
 4.64162781 4.78331244 5.21351433 5.15924506 4.83377679 4.85748317]","[0.10054274 0.10101483 0.10133917 0.10037304 0.1823912  0.16913413
 0.1619702  0.16686925 0.16402209 0.15416097 0.15429628 0.1612206 ]"
6,0.0,6,0.1,0.1,"[0.0, 0.0, 0.0]","[0.6, 0.6, 1.0]","[6.15734472 5.98361998 5.79351522 5.98361998 4.92475729 4.79014105
 4.64162781 4.78331244 5.00327338 4.86382952 4.72211385 4.86371292]","[0.10054274 0.10101483 0.10133917 0.10037304 0.15909356 0.160354
 0.16117765 0.15847342 0.15965547 0.16159336 0.16239479 0.15855108]"
6,0.0,6,0.1,0.1,"[0.0, 0.0, 0.0]","[1.0, 1.0, 1.0]","[6.15734472 5.98361998 5.79351522 5.98361998 4.92475729 4.79014105
 4.64162781 4.78331244 5.00327338 4.86382952 4.72211385 4.86371292]","[0.10054274 0.10101483 0.10133917 0.10037304 0.15909356 0.160354
 0.16117765 0.15847342 0.15965547 0.16159336 0.16239479 0.15855108]"
6,0.0,6,0.1,0.1,"[0.0, 20.0, 0.0]","[0.6, 0.6, 1.0]","[6.15734472 5.98361998 5.79351522 5.98361998 4.92475729 4.79014105
 4.64162781 4.78331244 5.17177469 4.90623673 4.9288878  5.17174018]","[0.10054274 0.10101483 0.10133917 0.10037304 0.16731626 0.17503032
 0.18737814 0.1709774  0.15492905 0.16674502 0.16733691 0.15335433]"
6,0.0,6,0.1,0.1,"[0.0, 20.0, 0.0]","[1.0, 1.0, 1.0]","[6.15734472 5.98361998 5.79351522 5.98361998 4.92475729 4.79014105
 4.64162781 4.78331244 5.17177469 4.90623673 4.9288878  5.17174018]","[0.10054274 0.10101483 0.10133917 0.10037304 0.16731626 0.17503032
 0.18737814 0.1709774  0.15492905 0.16674502 0.16733691 0.15335433]"
6,0.0,6,0.1,0.1,"[30.0, -20.0, 0.0]","[0.6, 0.6, 1.0]","[6.15734472 5.98361998 5.79351522 5.98361998 5.43096493 4.96660956
 5.13923763 5.55438514 5.16317945 5.04660035 4.85603272 4.97381103]","[0.11329222 0.11540112 0.12311195 0.11291161 0.1468228  0.15616759
 0.14454939 0.13648274 0.15532618 0.15636317 0.15753429 0.1547055 ]"
6,0.0,6,0.1,0.1,"[30.0, -20.0, 0.0]","[1.0, 1.0, 1.0]","[6.15734472 5.98361998 5.79351522 5.98361998 5.43096493 4.96660956
 5.13923763 5.55438514 5.16317945 5.04660035 4.85603272 4.97381103]","[0.11329222 0.11540112 0.12311195 0.11291161 0.1468228  0.15616759
 0.14454939 0.13648274 0.15532618 0.15636317 0.15753429 0.1547055 ]"
6,0.0,6,0.1,0.1,"[30.0, 0.0, 0.0]","[0.6, 0.6, 1.0]","[6.15734472 5.98361998 5.79351522 5.98361998 5.43096493 4.96660956
 5.13923763 5.55438514 5.16905019 4.8935762  4.93118492 5.18822836]","[0.11329222 0.11540112 0.12311195 0.11291161 0.14819296 0.16422186
 0.15951426 0.14187261 0.15434534 0.16658311 0.1663709  0.15205887]"
6,0.0,6,0.1,0.1,"[30.0, 0.0, 0.0]","[1.0, 1.0, 1.0]","[6.15734472 5.98361998 5.79351522 5.98361998 5.43096493 4.96660956
 5.13923763 5.55438514 5.16905019 4.8935762  4.93118492 5.18822836]","[0.11329222 0.11540112 0.12311195 0.11291161 0.14819296 0.16422186
 0.15951426 0.14187261 0.15434534 0.16658311 0.1663709  0.15205887]"
6,0.0,6,0.1,0.1,"[30.0, 20.0, 0.0]","[0.6, 0.6, 1.0]","[6.15734472 5.98361998 5.79351522 5.98361998 5.43096493 4.96660956
 5.13923763 5.55438514 5.4496792  5.11392741 5.17681296 5.4706158 ]","[0.11329222 0.11540112 0.12311195 0.11291161 0.17324694 0.19241214
 0.19152827 0.1598661  0.15569111 0.17112286 0.17340717 0.1524114 ]"
6,0.0,6,0.1,0.1,"[30.0, 20.0, 0.0]","[1.0, 1.0, 1.0]","[6.15734472 5.98361998 5.79351522 5.98361998 5.43096493 4.96660956
 5.13923763 5.55438514 5.4496792  5.11392741 5.17681296 5.4706158 ]","[0.11329222 0.11540112 0.12311195 0.11291161 0.17324694 0.19241214
 0.19152827 0.1598661  0.15569111 0.17112286 0.17340717 0.1524114 ]"
6,8.0,6,0.1,0.1,"[-30.0, -20.0, 0.0]","[0.6, 0.6, 1.0]","[6.15734472 5.98361998 5.79351522 5.98361998 5.5248897  4.98627319
 5.17034846 5.649582   5.59885271 5.14762677 5.24493498 5.66803804]","[0.12113741 0.11166301 0.10876774 0.11063799 0.16094148 0.1674482
 0.14908753 0.14099838 0.14218539 0.14991525 0.14118152 0.13457629]"
6,8.0,6,0.1,0.1,"[-30.0, -20.0, 0.0]","[1.0, 1.0, 1.0]","[6.15734472 5.98361998 5.79351522 5.98361998 5.5248897  4.98627319
 5.17034846 5.649582   5.59885271 5.14762677 5.24493498 5.66803804]","[0.12113741 0.11166301 0.10876774 0.11063799 0.16094148 0.1674482
 0.14908753 0.14099838 0.14218539 0.14991525 0.14118152 0.13457629]"
6,8.0,6,0.1,0.1,"[-30.0, 0.0, 0.0]","[0.6, 0.6, 1.0]","[6.15734472 5.98361998 5.79351522 5.98361998 5.5248897  4.98627319
 5.17034846 5.649582   5.7538753  5.30264886 5.41326612 5.81814818]","[0.12113741 0.11166301 0.10876774 0.11063799 0.14297055 0.15344613
 0.14191147 0.13364926 0.13699312 0.14477923 0.1375303  0.13108923]"
6,8.0,6,0.1,0.1,"[-30.0, 0.0, 0.0]","[1.0, 1.0, 1.0]","[6.15734472 5.98361998 5.79351522 5.98361998 5.5248897  4.98627319
 5.17034846 5.649582   5.7538753  5.30264886 5.41326612 5.81814818]","[0.12113741 0.11166301 0.10876774 0.11063799 0.14297055 0.15344613
 0.14191147 0.13364926 0.13699312 0.14477923 0.1375303  0.13108923]"
6,8.0,6,0.1,0.1,"[-30.0, 20.0, 0.0]","[0.6, 0.6, 1.0]","[6.15734472 5.98361998 5.79351522 5.98361998 5.5248897  4.98627319
 5.17034846 5.649582   5.94387882 5.60999755 5.59169337 5.90359718]","[0.12113741 0.11166301 0.10876774 0.11063799 0.14721249 0.15990017
 0.15448914 0.13894973 0.12181906 0.12707731 0.12414044 0.11942036]"
6,8.0,6,0.1,0.1,"[-30.0, 20.0, 0.0]","[1.0, 1.0, 1.0]","[6.15734472 5.98361998 5.79351522 5.98361998 5.5248897  4.98627319
 5.17034846 5.649582   5.94387882 5.60999755 5.59169337 5.90359718]","[0.12113741 0.11166301 0.10876774 0.11063799 0.14721249 0.15990017
 0.15448914 0.13894973 0.12181906 0.12707731 0.12414044 0.11942036]"
6,8.0,6,0.1,0.1,"[0.0, -20.0, 0.0]","[0.6, 0.6, 1.0]","[6.15734472 5.98361998 5.79351522 5.98361998 5.83237646 5.35354216
 5.48726468 5.89359062 5.64234084 5.17888584 5.29740062 5.72116479]","[0.10054274 0.10101483 0.10133917 0.10037304 0.1452603  0.1478868
 0.13662826 0.13245003 0.13983522 0.14784213 0.13938862 0.13265154]"
6,8.0,6,0.1,0.1,"[0.0, -20.0, 0.0]","[1.0, 1.0, 1.0]","[6.15734472 5.98361998 5.79351522 5.98361998 5.83237646 5.35354216
 5.48726468 5.89359062 5.64234084 5.17888584 5.29740062 5.72116479]","[0.10054274 0.10101483 0.10133917 0.10037304 0.1452603  0.1478868
 0.13662826 0.13245003 0.13983522 0.14784213 0.13938862 0.13265154]"
6,8.0,6,0.1,0.1,"[0.0, 0.0, 0.0]","[0.6, 0.6, 1.0]","[6.15734472 5.98361998 5.79351522 5.98361998 5.83237646 5.35354216
 5.48726468 5.89359062 5.82500174 5.39819937 5.48072543 5.86169958]","[0.10054274 0.10101483 0.10133917 0.10037304 0.13355843 0.1419661
 0.13468609 0.12816592 0.13434888 0.14155337 0.13561976 0.1295743 ]"
6,8.0,6,0.1,0.1,"[0.0, 0.0, 0.0]","[1.0, 1.0, 1.0]","[6.15734472 5.98361998 5.79351522 5.98361998 5.83237646 5.35354216
 5.48726468 5.89359062 5.82500174 5.39819937 5.48072543 5.86169958]","[0.10054274 0.10101483 0.10133917 0.10037304 0.13355843 0.1419661
 0.13468609 0.12816592 0.13434888 0.14155337 0.13561976 0.1295743 ]"
6,8.0,6,0.1,0.1,"[0.0, 20.0, 0.0]","[0.6, 0.6, 1.0]","[6.15734472 5.98361998 5.79351522 5.98361998 5.83237646 5.35354216
 5.48726468 5.89359062 6.01111401 5.69724323 5.64948963 5.94418356]","[0.10054274 0.10101483 0.10133917 0.10037304 0.14006278 0.15208184
 0.14859751 0.1346695  0.11554392 0.12064141 0.11881705 0.11409885]"
6,8.0,6,0.1,0.1,"[0.0, 20.0, 0.0]","[1.0, 1.0, 1.0]","[6.15734472 5.98361998 5.79351522 5.98361998 5.83237646 5.35354216
 5.48726468 5.89359062 6.01111401 5.69724323 5.64948963 5.94418356]","[0.10054274 0.10101483 0.10133917 0.10037304 0.14006278 0.15208184
 0.14859751 0.1346695  0.11554392 0.12064141 0.11881705 0.11409885]"
6,8.0,6,0.1,0.1,"[30.0, -20.0, 0.0]","[0.6, 0.6, 1.0]","[6.15734472 5.98361998 5.79351522 5.98361998 6.10178255 5.85718043
 5.73498561 5.97652541 5.63921986 5.09152161 5.3049815  5.77913337]","[0.11329222 0.11540112 0.12311195 0.11291161 0.11298422 0.10862391
 0.10619498 0.10688749 0.13906957 0.14965387 0.13910775 0.13077791]"
6,8.0,6,0.1,0.1,"[30.0, -20.0, 0.0]","[1.0, 1.0, 1.0]","[6.15734472 5.98361998 5.79351522 5.98361998 6.10178255 5.85718043
 5.73498561 5.97652541 5.63921986 5.09152161 5.3049815  5.77913337]","[0.11329222 0.11540112 0.12311195 0.11291161 0.11298422 0.10862391
 0.10619498 0.10688749 0.13906957 0.14965387 0.13910775 0.13077791]"
6,8.0,6,0.1,0.1,"[30.0, 0.0, 0.0]","[0.6, 0.6, 1.0]","[6.15734472 5.98361998 5.79351522 5.98361998 6.10178255 5.85718043
 5.73498561 5.97652541 5.89405644 5.46264387 5.54328811 5.91503762]","[0.11329222 0.11540112 0.12311195 0.11291161 0.10436923 0.10835227
 0.10820446 0.10427059 0.13203754 0.13955184 0.13406102 0.1279792 ]"
6,8.0,6,0.1,0.1,"[30.0, 0.0, 0.0]","[1.0, 1.0, 1.0]","[6.15734472 5.98361998 5.79351522 5.98361998 6.10178255 5.85718043
 5.73498561 5.97652541 5.89405644 5.46264387 5.54328811 5.91503762]","[0.11329222 0.11540112 0.12311195 0.11291161 0.10436923 0.10835227
 0.10820446 0.10427059 0.13203754 0.13955184 0.13406102 0.1279792 ]"
6,8.0,6,0.1,0.1,"[30.0, 20.0, 0.0]","[0.6, 0.6, 1.0]","[6.15734472 5.98361998 5.79351522 5.98361998 6.10178255 5.85718043
 5.73498561 5.97652541 6.06540757 5.77915976 5.6969934  5.96771374]","[0.11329222 0.11540112 0.12311195 0.11291161 0.11456043 0.12240908
 0.12612563 0.11385853 0.11423468 0.11920568 0.11828111 0.11361647]"
6,8.0,6,0.1,0.1,"[30.0, 20.0, 0.0]","[1.0, 1.0, 1.0]","[6.15734472 5.98361998 5.79351522 5.98361998 6.10178255 5.85718043
 5.73498561 5.97652541 6.06540757 5.77915976 5.6969934  5.96771374]","[0.11329222 0.11540112 0.12311195 0.11291161 0.11456043 0.12240908
 0.12612563 0.11385853 0.11423468 0.11920568 0.11828111 0.11361647]"
8,-8.0,6,0.1,0.1,"[-30.0, -20.0, 0.0]","[0.6, 0.6, 1.0]","[6.15734472 5.98361998 5.79351522 5.98361998 6.13005976 5.9798656
 5.77456159 5.93637224 6.1104213  5.97530838 5.7572536  5.8978668 ]","[0.12113741 0.11166301 0.10876774 0.11063799 0.11630038 0.1081941
 0.1057811  0.10932728 0.10452693 0.10375788 0.10412889 0.10459988]"
8,-8.0,6,0.1,0.1,"[-30.0, -20.0, 0.0]","[1.0, 1.0, 1.0]","[6.15734472 5.98361998 5.79351522 5.98361998 6.13005976 5.9798656
 5.77456159 5.93637224 6.1104213  5.97530838 5.7572536  5.8978668 ]","[0.12113741 0.11166301 0.10876774 0.11063799 0.11630038 0.1081941
 0.1057811  0.10932728 0.10452693 0.10375788 0.10412889 0.10459988]"
8,-8.0,6,0.1,0.1,"[-30.0, 0.0, 0.0]","[0.6, 0.6, 1.0]","[6.15734472 5.98361998 5.79351522 5.98361998 6.13005976 5.9798656
 5.77456159 5.93637224 6.02180538 5.94486727 5.66635146 5.72507504]","[0.12113741 0.11166301 0.10876774 0.11063799 0.10186101 0.10132856
 0.10143127 0.10155728 0.11342171 0.11206418 0.11415077 0.11573768]"
8,-8.0,6,0.1,0.1,"[-30.0, 0.0, 0.0]","[1.0, 1.0, 1.0]","[6.15734472 5.98361998 5.79351522 5.98361998 6.13005976 5.9798656
 5.77456159 5.93637224 6.02180538 5.94486727 5.66635146 5.72507504]","[0.12113741 0.11166301 0.10876774 0.11063799 0.10186101 0.10132856
 0.10143127 0.10155728 0.11342171 0.11206418 0.11415077 0.11573768]"
8,-8.0,6,0.1,0.1,"[-30.0, 20.0, 0.0]","[0.6, 0.6, 1.0]","[6.15734472 5.98361998 5.79351522 5.98361998 6.13005976 5.9798656
 5.77456159 5.93637224 5.85704779 5.85662732 5.51336773 5.48667523]","[0.12113741 0.11166301 0.10876774 0.11063799 0.10621558 0.1086078
 0.11372056 0.10666571 0.12880766 0.12588852 0.13027725 0.13391165]"
8,-8.0,6,0.1,0.1,"[-30.0, 20.0, 0.0]","[1.0, 1.0, 1.0]","[6.15734472 5.98361998 5.79351522 5.98361998 6.13005976 5.9798656
 5.77456159 5.93637224 5.85704779 5.85662732 5.51336773 5.48667523]","[0.12113741 0.11166301 0.10876774 0.11063799 0.10621558 0.1086078
 0.11372056 0.10666571 0.12880766 0.12588852 0.13027725 0.13391165]"
8,-8.0,6,0.1,0.1,"[0.0, -20.0, 0.0]","[0.6, 0.6, 1.0]","[6.15734472 5.98361998 5.79351522 5.98361998 6.00778347 5.93906302
 5.65200104 5.70010509 6.09371115 5.96794764 5.74007428 5.86898847]","[0.10054274 0.10101483 0.10133917 0.10037304 0.12565072 0.11725887
 0.11673459 0.12165482 0.10672058 0.10598963 0.10673496 0.10720666]"
8,-8.0,6,0.1,0.1,"[0.0, -20.0, 0.0]","[1.0, 1.0, 1.0]","[6.15734472 5.98361998 5.79351522 5.98361998 6.00778347 5.93906302
 5.65200104 5.70010509 6.09371115 5.96794764 5.74007428 5.86898847]","[0.10054274 0.10101483 0.10133917 0.10037304 0.12565072 0.11725887
 0.11673459 0.12165482 0.10672058 0.10598963 0.10673496 0.10720666]"
8,-8.0,6,0.1,0.1,"[0.0, 0.0, 0.0]","[0.6, 0.6, 1.0]","[6.15734472 5.98361998 5.79351522 5.98361998 6.00778347 5.93906302
 5.65200104 5.70010509 5.99297143 5.92679404 5.63802004 5.68702034]","[0.10054274 0.10101483 0.10133917 0.10037304 0.11356937 0.11218869
 0.11462798 0.11628275 0.12602602 0.12437124 0.12707388 0.12905895]"
8,-8.0,6,0.1,0.1,"[0.0, 0.0, 0.0]","[1.0, 1.0, 1.0]","[6.15734472 5.98361998 5.79351522 5.98361998 6.00778347 5.93906302
 5.65200104 5.70010509 5.99297143 5.92679404 5.63802004 5.68702034]","[0.10054274 0.10101483 0.10133917 0.10037304 0.11356937 0.11218869
 0.11462798 0.11628275 0.12602602 0.12437124 0.12707388 0.12905895]"
8,-8.0,6,0.1,0.1,"[0.0, 20.0, 0.0]","[0.6, 0.6, 1.0]","[6.15734472 5.98361998 5.79351522 5.98361998 6.00778347 5.93906302
 5.65200104 5.70010509 5.84342246 5.83394256 5.50433804 5.49468347]","[0.10054274 0.10101483 0.10133917 0.10037304 0.12011275 0.12045173
 0.12869903 0.12440538 0.129305   0.12673191 0.13106616 0.13417505]"
8,-8.0,6,0.1,0.1,"[0.0, 20.0, 0.0]","[1.0, 1.0, 1.0]","[6.15734472 5.98361998 5.79351522 5.98361998 6.00778347 5.93906302
 5.65200104 5.70010509 5.84342246 5.83394256 5.50433804 5.49468347]","[0.10054274 0.10101483 0.10133917 0.10037304 0.12011275 0.12045173
 0.12869903 0.12440538 0.129305   0.12673191 0.13106616 0.13417505]"
8,-8.0,6,0.1,0.1,"[30.0, -20.0, 0.0]","[0.6, 0.6, 1.0]","[6.15734472 5.98361998 5.79351522 5.98361998 5.78588033 5.79757385
 5.45966223 5.42307549 6.05904148 5.9443259  5.7037574  5.82168245]","[0.11329222 0.11540112 0.12311195 0.11291161 0.14078797 0.13097863
 0.13217429 0.13897749 0.1131041  0.11234299 0.11353526 0.11408163]"
8,-8.0,6,0.1,0.1,"[30.0, -20.0, 0.0]","[1.0, 1.0, 1.0]","[6.15734472 5.98361998 5.79351522 5.98361998 5.78588033 5.79757385
 5.45966223 5.42307549 6.05904148 5.9443259  5.7037574  5.82168245]","[0.11329222 0.11540112 0.12311195 0.11291161 0.14078797 0.13097863
 0.13217429 0.13897749 0.1131041  0.11234299 0.11353526 0.11408163]"
8,-8.0,6,0.1,0.1,"[30.0, 0.0, 0.0]","[0.6, 0.6, 1.0]","[6.15734472 5.98361998 5.79351522 5.98361998 5.78588033 5.79757385
 5.45966223 5.42307549 5.95859681 5.89967745 5.60480678 5.65066578]","[0.11329222 0.11540112 0.12311195 0.11291161 0.13038388 0.12736165
 0.13212443 0.13589553 0.12709911 0.12545783 0.1285162  0.13042644]"
8,-8.0,6,0.1,0.1,"[30.0, 0.0, 0.0]","[1.0, 1.0, 1.0]","[6.15734472 5.98361998 5.79351522 5.98361998 5.78588033 5.79757385
 5.45966223 5.42307549 5.95859681 5.89967745 5.60480678 5.65066578]","[0.11329222 0.11540112 0.12311195 0.11291161 0.13038388 0.12736165
 0.13212443 0.13589553 0.12709911 0.12545783 0.1285162  0.13042644]"
8,-8.0,6,0.1,0.1,"[30.0, 20.0, 0.0]","[0.6, 0.6, 1.0]","[6.15734472 5.98361998 5.79351522 5.98361998 5.78588033 5.79757385
 5.45966223 5.42307549 5.83534818 5.81155692 5.49913753 5.51237194]","[0.11329222 0.11540112 0.12311195 0.11291161 0.13965805 0.13702701
 0.14847821 0.1474421  0.12992567 0.12780807 0.13195885 0.13443743]"
8,-8.0,6,0.1,0.1,"[30.0, 20.0, 0.0]","[1.0, 1.0, 1.0]","[6.15734472 5.98361998 5.79351522 5.98361998 5.78588033 5.79757385
 5.45966223 5.42307549 5.83534818 5.81155692 5.49913753 5.51237194]","[0.11329222 0.11540112 0.12311195 0.11291161 0.13965805 0.13702701
 0.14847821 0.1474421  0.12992567 0.12780807 0.13195885 0.13443743]"
8,0.0,6,0.1,0.1,"[-30.0, -20.0, 0.0]","[0.6, 0.6, 1.0]","[6.15734472 5.98361998 5.79351522 5.98361998 5.64929562 5.62929801
 5.26780077 5.25767234 5.66741607 5.56445946 5.25013113 5.31895137]","[0.12113741 0.11166301 0.10876774 0.11063799 0.17335543 0.14936609
 0.14841788 0.16029148 0.15513943 0.14162    0.1381874  0.14623298]"
8,0.0,6,0.1,0.1,"[-30.0, -20.0, 0.0]","[1.0, 1.0, 1.0]","[6.15734472 5.98361998 5.79351522 5.98361998 5.64929562 5.62929801
 5.26780077 5.25767234 5.66741607 5.56445946 5.25013113 5.31895137]","[0.12113741 0.11166301 0.10876774 0.11063799 0.17335543 0.14936609
 0.14841788 0.16029148 0.15513943 0.14162    0.1381874  0.14623298]"
8,0.0,6,0.1,0.1,"[-30.0, 0.0, 0.0]","[0.6, 0.6, 1.0]","[6.15734472 5.98361998 5.79351522 5.98361998 5.64929562 5.62929801
 5.26780077 5.25767234 5.46267578 5.35149882 5.07878724 5.17576602]","[0.12113741 0.11166301 0.10876774 0.11063799 0.14452068 0.13443623
 0.13520818 0.14280349 0.14797642 0.14215085 0.14140181 0.1445949 ]"
8,0.0,6,0.1,0.1,"[-30.0, 0.0, 0.0]","[1.0, 1.0, 1.0]","[6.15734472 5.98361998 5.79351522 5.98361998 5.64929562 5.62929801
 5.26780077 5.25767234 5.46267578 5.35149882 5.07878724 5.17576602]","[0.12113741 0.11166301 0.10876774 0.11063799 0.14452068 0.13443623
 0.13520818 0.14280349 0.14797642 0.14215085 0.14140181 0.1445949 ]"
8,0.0,6,0.1,0.1,"[-30.0, 20.0, 0.0]","[0.6, 0.6, 1.0]","[6.15734472 5.98361998 5.79351522 5.98361998 5.64929562 5.62929801
 5.26780077 5.25767234 5.43638405 5.25433855 5.1311292  5.31393724]","[0.12113741 0.11166301 0.10876774 0.11063799 0.13456003 0.13387065
 0.14115682 0.1411464  0.14173852 0.14473588 0.14431707 0.13983601]"
8,0.0,6,0.1,0.1,"[-30.0, 20.0, 0.0]","[1.0, 1.0, 1.0]","[6.15734472 5.98361998 5.79351522 5.98361998 5.64929562 5.62929801
 5.26780077 5.25767234 5.43638405 5.25433855 5.1311292  5.31393724]","[0.12113741 0.11166301 0.10876774 0.11063799 0.13456003 0.13387065
 0.14115682 0.1411464  0.14173852 0.14473588 0.14431707 0.13983601]"
8,0.0,6,0.1,0.1,"[0.0, -20.0, 0.0]","[0.6, 0.6, 1.0]","[6.15734472 5.98361998 5.79351522 5.98361998 5.25413812 5.10965542
 4.95029197 5.10396965 5.48606307 5.38314204 5.10716139 5.19430459]","[0.10054274 0.10101483 0.10133917 0.10037304 0.16367488 0.15276804
 0.14678683 0.1508188  0.14833786 0.14185068 0.14088477 0.14474734]"
8,0.0,6,0.1,0.1,"[0.0, -20.0, 0.0]","[1.0, 1.0, 1.0]","[6.15734472 5.98361998 5.79351522 5.98361998 5.25413812 5.10965542
 4.95029197 5.10396965 5.48606307 5.38314204 5.10716139 5.19430459]","[0.10054274 0.10101483 0.10133917 0.10037304 0.16367488 0.15276804
 0.14678683 0.1508188  0.14833786 0.14185068 0.14088477 0.14474734]"
8,0.0,6,0.1,0.1,"[0.0, 0.0, 0.0]","[0.6, 0.6, 1.0]","[6.15734472 5.98361998 5.79351522 5.98361998 5.25413812 5.10965542
 4.95029197 5.10396965 5.32674055 5.17930078 5.02281793 5.17644253]","[0.10054274 0.10101483 0.10133917 0.10037304 0.14426129 0.14533124
 0.14601477 0.14375472 0.14452339 0.14607548 0.14684393 0.14368202]"
8,0.0,6,0.1,0.1,"[0.0, 0.0, 0.0]","[1.0, 1.0, 1.0]","[6.15734472 5.98361998 5.79351522 5.98361998 5.25413812 5.10965542
 4.95029197 5.10396965 5.32674055 5.17930078 5.02281793 5.17644253]","[0.10054274 0.10101483 0.10133917 0.10037304 0.14426129 0.14533124
 0.14601477 0.14375472 0.14452339 0.14607548 0.14684393 0.14368202]"
8,0.0,6,0.1,0.1,"[0.0, 20.0, 0.0]","[0.6, 0.6, 1.0]","[6.15734472 5.98361998 5.79351522 5.98361998 5.25413812 5.10965542
 4.95029197 5.10396965 5.45277077 5.23035952 5.17940743 5.39135775]","[0.10054274 0.10101483 0.10133917 0.10037304 0.15123784 0.15772167
 0.16790672 0.1542667  0.14113938 0.14916757 0.15112822 0.14109013]"
8,0.0,6,0.1,0.1,"[0.0, 20.0, 0.0]","[1.0, 1.0, 1.0]","[6.15734472 5.98361998 5.79351522 5.98361998 5.25413812 5.10965542
 4.95029197 5.10396965 5.45277077 5.23035952 5.17940743 5.39135775]","[0.10054274 0.10101483 0.10133917 0.10037304 0.15123784 0.15772167
 0.16790672 0.1542667  0.14113938 0.14916757 0.15112822 0.14109013]"
8,0.0,6,0.1,0.1,"[30.0, -20.0, 0.0]","[0.6, 0.6, 1.0]","[6.15734472 5.98361998 5.79351522 5.98361998 5.62647805 5.28982332
 5.31985868 5.63043176 5.44072409 5.31550748 5.11153482 5.24009958]","[0.11329222 0.11540112 0.12311195 0.11291161 0.13753192 0.14158134
 0.13443909 0.13049585 0.14202818 0.14262227 0.14364613 0.14155721]"
8,0.0,6,0.1,0.1,"[30.0, -20.0, 0.0]","[1.0, 1.0, 1.0]","[6.15734472 5.98361998 5.79351522 5.98361998 5.62647805 5.28982332
 5.31985868 5.63043176 5.44072409 5.31550748 5.11153482 5.24009958]","[0.11329222 0.11540112 0.12311195 0.11291161 0.13753192 0.14158134
 0.13443909 0.13049585 0.14202818 0.14262227 0.14364613 0.14155721]"
8,0.0,6,0.1,0.1,"[30.0, 0.0, 0.0]","[0.6, 0.6, 1.0]","[6.15734472 5.98361998 5.79351522 5.98361998 5.62647805 5.28982332
 5.31985868 5.63043176 5.42398564 5.208184   5.15460061 5.36388729]","[0.11329222 0.11540112 0.12311195 0.11291161 0.13711984 0.14698504
 0.14651951 0.13465845 0.14117785 0.1489509  0.15062774 0.14095169]"
8,0.0,6,0.1,0.1,"[30.0, 0.0, 0.0]","[1.0, 1.0, 1.0]","[6.15734472 5.98361998 5.79351522 5.98361998 5.62647805 5.28982332
 5.31985868 5.63043176 5.42398564 5.208184   5.15460061 5.36388729]","[0.11329222 0.11540112 0.12311195 0.11291161 0.13711984 0.14698504
 0.14651951 0.13465845 0.14117785 0.1489509  0.15062774 0.14095169]"
8,0.0,6,0.1,0.1,"[30.0, 20.0, 0.0]","[0.6, 0.6, 1.0]","[6.15734472 5.98361998 5.79351522 5.98361998 5.62647805 5.28982332
 5.31985868 5.63043176 5.63104679 5.36960928 5.33955916 5.57402054]","[0.11329222 0.11540112 0.12311195 0.11291161 0.15833082 0.16968074
 0.17459785 0.1512681  0.14239997 0.15283055 0.15688095 0.14193726]"
8,0.0,6,0.1,0.1,"[30.0, 20.0, 0.0]","[1.0, 1.0, 1.0]","[6.15734472 5.98361998 5.79351522 5.98361998 5.62647805 5.28982332
 5.31985868 5.63043176 5.63104679 5.36960928 5.33955916 5.57402054]","[0.11329222 0.11540112 0.12311195 0.11291161 0.15833082 0.16968074
 0.17459785 0.1512681  0.14239997 0.15283055 0.15688095 0.14193726]"
8,8.0,6,0.1,0.1,"[-30.0, -20.0, 0.0]","[0.6, 0.6, 1.0]","[6.15734472 5.98361998 5.79351522 5.98361998 5.7982431  5.41858446
 5.44699626 5.80161876 5.84694328 5.51355548 5.49769659 5.81994444]","[0.12113741 0.11166301 0.10876774 0.11063799 0.14505417 0.14482417
 0.13529133 0.13222855 0.13025224 0.13421353 0.12992953 0.12628299]"
8,8.0,6,0.1,0.1,"[-30.0, -20.0, 0.0]","[1.0, 1.0, 1.0]","[6.15734472 5.98361998 5.79351522 5.98361998 5.7982431  5.41858446
 5.44699626 5.80161876 5.84694328 5.51355548 5.49769659 5.81994444]","[0.12113741 0.11166301 0.10876774 0.11063799 0.14505417 0.14482417
 0.13529133 0.13222855 0.13025224 0.13421353 0.12992953 0.12628299]"
8,8.0,6,0.1,0.1,"[-30.0, 0.0, 0.0]","[0.6, 0.6, 1.0]","[6.15734472 5.98361998 5.79351522 5.98361998 5.7982431  5.41858446
 5.44699626 5.80161876 5.96395096 5.65987611 5.61313109 5.90488051]","[0.12113741 0.11166301 0.10876774 0.11063799 0.13076513 0.13591411
 0.13047548 0.12601819 0.1271252  0.13062079 0.12774682 0.12450733]"
8,8.0,6,0.1,0.1,"[-30.0, 0.0, 0.0]","[1.0, 1.0, 1.0]","[6.15734472 5.98361998 5.79351522 5.98361998 5.7982431  5.41858446
 5.44699626 5.80161876 5.96395096 5.65987611 5.61313109 5.90488051]","[0.12113741 0.11166301 0.10876774 0.11063799 0.13076513 0.13591411
 0.13047548 0.12601819 0.1271252  0.13062079 0.12774682 0.12450733]"
8,8.0,6,0.1,0.1,"[-30.0, 20.0, 0.0]","[0.6, 0.6, 1.0]","[6.15734472 5.98361998 5.79351522 5.98361998 5.7982431  5.41858446
 5.44699626 5.80161876 6.06212354 5.82341483 5.7040122  5.94658284]","[0.12113741 0.11166301 0.10876774 0.11063799 0.13573111 0.14318996
 0.14257653 0.13160142 0.11265993 0.11506554 0.11439634 0.11178495]"
8,8.0,6,0.1,0.1,"[-30.0, 20.0, 0.0]","[1.0, 1.0, 1.0]","[6.15734472 5.98361998 5.79351522 5.98361998 5.7982431  5.41858446
 5.44699626 5.80161876 6.06212354 5.82341483 5.7040122  5.94658284]","[0.12113741 0.11166301 0.10876774 0.11063799 0.13573111 0.14318996
 0.14257653 0.13160142 0.11265993 0.11506554 0.11439634 0.11178495]"
8,8.0,6,0.1,0.1,"[0.0, -20.0, 0.0]","[0.6, 0.6, 1.0]","[6.15734472 5.98361998 5.79351522 5.98361998 6.00781531 5.69976885
 5.65203603 5.93966804 5.85509659 5.50040286 5.50836113 5.8435483 ]","[0.10054274 0.10101483 0.10133917 0.10037304 0.12550474 0.12252746
 0.11676187 0.11624488 0.12945589 0.13401663 0.12948682 0.12539298]"
8,8.0,6,0.1,0.1,"[0.0, -20.0, 0.0]","[1.0, 1.0, 1.0]","[6.15734472 5.98361998 5.79351522 5.98361998 6.00781531 5.69976885
 5.65203603 5.93966804 5.85509659 5.50040286 5.50836113 5.8435483 ]","[0.10054274 0.10101483 0.10133917 0.10037304 0.12550474 0.12252746
 0.11676187 0.11624488 0.12945589 0.13401663 0.12948682 0.12539298]"
8,8.0,6,0.1,0.1,"[0.0, 0.0, 0.0]","[0.6, 0.6, 1.0]","[6.15734472 5.98361998 5.79351522 5.98361998 6.00781531 5.69976885
 5.65203603 5.93966804 5.9997987  5.69746604 5.64441386 5.93059528]","[0.10054274 0.10101483 0.10133917 0.10037304 0.11353087 0.11691066
 0.11460406 0.11148185 0.12142388 0.12488516 0.12252665 0.11930572]"
8,8.0,6,0.1,0.1,"[0.0, 0.0, 0.0]","[1.0, 1.0, 1.0]","[6.15734472 5.98361998 5.79351522 5.98361998 6.00781531 5.69976885
 5.65203603 5.93966804 5.9997987  5.69746604 5.64441386 5.93059528]","[0.10054274 0.10101483 0.10133917 0.10037304 0.11353087 0.11691066
 0.11460406 0.11148185 0.12142388 0.12488516 0.12252665 0.11930572]"
8,8.0,6,0.1,0.1,"[0.0, 20.0, 0.0]","[0.6, 0.6, 1.0]","[6.15734472 5.98361998 5.79351522 5.98361998 6.00781531 5.69976885
 5.65203603 5.93966804 6.09982153 5.86906905 5.73402809 5.96831194]","[0.10054274 0.10101483 0.10133917 0.10037304 0.12014361 0.12627238
 0.12863787 0.11854421 0.1059864  0.10840082 0.10834697 0.10565126]"
8,8.0,6,0.1,0.1,"[0.0, 20.0, 0.0]","[1.0, 1.0, 1.0]","[6.15734472 5.98361998 5.79351522 5.98361998 6.00781531 5.69976885
 5.65203603 5.93966804 6.09982153 5.86906905 5.73402809 5.96831194]","[0.10054274 0.10101483 0.10133917 0.10037304 0.12014361 0.12627238
 0.12863787 0.11854421 0.1059864  0.10840082 0.10834697 0.10565126]"
8,8.0,6,0.1,0.1,"[30.0, -20.0, 0.0]","[0.6, 0.6, 1.0]","[6.15734472 5.98361998 5.79351522 5.98361998 6.13358931 5.93226393
 5.76709025 5.9796515  5.8683587  5.5000811  5.52468208 5.86658551]","[0.11329222 0.11540112 0.12311195 0.11291161 0.11186966 0.10647091
 0.10416067 0.10547777 0.12877415 0.13379262 0.12910681 0.12469919]"
8,8.0,6,0.1,0.1,"[30.0, -20.0, 0.0]","[1.0, 1.0, 1.0]","[6.15734472 5.98361998 5.79351522 5.98361998 6.13358931 5.93226393
 5.76709025 5.9796515  5.8683587  5.5000811  5.52468208 5.86658551]","[0.11329222 0.11540112 0.12311195 0.11291161 0.11186966 0.10647091
 0.10416067 0.10547777 0.12877415 0.13379262 0.12910681 0.12469919]"
8,8.0,6,0.1,0.1,"[30.0, 0.0, 0.0]","[0.6, 0.6, 1.0]","[6.15734472 5.98361998 5.79351522 5.98361998 6.13358931 5.93226393
 5.76709025 5.9796515  6.02841418 5.73443858 5.66962701 5.9468993 ]","[0.11329222 0.11540112 0.12311195 0.11291161 0.10180264 0.10385562
 0.10445332 0.10197407 0.11302894 0.11636809 0.11464491 0.11145757]"
8,8.0,6,0.1,0.1,"[30.0, 0.0, 0.0]","[1.0, 1.0, 1.0]","[6.15734472 5.98361998 5.79351522 5.98361998 6.13358931 5.93226393
 5.76709025 5.9796515  6.02841418 5.73443858 5.66962701 5.9468993 ]","[0.11329222 0.11540112 0.12311195 0.11291161 0.10180264 0.10385562
 0.10445332 0.10197407 0.11302894 0.11636809 0.11464491 0.11145757]"
8,8.0,6,0.1,0.1,"[30.0, 20.0, 0.0]","[0.6, 0.6, 1.0]","[6.15734472 5.98361998 5.79351522 5.98361998 6.13358931 5.93226393
 5.76709025 5.9796515  6.11614026 5.89499809 5.74823648 5.97499095]","[0.11329222 0.11540112 0.12311195 0.11291161 0.11056827 0.11545548
 0.12086477 0.11089358 0.10356746 0.10606533 0.10641914 0.10358233]"
8,8.0,6,0.1,0.1,"[30.0, 20.0, 0.0]","[1.0, 1.0, 1.0]","[6.15734472 5.98361998 5.79351522 5.98361998 6.13358931 5.93226393
 5.76709025 5.9796515  6.11614026 5.89499809 5.74823648 5.97499095]","[0.11329222 0.11540112 0.12311195 0.11291161 0.11056827 0.11545548
 0.12086477 0.11089358 0.10356746 0.10606533 0.10641914 0.10358233]"
4,-8.0,6,0.1,0.2,"[-30.0, -20.0, 0.0]","[0.6, 0.6, 1.0]","[6.31881567 5.97098403 5.59413643 5.97098403 6.10993228 5.95169149
 5.42212976 5.5135273  6.00658931 5.91994619 5.3252952  5.32855253]","[0.12105621 0.11163765 0.10894577 0.11089558 0.14078866 0.12446113
 0.12722525 0.14277979 0.13680318 0.12888071 0.13420806 0.14508025]"
4,-8.0,6,0.1,0.2,"[-30.0, -20.0, 0.0]","[1.0, 1.0, 1.0]","[6.31881567 5.97098403 5.59413643 5.97098403 6.10993228 5.95169149
 5.42212976 5.5135273  6.00658931 5.91994619 5.3252952  5.32855253]","[0.12105621 0.11163765 0.10894577 0.11089558 0.14078866 0.12446113
 0.12722525 0.14277979 0.13680318 0.12888071 0.13420806 0.14508025]"
4,-8.0,6,0.1,0.2,"[-30.0, 0.0, 0.0]","[0.6, 0.6, 1.0]","[6.31881567 5.97098403 5.59413643 5.97098403 6.10993228 5.95169149
 5.42212976 5.5135273  5.6507476  5.78399392 4.99621152 4.70935871]","[0.12105621 0.11163765 0.10894577 0.11089558 0.1230046  0.11699527
 0.1202346  0.12836951 0.15087142 0.13837737 0.1515164  0.17011691]"
4,-8.0,6,0.1,0.2,"[-30.0, 0.0, 0.0]","[1.0, 1.0, 1.0]","[6.31881567 5.97098403 5.59413643 5.97098403 6.10993228 5.95169149
 5.42212976 5.5135273  5.6507476  5.78399392 4.99621152 4.70935871]","[0.12105621 0.11163765 0.10894577 0.11089558 0.1230046  0.11699527
 0.1202346  0.12836951 0.15087142 0.13837737 0.1515164  0.17011691]"
4,-8.0,6,0.1,0.2,"[-30.0, 20.0, 0.0]","[0.6, 0.6, 1.0]","[6.31881567 5.97098403 5.59413643 5.97098403 6.10993228 5.95169149
 5.42212976 5.5135273  5.28284271 5.54152844 4.71131398 4.31817346]","[0.12105621 0.11163765 0.10894577 0.11089558 0.12291205 0.12243946
 0.13006518 0.12827748 0.16239062 0.14512947 0.1643185  0.18947502]"
4,-8.0,6,0.1,0.2,"[-30.0, 20.0, 0.0]","[1.0, 1.0, 1.0]","[6.31881567 5.97098403 5.59413643 5.97098403 6.10993228 5.95169149
 5.42212976 5.5135273  5.28284271 5.54152844 4.71131398 4.31817346]","[0.12105621 0.11163765 0.10894577 0.11089558 0.12291205 0.12243946
 0.13006518 0.12827748 0.16239062 0.14512947 0.1643185  0.18947502]"
4,-8.0,6,0.1,0.2,"[0.0, -20.0, 0.0]","[0.6, 0.6, 1.0]","[6.31881567 5.97098403 5.59413643 5.97098403 5.4797314  5.73975469
 4.85283541 4.38185248 5.89035867 5.86666549 5.21363101 5.14666132]","[0.10051517 0.10103464 0.10143532 0.10038973 0.17146702 0.14374056
 0.15869588 0.19321578 0.14677197 0.13760646 0.14547885 0.15802101]"
4,-8.0,6,0.1,0.2,"[0.0, -20.0, 0.0]","[1.0, 1.0, 1.0]","[6.31881567 5.97098403 5.59413643 5.97098403 5.4797314  5.73975469
 4.85283541 4.38185248 5.89035867 5.86666549 5.21363101 5.14666132]","[0.10051517 0.10103464 0.10143532 0.10038973 0.17146702 0.14374056
 0.15869588 0.19321578 0.14677197 0.13760646 0.14547885 0.15802101]"
4,-8.0,6,0.1,0.2,"[0.0, 0.0, 0.0]","[0.6, 0.6, 1.0]","[6.31881567 5.97098403 5.59413643 5.97098403 5.4797314  5.73975469
 4.85283541 4.38185248 5.50894803 5.67108139 4.88068651 4.59629576]","[0.10051517 0.10103464 0.10143532 0.10038973 0.15523042 0.13897058
 0.15679677 0.1825613  0.15583751 0.14261206 0.15746723 0.17622198]"
4,-8.0,6,0.1,0.2,"[0.0, 0.0, 0.0]","[1.0, 1.0, 1.0]","[6.31881567 5.97098403 5.59413643 5.97098403 5.4797314  5.73975469
 4.85283541 4.38185248 5.50894803 5.67108139 4.88068651 4.59629576]","[0.10051517 0.10103464 0.10143532 0.10038973 0.15523042 0.13897058
 0.15679677 0.1825613  0.15583751 0.14261206 0.15746723 0.17622198]"
4,-8.0,6,0.1,0.2,"[0.0, 20.0, 0.0]","[0.6, 0.6, 1.0]","[6.31881567 5.97098403 5.59413643 5.97098403 5.4797314  5.73975469
 4.85283541 4.38185248 5.25062903 5.41292755 4.70932862 4.49038624]","[0.10051517 0.10103464 0.10143532 0.10038973 0.16291311 0.14726816
 0.17629345 0.19861396 0.16474228 0.1504547  0.16680072 0.1855166 ]"
4,-8.0,6,0.1,0.2,"[0.0, 20.0, 0.0]","[1.0, 1.0, 1.0]","[6.31881567 5.97098403 5.59413643 5.97098403 5.4797314  5.73975469
 4.85283541 4.38185248 5.25062903 5.41292755 4.70932862 4.49038624]","[0.10051517 0.10103464 0.10143532 0.10038973 0.16291311 0.14726816
 0.17629345 0.19861396 0.16474228 0.1504547  0.16680072 0.1855166 ]"
4,-8.0,6,0.1,0.2,"[30.0, -20.0, 0.0]","[0.6, 0.6, 1.0]","[6.31881567 5.97098403 5.59413643 5.97098403 5.077789   5.32001293
 4.57099147 4.24161249 5.69646597 5.74320708 5.04602941 4.89110506]","[0.11347541 0.11610047 0.12428439 0.11335466 0.18165999 0.15382359
 0.16550315 0.19354747 0.15188202 0.1411496  0.15141728 0.16639103]"
4,-8.0,6,0.1,0.2,"[30.0, -20.0, 0.0]","[1.0, 1.0, 1.0]","[6.31881567 5.97098403 5.59413643 5.97098403 5.077789   5.32001293
 4.57099147 4.24161249 5.69646597 5.74320708 5.04602941 4.89110506]","[0.11347541 0.11610047 0.12428439 0.11335466 0.18165999 0.15382359
 0.16550315 0.19354747 0.15188202 0.1411496  0.15141728 0.16639103]"
4,-8.0,6,0.1,0.2,"[30.0, 0.0, 0.0]","[0.6, 0.6, 1.0]","[6.31881567 5.97098403 5.59413643 5.97098403 5.077789   5.32001293
 4.57099147 4.24161249 5.32627917 5.53294213 4.73752311 4.43780423]","[0.11347541 0.11610047 0.12428439 0.11335466 0.16978902 0.15143336
 0.1719383  0.19789809 0.16187528 0.14700982 0.164081   0.18421562]"
4,-8.0,6,0.1,0.2,"[30.0, 0.0, 0.0]","[1.0, 1.0, 1.0]","[6.31881567 5.97098403 5.59413643 5.97098403 5.077789   5.32001293
 4.57099147 4.24161249 5.32627917 5.53294213 4.73752311 4.43780423]","[0.11347541 0.11610047 0.12428439 0.11335466 0.16978902 0.15143336
 0.1719383  0.19789809 0.16187528 0.14700982 0.164081   0.18421562]"
4,-8.0,6,0.1,0.2,"[30.0, 20.0, 0.0]","[0.6, 0.6, 1.0]","[6.31881567 5.97098403 5.59413643 5.97098403 5.077789   5.32001293
 4.57099147 4.24161249 5.17992848 5.28182737 4.65724953 4.54283801]","[0.11347541 0.11610047 0.12428439 0.11335466 0.19028901 0.1657441
 0.20267246 0.23182457 0.16851674 0.15548898 0.17087806 0.18675818]"
4,-8.0,6,0.1,0.2,"[30.0, 20.0, 0.0]","[1.0, 1.0, 1.0]","[6.31881567 5.97098403 5.59413643 5.97098403 5.077789   5.32001293
 4.57099147 4.24161249 5.17992848 5.28182737 4.65724953 4.54283801]","[0.11347541 0.11610047 0.12428439 0.11335466 0.19028901 0.1657441
 0.20267246 0.23182457 0.16851674 0.15548898 0.17087806 0.18675818]"
4,0.0,6,0.1,0.2,"[-30.0, -20.0, 0.0]","[0.6, 0.6, 1.0]","[6.31881567 5.97098403 5.59413643 5.97098403 5.20366189 5.39244055
 4.53123574 4.24269255 5.24353504 5.22691522 4.50830354 4.45364836]","[0.12105621 0.11163765 0.10894577 0.11089558 0.21421251 0.16739588
 0.18559299 0.22542581 0.18837055 0.16366098 0.17143576 0.19291499]"
4,0.0,6,0.1,0.2,"[-30.0, -20.0, 0.0]","[1.0, 1.0, 1.0]","[6.31881567 5.97098403 5.59413643 5.97098403 5.20366189 5.39244055
 4.53123574 4.24269255 5.24353504 5.22691522 4.50830354 4.45364836]","[0.12105621 0.11163765 0.10894577 0.11089558 0.21421251 0.16739588
 0.18559299 0.22542581 0.18837055 0.16366098 0.17143576 0.19291499]"
4,0.0,6,0.1,0.2,"[-30.0, 0.0, 0.0]","[0.6, 0.6, 1.0]","[6.31881567 5.97098403 5.59413643 5.97098403 5.20366189 5.39244055
 4.53123574 4.24269255 4.84108801 4.77024813 4.18774948 4.2180743 ]","[0.12105621 0.11163765 0.10894577 0.11089558 0.17632393 0.15145794
 0.16632902 0.19371448 0.18807245 0.17377116 0.18157181 0.19463769]"
4,0.0,6,0.1,0.2,"[-30.0, 0.0, 0.0]","[1.0, 1.0, 1.0]","[6.31881567 5.97098403 5.59413643 5.97098403 5.20366189 5.39244055
 4.53123574 4.24269255 4.84108801 4.77024813 4.18774948 4.2180743 ]","[0.12105621 0.11163765 0.10894577 0.11089558 0.17632393 0.15145794
 0.16632902 0.19371448 0.18807245 0.17377116 0.18157181 0.19463769]"
4,0.0,6,0.1,0.2,"[-30.0, 20.0, 0.0]","[0.6, 0.6, 1.0]","[6.31881567 5.97098403 5.59413643 5.97098403 5.20366189 5.39244055
 4.53123574 4.24269255 4.80442521 4.47589308 4.27486544 4.59334908]","[0.12105621 0.11163765 0.10894577 0.11089558 0.16385325 0.15109014
 0.17432318 0.19103379 0.18015122 0.18578739 0.18349796 0.17691545]"
4,0.0,6,0.1,0.2,"[-30.0, 20.0, 0.0]","[1.0, 1.0, 1.0]","[6.31881567 5.97098403 5.59413643 5.97098403 5.20366189 5.39244055
 4.53123574 4.24269255 4.80442521 4.47589308 4.27486544 4.59334908]","[0.12105621 0.11163765 0.10894577 0.11089558 0.16385325 0.15109014
 0.17432318 0.19103379 0.18015122 0.18578739 0.18349796 0.17691545]"
4,0.0,6,0.1,0.2,"[0.0, -20.0, 0.0]","[0.6, 0.6, 1.0]","[6.31881567 5.97098403 5.59413643 5.97098403 4.46237388 4.22199692
 3.96151701 4.21337045 4.82344355 4.72710233 4.17922931 4.22488082]","[0.10051517 0.10103464 0.10143532 0.10038973 0.22194167 0.20352883
 0.19522884 0.20169095 0.19034112 0.17630635 0.18240496 0.19559993]"
4,0.0,6,0.1,0.2,"[0.0, -20.0, 0.0]","[1.0, 1.0, 1.0]","[6.31881567 5.97098403 5.59413643 5.97098403 4.46237388 4.22199692
 3.96151701 4.21337045 4.82344355 4.72710233 4.17922931 4.22488082]","[0.10051517 0.10103464 0.10143532 0.10038973 0.22194167 0.20352883
 0.19522884 0.20169095 0.19034112 0.17630635 0.18240496 0.19559993]"
4,0.0,6,0.1,0.2,"[0.0, 0.0, 0.0]","[0.6, 0.6, 1.0]","[6.31881567 5.97098403 5.59413643 5.97098403 4.46237388 4.22199692
 3.96151701 4.21337045 4.52828442 4.27894612 4.02857752 4.2831929 ]","[0.10051517 0.10103464 0.10143532 0.10038973 0.18978342 0.19118054
 0.19229207 0.18921063 0.19113988 0.19329857 0.19400657 0.19005089]"
4,0.0,6,0.1,0.2,"[0.0, 0.0, 0.0]","[1.0, 1.0, 1.0]","[6.31881567 5.97098403 5.59413643 5.97098403 4.46237388 4.22199692
 3.96151701 4.21337045 4.52828442 4.27894612 4.02857752 4.2831929 ]","[0.10051517 0.10103464 0.10143532 0.10038973 0.18978342 0.19118054
 0.19229207 0.18921063 0.19113988 0.19329857 0.19400657 0.19005089]"
4,0.0,6,0.1,0.2,"[0.0, 20.0, 0.0]","[0.6, 0.6, 1.0]","[6.31881567 5.97098403 5.59413643 5.97098403 4.46237388 4.22199692
 3.96151701 4.21337045 4.7683963  4.28936276 4.30328031 4.74347307]","[0.10051517 0.10103464 0.10143532 0.10038973 0.20312462 0.21219376
 0.22948951 0.20718369 0.18265972 0.20071286 0.19425149 0.17583809]"
4,0.0,6,0.1,0.2,"[0.0, 20.0, 0.0]","[1.0, 1.0, 1.0]","[6.31881567 5.97098403 5.59413643 5.97098403 4.46237388 4.22199692
 3.96151701 4.21337045 4.7683963  4.28936276 4.30328031 4.74347307]","[0.10051517 0.10103464 0.10143532 0.10038973 0.20312462 0.21219376
 0.22948951 0.20718369 0.18265972 0.20071286 0.19425149 0.17583809]"
4,0.0,6,0.1,0.2,"[30.0, -20.0, 0.0]","[0.6, 0.6, 1.0]","[6.31881567 5.97098403 5.59413643 5.97098403 5.1692264  4.30808501
 4.61898121 5.39265268 4.81366329 4.59302613 4.2494055  4.4689787 ]","[0.11347541 0.11610047 0.12428439 0.11335466 0.16875389 0.18956721
 0.16359773 0.14777038 0.18049979 0.18021673 0.1827808  0.1815779 ]"
4,0.0,6,0.1,0.2,"[30.0, -20.0, 0.0]","[1.0, 1.0, 1.0]","[6.31881567 5.97098403 5.59413643 5.97098403 5.1692264  4.30808501
 4.61898121 5.39265268 4.81366329 4.59302613 4.2494055  4.4689787 ]","[0.11347541 0.11610047 0.12428439 0.11335466 0.16875389 0.18956721
 0.16359773 0.14777038 0.18049979 0.18021673 0.1827808  0.1815779 ]"
4,0.0,6,0.1,0.2,"[30.0, 0.0, 0.0]","[0.6, 0.6, 1.0]","[6.31881567 5.97098403 5.59413643 5.97098403 5.1692264  4.30808501
 4.61898121 5.39265268 4.78408843 4.28059802 4.31935983 4.80202316]","[0.11347541 0.11610047 0.12428439 0.11335466 0.16860178 0.19934835
 0.17987855 0.15221085 0.18088803 0.19982578 0.19198799 0.17230522]"
4,0.0,6,0.1,0.2,"[30.0, 0.0, 0.0]","[1.0, 1.0, 1.0]","[6.31881567 5.97098403 5.59413643 5.97098403 5.1692264  4.30808501
 4.61898121 5.39265268 4.78408843 4.28059802 4.31935983 4.80202316]","[0.11347541 0.11610047 0.12428439 0.11335466 0.16860178 0.19934835
 0.17987855 0.15221085 0.18088803 0.19982578 0.19198799 0.17230522]"
4,0.0,6,0.1,0.2,"[30.0, 20.0, 0.0]","[0.6, 0.6, 1.0]","[6.31881567 5.97098403 5.59413643 5.97098403 5.1692264  4.30808501
 4.61898121 5.39265268 5.19314476 4.56030679 4.66395038 5.2457989 ]","[0.11347541 0.11610047 0.12428439 0.11335466 0.19841613 0.23904537
 0.21811686 0.17032903 0.17550076 0.20002453 0.1922213  0.1645955 ]"
4,0.0,6,0.1,0.2,"[30.0, 20.0, 0.0]","[1.0, 1.0, 1.0]","[6.31881567 5.97098403 5.59413643 5.97098403 5.1692264  4.30808501
 4.61898121 5.39265268 5.19314476 4.56030679 4.66395038 5.2457989 ]","[0.11347541 0.11610047 0.12428439 0.11335466 0.19841613 0.23904537
 0.21811686 0.17032903 0.17550076 0.20002453 0.1922213  0.1645955 ]"
4,8.0,6,0.1,0.2,"[-30.0, -20.0, 0.0]","[0.6, 0.6, 1.0]","[6.31881567 5.97098403 5.59413643 5.97098403 5.13833562 4.22199723
 4.48806478 5.31806311 5.24481388 4.49568591 4.56795708 5.29581365]","[0.12105621 0.11163765 0.10894577 0.11089558 0.19748306 0.22384636
 0.18085627 0.15908172 0.16813956 0.18474217 0.16621649 0.15241662]"
4,8.0,6,0.1,0.2,"[-30.0, -20.0, 0.0]","[1.0, 1.0, 1.0]","[6.31881567 5.97098403 5.59413643 5.97098403 5.13833562 4.22199723
 4.48806478 5.31806311 5.24481388 4.49568591 4.56795708 5.29581365]","[0.12105621 0.11163765 0.10894577 0.11089558 0.19748306 0.22384636
 0.18085627 0.15908172 0.16813956 0.18474217 0.16621649 0.15241662]"
4,8.0,6,0.1,0.2,"[-30.0, 0.0, 0.0]","[0.6, 0.6, 1.0]","[6.31881567 5.97098403 5.59413643 5.97098403 5.13833562 4.22199723
 4.48806478 5.31806311 5.36481025 4.43499513 4.72536006 5.55323838]","[0.12105621 0.11163765 0.10894577 0.11089558 0.17030692 0.19494794
 0.16705034 0.14933036 0.16108905 0.18367014 0.16223666 0.14515951]"
4,8.0,6,0.1,0.2,"[-30.0, 0.0, 0.0]","[1.0, 1.0, 1.0]","[6.31881567 5.97098403 5.59413643 5.97098403 5.13833562 4.22199723
 4.48806478 5.31806311 5.36481025 4.43499513 4.72536006 5.55323838]","[0.12105621 0.11163765 0.10894577 0.11089558 0.17030692 0.19494794
 0.16705034 0.14933036 0.16108905 0.18367014 0.16223666 0.14515951]"
4,8.0,6,0.1,0.2,"[-30.0, 20.0, 0.0]","[0.6, 0.6, 1.0]","[6.31881567 5.97098403 5.59413643 5.97098403 5.13833562 4.22199723
 4.48806478 5.31806311 5.71861199 4.91810398 5.05183863 5.75071977]","[0.12105621 0.11163765 0.10894577 0.11089558 0.17295492 0.19871707
 0.18156545 0.15468483 0.14978172 0.16746042 0.15385955 0.14049524]"
4,8.0,6,0.1,0.2,"[-30.0, 20.0, 0.0]","[1.0, 1.0, 1.0]","[6.31881567 5.97098403 5.59413643 5.97098403 5.13833562 4.22199723
 4.48806478 5.31806311 5.71861199 4.91810398 5.05183863 5.75071977]","[0.12105621 0.11163765 0.10894577 0.11089558 0.17295492 0.19871707
 0.18156545 0.15468483 0.14978172 0.16746042 0.15385955 0.14049524]"
4,8.0,6,0.1,0.2,"[0.0, -20.0, 0.0]","[0.6, 0.6, 1.0]","[6.31881567 5.97098403 5.59413643 5.97098403 5.4809976  4.38885402
 4.85417351 5.74077948 5.30870241 4.46844595 4.65873227 5.43225326]","[0.10051517 0.10103464 0.10143532 0.10038973 0.17060976 0.19326484
 0.15913211 0.1429332  0.16436467 0.18357705 0.16288763 0.14800806]"
4,8.0,6,0.1,0.2,"[0.0, -20.0, 0.0]","[1.0, 1.0, 1.0]","[6.31881567 5.97098403 5.59413643 5.97098403 5.4809976  4.38885402
 4.85417351 5.74077948 5.30870241 4.46844595 4.65873227 5.43225326]","[0.10051517 0.10103464 0.10143532 0.10038973 0.17060976 0.19326484
 0.15913211 0.1429332  0.16436467 0.18357705 0.16288763 0.14800806]"
4,8.0,6,0.1,0.2,"[0.0, 0.0, 0.0]","[0.6, 0.6, 1.0]","[6.31881567 5.97098403 5.59413643 5.97098403 5.4809976  4.38885402
 4.85417351 5.74077948 5.53220656 4.62621333 4.90115509 5.68708439]","[0.10051517 0.10103464 0.10143532 0.10038973 0.15511616 0.18291553
 0.15668815 0.13826798 0.15500394 0.17551658 0.15664812 0.14145547]"
4,8.0,6,0.1,0.2,"[0.0, 0.0, 0.0]","[1.0, 1.0, 1.0]","[6.31881567 5.97098403 5.59413643 5.97098403 5.4809976  4.38885402
 4.85417351 5.74077948 5.53220656 4.62621333 4.90115509 5.68708439]","[0.10051517 0.10103464 0.10143532 0.10038973 0.15511616 0.18291553
 0.15668815 0.13826798 0.15500394 0.17551658 0.15664812 0.14145547]"
4,8.0,6,0.1,0.2,"[0.0, 20.0, 0.0]","[0.6, 0.6, 1.0]","[6.31881567 5.97098403 5.59413643 5.97098403 5.4809976  4.38885402
 4.85417351 5.74077948 5.90534347 5.177032   5.22490157 5.87060093]","[0.10051517 0.10103464 0.10143532 0.10038973 0.16386212 0.20119126
 0.17592787 0.14528591 0.14441796 0.15955432 0.14931046 0.13752365]"
4,8.0,6,0.1,0.2,"[0.0, 20.0, 0.0]","[1.0, 1.0, 1.0]","[6.31881567 5.97098403 5.59413643 5.97098403 5.4809976  4.38885402
 4.85417351 5.74077948 5.90534347 5.177032   5.22490157 5.87060093]","[0.10051517 0.10103464 0.10143532 0.10038973 0.16386212 0.20119126
 0.17592787 0.14528591 0.14441796 0.15955432 0.14931046 0.13752365]"
4,8.0,6,0.1,0.2,"[30.0, -20.0, 0.0]","[0.6, 0.6, 1.0]","[6.31881567 5.97098403 5.59413643 5.97098403 6.11862721 5.50910418
 5.40657506 5.95093907 5.32539859 4.33555522 4.71075037 5.56644658]","[0.11347541 0.11610047 0.12428439 0.11335466 0.12647244 0.12784053
 0.12161983 0.11887768 0.16204432 0.18678063 0.16063658 0.14310644]"
4,8.0,6,0.1,0.2,"[30.0, -20.0, 0.0]","[1.0, 1.0, 1.0]","[6.31881567 5.97098403 5.59413643 5.97098403 6.11862721 5.50910418
 5.40657506 5.95093907 5.32539859 4.33555522 4.71075037 5.56644658]","[0.11347541 0.11610047 0.12428439 0.11335466 0.12647244 0.12784053
 0.12161983 0.11887768 0.16204432 0.18678063 0.16063658 0.14310644]"
4,8.0,6,0.1,0.2,"[30.0, 0.0, 0.0]","[0.6, 0.6, 1.0]","[6.31881567 5.97098403 5.59413643 5.97098403 6.11862721 5.50910418
 5.40657506 5.95093907 5.66964011 4.75889858 5.02953145 5.7960627 ]","[0.11347541 0.11610047 0.12428439 0.11335466 0.1200344  0.13128723
 0.12616545 0.11719764 0.14951999 0.16982501 0.15236837 0.13773233]"
4,8.0,6,0.1,0.2,"[30.0, 0.0, 0.0]","[1.0, 1.0, 1.0]","[6.31881567 5.97098403 5.59413643 5.97098403 6.11862721 5.50910418
 5.40657506 5.95093907 5.66964011 4.75889858 5.02953145 5.7960627 ]","[0.11347541 0.11610047 0.12428439 0.11335466 0.1200344  0.13128723
 0.12616545 0.11719764 0.14951999 0.16982501 0.15236837 0.13773233]"
4,8.0,6,0.1,0.2,"[30.0, 20.0, 0.0]","[0.6, 0.6, 1.0]","[6.31881567 5.97098403 5.59413643 5.97098403 6.11862721 5.50910418
 5.40657506 5.95093907 6.02544572 5.3533037  5.32505944 5.92148319]","[0.11347541 0.11610047 0.12428439 0.11335466 0.13190388 0.15022315
 0.14661411 0.12695985 0.12773421 0.14146187 0.13443908 0.1234939 ]"
4,8.0,6,0.1,0.2,"[30.0, 20.0, 0.0]","[1.0, 1.0, 1.0]","[6.31881567 5.97098403 5.59413643 5.97098403 6.11862721 5.50910418
 5.40657506 5.95093907 6.02544572 5.3533037  5.32505944 5.92148319]","[0.11347541 0.11610047 0.12428439 0.11335466 0.13190388 0.15022315
 0.14661411 0.12695985 0.12773421 0.14146187 0.13443908 0.1234939 ]"
6,-8.0,6,0.1,0.2,"[-30.0, -20.0, 0.0]","[0.6, 0.6, 1.0]","[6.31881567 5.97098403 5.59413643 5.97098403 6.25622501 5.96421498
 5.54854268 5.85051393 6.20622805 5.95270763 5.50467052 5.75262921]","[0.12105621 0.11163765 0.10894577 0.11089558 0.12257956 0.11343299
 0.11199357 0.11731677 0.11555664 0.11352208 0.11485936 0.11715877]"
6,-8.0,6,0.1,0.2,"[-30.0, -20.0, 0.0]","[1.0, 1.0, 1.0]","[6.31881567 5.97098403 5.59413643 5.97098403 6.25622501 5.96421498
 5.54854268 5.85051393 6.20622805 5.95270763 5.50467052 5.75262921]","[0.12105621 0.11163765 0.10894577 0.11089558 0.12257956 0.11343299
 0.11199357 0.11731677 0.11555664 0.11352208 0.11485936 0.11715877]"
6,-8.0,6,0.1,0.2,"[-30.0, 0.0, 0.0]","[0.6, 0.6, 1.0]","[6.31881567 5.97098403 5.59413643 5.97098403 6.25622501 5.96421498
 5.54854268 5.85051393 6.0198681  5.88930934 5.32955185 5.40937635]","[0.12105621 0.11163765 0.10894577 0.11089558 0.10798055 0.10666349
 0.10721966 0.10845685 0.13300201 0.12868672 0.13372461 0.13960459]"
6,-8.0,6,0.1,0.2,"[-30.0, 0.0, 0.0]","[1.0, 1.0, 1.0]","[6.31881567 5.97098403 5.59413643 5.97098403 6.25622501 5.96421498
 5.54854268 5.85051393 6.0198681  5.88930934 5.32955185 5.40937635]","[0.12105621 0.11163765 0.10894577 0.11089558 0.10798055 0.10666349
 0.10721966 0.10845685 0.13300201 0.12868672 0.13372461 0.13960459]"
6,-8.0,6,0.1,0.2,"[-30.0, 20.0, 0.0]","[0.6, 0.6, 1.0]","[6.31881567 5.97098403 5.59413643 5.97098403 6.25622501 5.96421498
 5.54854268 5.85051393 5.75499261 5.73845937 5.10957093 5.06879956]","[0.12105621 0.11163765 0.10894577 0.11089558 0.11163234 0.11374697
 0.11924938 0.11272888 0.13930675 0.13246323 0.14079405 0.14987666]"
6,-8.0,6,0.1,0.2,"[-30.0, 20.0, 0.0]","[1.0, 1.0, 1.0]","[6.31881567 5.97098403 5.59413643 5.97098403 6.25622501 5.96421498
 5.54854268 5.85051393 5.75499261 5.73845937 5.10957093 5.06879956]","[0.12105621 0.11163765 0.10894577 0.11089558 0.11163234 0.11374697
 0.11924938 0.11272888 0.13930675 0.13246323 0.14079405 0.14987666]"
6,-8.0,6,0.1,0.2,"[0.0, -20.0, 0.0]","[0.6, 0.6, 1.0]","[6.31881567 5.97098403 5.59413643 5.97098403 5.98498552 5.88025412
 5.29800821 5.34095444 6.15864804 5.93031303 5.45847601 5.67822143]","[0.10051517 0.10103464 0.10143532 0.10038973 0.14544946 0.1333921
 0.13668881 0.14732887 0.11653114 0.11426261 0.11635955 0.11892246]"
6,-8.0,6,0.1,0.2,"[0.0, -20.0, 0.0]","[1.0, 1.0, 1.0]","[6.31881567 5.97098403 5.59413643 5.97098403 5.98498552 5.88025412
 5.29800821 5.34095444 6.15864804 5.93031303 5.45847601 5.67822143]","[0.10051517 0.10103464 0.10143532 0.10038973 0.14544946 0.1333921
 0.13668881 0.14732887 0.11653114 0.11426261 0.11635955 0.11892246]"
6,-8.0,6,0.1,0.2,"[0.0, 0.0, 0.0]","[0.6, 0.6, 1.0]","[6.31881567 5.97098403 5.59413643 5.97098403 5.98498552 5.88025412
 5.29800821 5.34095444 5.96528884 5.84199243 5.28108894 5.36880209]","[0.10051517 0.10103464 0.10143532 0.10038973 0.13357639 0.12880622
 0.13470073 0.14135157 0.13468282 0.13038225 0.13589091 0.14140042]"
6,-8.0,6,0.1,0.2,"[0.0, 0.0, 0.0]","[1.0, 1.0, 1.0]","[6.31881567 5.97098403 5.59413643 5.97098403 5.98498552 5.88025412
 5.29800821 5.34095444 5.96528884 5.84199243 5.28108894 5.36880209]","[0.10051517 0.10103464 0.10143532 0.10038973 0.13357639 0.12880622
 0.13470073 0.14135157 0.13468282 0.13038225 0.13589091 0.14140042]"
6,-8.0,6,0.1,0.2,"[0.0, 20.0, 0.0]","[0.6, 0.6, 1.0]","[6.31881567 5.97098403 5.59413643 5.97098403 5.98498552 5.88025412
 5.29800821 5.34095444 5.76575383 5.69673521 5.12414775 5.1665651 ]","[0.10051517 0.10103464 0.10143532 0.10038973 0.13994418 0.13667903
 0.14914112 0.15035148 0.13952832 0.13419109 0.14138107 0.14801028]"
6,-8.0,6,0.1,0.2,"[0.0, 20.0, 0.0]","[1.0, 1.0, 1.0]","[6.31881567 5.97098403 5.59413643 5.97098403 5.98498552 5.88025412
 5.29800821 5.34095444 5.76575383 5.69673521 5.12414775 5.1665651 ]","[0.10051517 0.10103464 0.10143532 0.10038973 0.13994418 0.13667903
 0.14914112 0.15035148 0.13952832 0.13419109 0.14138107 0.14801028]"
6,-8.0,6,0.1,0.2,"[30.0, -20.0, 0.0]","[0.6, 0.6, 1.0]","[6.31881567 5.97098403 5.59413643 5.97098403 5.63872846 5.6344195
 5.03100112 4.98731781 6.09604253 5.88799876 5.40121594 5.59844194]","[0.11347541 0.11610047 0.12428439 0.11335466 0.15383367 0.13864293
 0.14300704 0.15605162 0.12242238 0.11992987 0.12271985 0.12560647]"
6,-8.0,6,0.1,0.2,"[30.0, -20.0, 0.0]","[1.0, 1.0, 1.0]","[6.31881567 5.97098403 5.59413643 5.97098403 5.63872846 5.6344195
 5.03100112 4.98731781 6.09604253 5.88799876 5.40121594 5.59844194]","[0.11347541 0.11610047 0.12428439 0.11335466 0.15383367 0.13864293
 0.14300704 0.15605162 0.12242238 0.11992987 0.12271985 0.12560647]"
6,-8.0,6,0.1,0.2,"[30.0, 0.0, 0.0]","[0.6, 0.6, 1.0]","[6.31881567 5.97098403 5.59413643 5.97098403 5.63872846 5.6344195
 5.03100112 4.98731781 5.90154241 5.80221493 5.22572544 5.28970998]","[0.11347541 0.11610047 0.12428439 0.11335466 0.14220904 0.13510226
 0.14380379 0.153117   0.13678101 0.13207134 0.13843504 0.14443532]"
6,-8.0,6,0.1,0.2,"[30.0, 0.0, 0.0]","[1.0, 1.0, 1.0]","[6.31881567 5.97098403 5.59413643 5.97098403 5.63872846 5.6344195
 5.03100112 4.98731781 5.90154241 5.80221493 5.22572544 5.28970998]","[0.11347541 0.11610047 0.12428439 0.11335466 0.14220904 0.13510226
 0.14380379 0.153117   0.13678101 0.13207134 0.13843504 0.14443532]"
6,-8.0,6,0.1,0.2,"[30.0, 20.0, 0.0]","[0.6, 0.6, 1.0]","[6.31881567 5.97098403 5.59413643 5.97098403 5.63872846 5.6344195
 5.03100112 4.98731781 5.7217196  5.65258744 5.09223147 5.14429239]","[0.11347541 0.11610047 0.12428439 0.11335466 0.15370948 0.14609172
 0.16385696 0.16921684 0.14142511 0.13615463 0.14351834 0.14989566]"
6,-8.0,6,0.1,0.2,"[30.0, 20.0, 0.0]","[1.0, 1.0, 1.0]","[6.31881567 5.97098403 5.59413643 5.97098403 5.63872846 5.6344195
 5.03100112 4.98731781 5.7217196  5.65258744 5.09223147 5.14429239]","[0.11347541 0.11610047 0.12428439 0.11335466 0.15370948 0.14609172
 0.16385696 0.16921684 0.14142511 0.13615463 0.14351834 0.14989566]"
6,0.0,6,0.1,0.2,"[-30.0, -20.0, 0.0]","[0.6, 0.6, 1.0]","[6.31881567 5.97098403 5.59413643 5.97098403 5.60004698 5.54203639
 4.90311001 4.91658819 5.58851965 5.41168304 4.85610181 4.99436374]","[0.12105621 0.11163765 0.10894577 0.11089558 0.17956767 0.15267556
 0.15766726 0.17515784 0.15947034 0.14682854 0.14826487 0.15806168]"
6,0.0,6,0.1,0.2,"[-30.0, -20.0, 0.0]","[1.0, 1.0, 1.0]","[6.31881567 5.97098403 5.59413643 5.97098403 5.60004698 5.54203639
 4.90311001 4.91658819 5.58851965 5.41168304 4.85610181 4.99436374]","[0.12105621 0.11163765 0.10894577 0.11089558 0.17956767 0.15267556
 0.15766726 0.17515784 0.15947034 0.14682854 0.14826487 0.15806168]"
6,0.0,6,0.1,0.2,"[-30.0, 0.0, 0.0]","[0.6, 0.6, 1.0]","[6.31881567 5.97098403 5.59413643 5.97098403 5.60004698 5.54203639
 4.90311001 4.91658819 5.30234156 5.09556099 4.63586562 4.83366208]","[0.12105621 0.11163765 0.10894577 0.11089558 0.15107477 0.13904341
 0.14457185 0.15612334 0.15851398 0.15266252 0.15480708 0.15905579]"
6,0.0,6,0.1,0.2,"[-30.0, 0.0, 0.0]","[1.0, 1.0, 1.0]","[6.31881567 5.97098403 5.59413643 5.97098403 5.60004698 5.54203639
 4.90311001 4.91658819 5.30234156 5.09556099 4.63586562 4.83366208]","[0.12105621 0.11163765 0.10894577 0.11089558 0.15107477 0.13904341
 0.14457185 0.15612334 0.15851398 0.15266252 0.15480708 0.15905579]"
6,0.0,6,0.1,0.2,"[-30.0, 20.0, 0.0]","[0.6, 0.6, 1.0]","[6.31881567 5.97098403 5.59413643 5.97098403 5.60004698 5.54203639
 4.90311001 4.91658819 5.31043281 4.9536828  4.72632794 5.08544492]","[0.12105621 0.11163765 0.10894577 0.11089558 0.14392268 0.14043594
 0.15328232 0.1566671  0.1532579  0.15760445 0.15594031 0.15069353]"
6,0.0,6,0.1,0.2,"[-30.0, 20.0, 0.0]","[1.0, 1.0, 1.0]","[6.31881567 5.97098403 5.59413643 5.97098403 5.60004698 5.54203639
 4.90311001 4.91658819 5.31043281 4.9536828  4.72632794 5.08544492]","[0.12105621 0.11163765 0.10894577 0.11089558 0.14392268 0.14043594
 0.15328232 0.1566671  0.1532579  0.15760445 0.15594031 0.15069353]"
6,0.0,6,0.1,0.2,"[0.0, -20.0, 0.0]","[0.6, 0.6, 1.0]","[6.31881567 5.97098403 5.59413643 5.97098403 5.05355445 4.77994931
 4.48276082 4.77311293 5.34602072 5.14901107 4.6716743  4.84917296]","[0.10051517 0.10103464 0.10143532 0.10038973 0.18087586 0.16851495
 0.16255062 0.16704812 0.15865572 0.15172113 0.15382565 0.1594249 ]"
6,0.0,6,0.1,0.2,"[0.0, -20.0, 0.0]","[1.0, 1.0, 1.0]","[6.31881567 5.97098403 5.59413643 5.97098403 5.05355445 4.77994931
 4.48276082 4.77311293 5.34602072 5.14901107 4.6716743  4.84917296]","[0.10051517 0.10103464 0.10143532 0.10038973 0.18087586 0.16851495
 0.16255062 0.16704812 0.15865572 0.15172113 0.15382565 0.1594249 ]"
6,0.0,6,0.1,0.2,"[0.0, 0.0, 0.0]","[0.6, 0.6, 1.0]","[6.31881567 5.97098403 5.59413643 5.97098403 5.05355445 4.77994931
 4.48276082 4.77311293 5.13153551 4.85151558 4.55645615 4.85044132]","[0.10051517 0.10103464 0.10143532 0.10038973 0.15862362 0.1596813
 0.16047603 0.15826353 0.15881418 0.16029088 0.16106168 0.15819799]"
6,0.0,6,0.1,0.2,"[0.0, 0.0, 0.0]","[1.0, 1.0, 1.0]","[6.31881567 5.97098403 5.59413643 5.97098403 5.05355445 4.77994931
 4.48276082 4.77311293 5.13153551 4.85151558 4.55645615 4.85044132]","[0.10051517 0.10103464 0.10143532 0.10038973 0.15862362 0.1596813
 0.16047603 0.15826353 0.15881418 0.16029088 0.16106168 0.15819799]"
6,0.0,6,0.1,0.2,"[0.0, 20.0, 0.0]","[0.6, 0.6, 1.0]","[6.31881567 5.97098403 5.59413643 5.97098403 5.05355445 4.77994931
 4.48276082 4.77311293 5.30880276 4.89398433 4.75674736 5.15902817]","[0.10051517 0.10103464 0.10143532 0.10038973 0.16806086 0.17476402
 0.18653897 0.17103242 0.15352428 0.16288106 0.16167907 0.15122836]"
6,0.0,6,0.1,0.2,"[0.0, 20.0, 0.0]","[1.0, 1.0, 1.0]","[6.31881567 5.97098403 5.59413643 5.97098403 5.05355445 4.77994931
 4.48276082 4.77311293 5.30880276 4.89398433 4.75674736 5.15902817]","[0.10051517 0.10103464 0.10143532 0.10038973 0.16806086 0.17476402
 0.18653897 0.17103242 0.15352428 0.16288106 0.16167907 0.15122836]"
6,0.0,6,0.1,0.2,"[30.0, -20.0, 0.0]","[0.6, 0.6, 1.0]","[6.31881567 5.97098403 5.59413643 5.97098403 5.57459649 4.96167348
 4.96698404 5.54275704 5.32201942 5.08475363 4.69333489 4.93527465]","[0.11347541 0.11610047 0.12428439 0.11335466 0.1485249  0.15549601
 0.14308299 0.13688288 0.15367374 0.15287336 0.15533788 0.15503142]"
6,0.0,6,0.1,0.2,"[30.0, -20.0, 0.0]","[1.0, 1.0, 1.0]","[6.31881567 5.97098403 5.59413643 5.97098403 5.57459649 4.96167348
 4.96698404 5.54275704 5.32201942 5.08475363 4.69333489 4.93527465]","[0.11347541 0.11610047 0.12428439 0.11335466 0.1485249  0.15549601
 0.14308299 0.13688288 0.15367374 0.15287336 0.15533788 0.15503142]"
6,0.0,6,0.1,0.2,"[30.0, 0.0, 0.0]","[0.6, 0.6, 1.0]","[6.31881567 5.97098403 5.59413643 5.97098403 5.57459649 4.96167348
 4.96698404 5.54275704 5.26357003 4.86876519 4.71631379 5.11144549]","[0.11347541 0.11610047 0.12428439 0.11335466 0.14557951 0.15962015
 0.15377487 0.13941945 0.1539681  0.16256165 0.1615348  0.15160552]"
6,0.0,6,0.1,0.2,"[30.0, 0.0, 0.0]","[1.0, 1.0, 1.0]","[6.31881567 5.97098403 5.59413643 5.97098403 5.57459649 4.96167348
 4.96698404 5.54275704 5.26357003 4.86876519 4.71631379 5.11144549]","[0.11347541 0.11610047 0.12428439 0.11335466 0.14557951 0.15962015
 0.15377487 0.13941945 0.1539681  0.16256165 0.1615348  0.15160552]"
6,0.0,6,0.1,0.2,"[30.0, 20.0, 0.0]","[0.6, 0.6, 1.0]","[6.31881567 5.97098403 5.59413643 5.97098403 5.57459649 4.96167348
 4.96698404 5.54275704 5.54844831 5.06042959 4.96383157 5.4241181 ]","[0.11347541 0.11610047 0.12428439 0.11335466 0.16667381 0.18467678
 0.18306475 0.15515832 0.15050247 0.16311818 0.16257012 0.14732308]"
6,0.0,6,0.1,0.2,"[30.0, 20.0, 0.0]","[1.0, 1.0, 1.0]","[6.31881567 5.97098403 5.59413643 5.97098403 5.57459649 4.96167348
 4.96698404 5.54275704 5.54844831 5.06042959 4.96383157 5.4241181 ]","[0.11347541 0.11610047 0.12428439 0.11335466 0.16667381 0.18467678
 0.18306475 0.15515832 0.15050247 0.16311818 0.16257012 0.14732308]"
6,8.0,6,0.1,0.2,"[-30.0, -20.0, 0.0]","[0.6, 0.6, 1.0]","[6.31881567 5.97098403 5.59413643 5.97098403 5.66913724 4.97583037
 4.99229042 5.63732099 5.74767493 5.13530552 5.07043845 5.66317823]","[0.12105621 0.11163765 0.10894577 0.11089558 0.15921981 0.16555649
 0.14876502 0.14073262 0.14155358 0.14952417 0.14117354 0.13436264]"
6,8.0,6,0.1,0.2,"[-30.0, -20.0, 0.0]","[1.0, 1.0, 1.0]","[6.31881567 5.97098403 5.59413643 5.97098403 5.66913724 4.97583037
 4.99229042 5.63732099 5.74767493 5.13530552 5.07043845 5.66317823]","[0.12105621 0.11163765 0.10894577 0.11089558 0.15921981 0.16555649
 0.14876502 0.14073262 0.14155358 0.14952417 0.14117354 0.13436264]"
6,8.0,6,0.1,0.2,"[-30.0, 0.0, 0.0]","[0.6, 0.6, 1.0]","[6.31881567 5.97098403 5.59413643 5.97098403 5.66913724 4.97583037
 4.99229042 5.63732099 5.91291608 5.30231453 5.23497364 5.81090449]","[0.12105621 0.11163765 0.10894577 0.11089558 0.14234804 0.15292253
 0.14206534 0.13362046 0.13669198 0.14443433 0.13738342 0.13097948]"
6,8.0,6,0.1,0.2,"[-30.0, 0.0, 0.0]","[1.0, 1.0, 1.0]","[6.31881567 5.97098403 5.59413643 5.97098403 5.66913724 4.97583037
 4.99229042 5.63732099 5.91291608 5.30231453 5.23497364 5.81090449]","[0.12105621 0.11163765 0.10894577 0.11089558 0.14234804 0.15292253
 0.14206534 0.13362046 0.13669198 0.14443433 0.13738342 0.13097948]"
6,8.0,6,0.1,0.2,"[-30.0, 20.0, 0.0]","[0.6, 0.6, 1.0]","[6.31881567 5.97098403 5.59413643 5.97098403 5.66913724 4.97583037
 4.99229042 5.63732099 6.10310234 5.60461096 5.40198358 5.89174148]","[0.12105621 0.11163765 0.10894577 0.11089558 0.14783996 0.16128937
 0.15589456 0.13953343 0.12175507 0.12666677 0.12388006 0.11937139]"
6,8.0,6,0.1,0.2,"[-30.0, 20.0, 0.0]","[1.0, 1.0, 1.0]","[6.31881567 5.97098403 5.59413643 5.97098403 5.66913724 4.97583037
 4.99229042 5.63732099 6.10310234 5.60461096 5.40198358 5.89174148]","[0.12105621 0.11163765 0.10894577 0.11089558 0.14783996 0.16128937
 0.15589456 0.13953343 0.12175507 0.12666677 0.12388006 0.11937139]"
6,8.0,6,0.1,0.2,"[0.0, -20.0, 0.0]","[0.6, 0.6, 1.0]","[6.31881567 5.97098403 5.59413643 5.97098403 5.98531083 5.34214568
 5.29835614 5.88111284 5.78829934 5.16647519 5.11358557 5.70742162]","[0.10051517 0.10103464 0.10143532 0.10038973 0.14520186 0.14791968
 0.13680193 0.13262949 0.13954296 0.14766628 0.13954874 0.13268154]"
6,8.0,6,0.1,0.2,"[0.0, -20.0, 0.0]","[1.0, 1.0, 1.0]","[6.31881567 5.97098403 5.59413643 5.97098403 5.98531083 5.34214568
 5.29835614 5.88111284 5.78829934 5.16647519 5.11358557 5.70742162]","[0.10051517 0.10103464 0.10143532 0.10038973 0.14520186 0.14791968
 0.13680193 0.13262949 0.13954296 0.14766628 0.13954874 0.13268154]"
6,8.0,6,0.1,0.2,"[0.0, 0.0, 0.0]","[0.6, 0.6, 1.0]","[6.31881567 5.97098403 5.59413643 5.97098403 5.98531083 5.34214568
 5.29835614 5.88111284 5.97593609 5.38417351 5.29049168 5.84834737]","[0.10051517 0.10103464 0.10143532 0.10038973 0.13354125 0.14193259
 0.13467462 0.12816501 0.13438674 0.14156906 0.13560658 0.1295851 ]"
6,8.0,6,0.1,0.2,"[0.0, 0.0, 0.0]","[1.0, 1.0, 1.0]","[6.31881567 5.97098403 5.59413643 5.97098403 5.98531083 5.34214568
 5.29835614 5.88111284 5.97593609 5.38417351 5.29049168 5.84834737]","[0.10051517 0.10103464 0.10143532 0.10038973 0.13354125 0.14193259
 0.13467462 0.12816501 0.13438674 0.14156906 0.13560658 0.1295851 ]"
6,8.0,6,0.1,0.2,"[0.0, 20.0, 0.0]","[0.6, 0.6, 1.0]","[6.31881567 5.97098403 5.59413643 5.97098403 5.98531083 5.34214568
 5.29835614 5.88111284 6.16786576 5.68370422 5.45405524 5.93129235]","[0.10051517 0.10103464 0.10143532 0.10038973 0.14017495 0.15239265
 0.14905513 0.13481934 0.11557157 0.12023359 0.11842774 0.11400291]"
6,8.0,6,0.1,0.2,"[0.0, 20.0, 0.0]","[1.0, 1.0, 1.0]","[6.31881567 5.97098403 5.59413643 5.97098403 5.98531083 5.34214568
 5.29835614 5.88111284 6.16786576 5.68370422 5.45405524 5.93129235]","[0.10051517 0.10103464 0.10143532 0.10038973 0.14017495 0.15239265
 0.14905513 0.13481934 0.11557157 0.12023359 0.11842774 0.11400291]"
6,8.0,6,0.1,0.2,"[30.0, -20.0, 0.0]","[0.6, 0.6, 1.0]","[6.31881567 5.97098403 5.59413643 5.97098403 6.2615938  5.84395921
 5.53673283 5.96380924 5.7717431  5.06259332 5.10615972 5.7543129 ]","[0.11347541 0.11610047 0.12428439 0.11335466 0.11390581 0.1092444
 0.10648198 0.10740431 0.13925794 0.15006912 0.13959755 0.13105673]"
6,8.0,6,0.1,0.2,"[30.0, -20.0, 0.0]","[1.0, 1.0, 1.0]","[6.31881567 5.97098403 5.59413643 5.97098403 6.2615938  5.84395921
 5.53673283 5.96380924 5.7717431  5.06259332 5.10615972 5.7543129 ]","[0.11347541 0.11610047 0.12428439 0.11335466 0.11390581 0.1092444
 0.10648198 0.10740431 0.13925794 0.15006912 0.13959755 0.13105673]"
6,8.0,6,0.1,0.2,"[30.0, 0.0, 0.0]","[0.6, 0.6, 1.0]","[6.31881567 5.97098403 5.59413643 5.97098403 6.2615938  5.84395921
 5.53673283 5.96380924 6.03446142 5.42793025 5.34044752 5.89726315]","[0.11347541 0.11610047 0.12428439 0.11335466 0.10434477 0.10775522
 0.10771009 0.10413537 0.13239847 0.14000751 0.13416255 0.12804187]"
6,8.0,6,0.1,0.2,"[30.0, 0.0, 0.0]","[1.0, 1.0, 1.0]","[6.31881567 5.97098403 5.59413643 5.97098403 6.2615938  5.84395921
 5.53673283 5.96380924 6.03446142 5.42793025 5.34044752 5.89726315]","[0.11347541 0.11610047 0.12428439 0.11335466 0.10434477 0.10775522
 0.10771009 0.10413537 0.13239847 0.14000751 0.13416255 0.12804187]"
6,8.0,6,0.1,0.2,"[30.0, 20.0, 0.0]","[0.6, 0.6, 1.0]","[6.31881567 5.97098403 5.59413643 5.97098403 6.2615938  5.84395921
 5.53673283 5.96380924 6.22037961 5.75899072 5.49685123 5.95411236]","[0.11347541 0.11610047 0.12428439 0.11335466 0.11368366 0.12106003
 0.12561235 0.11346705 0.1142782  0.11870469 0.1177256  0.11344379]"
6,8.0,6,0.1,0.2,"[30.0, 20.0, 0.0]","[1.0, 1.0, 1.0]","[6.31881567 5.97098403 5.59413643 5.97098403 6.2615938  5.84395921
 5.53673283 5.96380924 6.22037961 5.75899072 5.49685123 5.95411236]","[0.11347541 0.11610047 0.12428439 0.11335466 0.11368366 0.12106003
 0.12561235 0.11346705 0.1142782  0.11870469 0.1177256  0.11344379]"
8,-8.0,6,0.1,0.2,"[-30.0, -20.0, 0.0]","[0.6, 0.6, 1.0]","[6.31881567 5.97098403 5.59413643 5.97098403 6.29083048 5.96723408
 5.5757004  5.92351538 6.26931389 5.96217056 5.55745469 5.88239429]","[0.12105621 0.11163765 0.10894577 0.11089558 0.11624645 0.10869812
 0.1064736  0.10962962 0.10433056 0.10377096 0.1043229  0.10458543]"
8,-8.0,6,0.1,0.2,"[-30.0, -20.0, 0.0]","[1.0, 1.0, 1.0]","[6.31881567 5.97098403 5.59413643 5.97098403 6.29083048 5.96723408
 5.5757004  5.92351538 6.26931389 5.96217056 5.55745469 5.88239429]","[0.12105621 0.11163765 0.10894577 0.11089558 0.11624645 0.10869812
 0.1064736  0.10962962 0.10433056 0.10377096 0.1043229  0.10458543]"
8,-8.0,6,0.1,0.2,"[-30.0, 0.0, 0.0]","[0.6, 0.6, 1.0]","[6.31881567 5.97098403 5.59413643 5.97098403 6.29083048 5.96723408
 5.5757004  5.92351538 6.17542497 5.93013183 5.46716514 5.70638873]","[0.12105621 0.11163765 0.10894577 0.11089558 0.1025223  0.10221819
 0.1024815  0.10237724 0.11343428 0.11207997 0.11429849 0.11585663]"
8,-8.0,6,0.1,0.2,"[-30.0, 0.0, 0.0]","[1.0, 1.0, 1.0]","[6.31881567 5.97098403 5.59413643 5.97098403 6.29083048 5.96723408
 5.5757004  5.92351538 6.17542497 5.93013183 5.46716514 5.70638873]","[0.12105621 0.11163765 0.10894577 0.11089558 0.1025223  0.10221819
 0.1024815  0.10237724 0.11343428 0.11207997 0.11429849 0.11585663]"
8,-8.0,6,0.1,0.2,"[-30.0, 20.0, 0.0]","[0.6, 0.6, 1.0]","[6.31881567 5.97098403 5.59413643 5.97098403 6.29083048 5.96723408
 5.5757004  5.92351538 6.00660999 5.84003102 5.32068993 5.473091  ]","[0.12105621 0.11163765 0.10894577 0.11089558 0.10757554 0.11011661
 0.11561261 0.108277   0.12882512 0.12588003 0.13023935 0.13379647]"
8,-8.0,6,0.1,0.2,"[-30.0, 20.0, 0.0]","[1.0, 1.0, 1.0]","[6.31881567 5.97098403 5.59413643 5.97098403 6.29083048 5.96723408
 5.5757004  5.92351538 6.00660999 5.84003102 5.32068993 5.473091  ]","[0.12105621 0.11163765 0.10894577 0.11089558 0.10757554 0.11011661
 0.11561261 0.108277   0.12882512 0.12588003 0.13023935 0.13379647]"
8,-8.0,6,0.1,0.2,"[0.0, -20.0, 0.0]","[0.6, 0.6, 1.0]","[6.31881567 5.97098403 5.59413643 5.97098403 6.16535012 5.92650226
 5.45738763 5.68802021 6.25392496 5.95544379 5.54272045 5.85699553]","[0.10051517 0.10103464 0.10143532 0.10038973 0.12561225 0.11724131
 0.1168601  0.12183415 0.10657401 0.10598918 0.10684343 0.10716202]"
8,-8.0,6,0.1,0.2,"[0.0, -20.0, 0.0]","[1.0, 1.0, 1.0]","[6.31881567 5.97098403 5.59413643 5.97098403 6.16535012 5.92650226
 5.45738763 5.68802021 6.25392496 5.95544379 5.54272045 5.85699553]","[0.10051517 0.10103464 0.10143532 0.10038973 0.12561225 0.11724131
 0.1168601  0.12183415 0.10657401 0.10598918 0.10684343 0.10716202]"
8,-8.0,6,0.1,0.2,"[0.0, 0.0, 0.0]","[0.6, 0.6, 1.0]","[6.31881567 5.97098403 5.59413643 5.97098403 6.16535012 5.92650226
 5.45738763 5.68802021 6.15117622 5.91477773 5.44486845 5.67655045]","[0.10051517 0.10103464 0.10143532 0.10038973 0.11353698 0.1121552
 0.11463671 0.1162549  0.12597946 0.12431775 0.12703361 0.1289852 ]"
8,-8.0,6,0.1,0.2,"[0.0, 0.0, 0.0]","[1.0, 1.0, 1.0]","[6.31881567 5.97098403 5.59413643 5.97098403 6.16535012 5.92650226
 5.45738763 5.68802021 6.15117622 5.91477773 5.44486845 5.67655045]","[0.10051517 0.10103464 0.10143532 0.10038973 0.11353698 0.1121552
 0.11463671 0.1162549  0.12597946 0.12431775 0.12703361 0.1289852 ]"
8,-8.0,6,0.1,0.2,"[0.0, 20.0, 0.0]","[0.6, 0.6, 1.0]","[6.31881567 5.97098403 5.59413643 5.97098403 6.16535012 5.92650226
 5.45738763 5.68802021 5.99784284 5.82221491 5.31604896 5.48453652]","[0.10051517 0.10103464 0.10143532 0.10038973 0.1201322  0.12071733
 0.1292364  0.12453466 0.12920491 0.12657279 0.13081417 0.13388301]"
8,-8.0,6,0.1,0.2,"[0.0, 20.0, 0.0]","[1.0, 1.0, 1.0]","[6.31881567 5.97098403 5.59413643 5.97098403 6.16535012 5.92650226
 5.45738763 5.68802021 5.99784284 5.82221491 5.31604896 5.48453652]","[0.10051517 0.10103464 0.10143532 0.10038973 0.1201322  0.12071733
 0.1292364  0.12453466 0.12920491 0.12657279 0.13081417 0.13388301]"
8,-8.0,6,0.1,0.2,"[30.0, -20.0, 0.0]","[0.6, 0.6, 1.0]","[6.31881567 5.97098403 5.59413643 5.97098403 5.93756536 5.78480971
 5.2730004  5.41278226 6.21955322 5.93199492 5.50869793 5.81233763]","[0.11347541 0.11610047 0.12428439 0.11335466 0.14129259 0.13117343
 0.13243977 0.13953444 0.11298969 0.11231239 0.11355313 0.11399311]"
8,-8.0,6,0.1,0.2,"[30.0, -20.0, 0.0]","[1.0, 1.0, 1.0]","[6.31881567 5.97098403 5.59413643 5.97098403 5.93756536 5.78480971
 5.2730004  5.41278226 6.21955322 5.93199492 5.50869793 5.81233763]","[0.11347541 0.11610047 0.12428439 0.11335466 0.14129259 0.13117343
 0.13243977 0.13953444 0.11298969 0.11231239 0.11355313 0.11399311]"
8,-8.0,6,0.1,0.2,"[30.0, 0.0, 0.0]","[0.6, 0.6, 1.0]","[6.31881567 5.97098403 5.59413643 5.97098403 5.93756536 5.78480971
 5.2730004  5.41278226 6.12002925 5.88992823 5.41638347 5.645965  ]","[0.11347541 0.11610047 0.12428439 0.11335466 0.1302731  0.12720115
 0.13181653 0.13551594 0.12697035 0.12530925 0.12829531 0.13016323]"
8,-8.0,6,0.1,0.2,"[30.0, 0.0, 0.0]","[1.0, 1.0, 1.0]","[6.31881567 5.97098403 5.59413643 5.97098403 5.93756536 5.78480971
 5.2730004  5.41278226 6.12002925 5.88992823 5.41638347 5.645965  ]","[0.11347541 0.11610047 0.12428439 0.11335466 0.1302731  0.12720115
 0.13181653 0.13551594 0.12697035 0.12530925 0.12829531 0.13016323]"
8,-8.0,6,0.1,0.2,"[30.0, 20.0, 0.0]","[0.6, 0.6, 1.0]","[6.31881567 5.97098403 5.59413643 5.97098403 5.93756536 5.78480971
 5.2730004  5.41278226 5.99291878 5.80333728 5.31368509 5.5040313 ]","[0.11347541 0.11610047 0.12428439 0.11335466 0.13889615 0.13680728
 0.14828739 0.14648383 0.1297015  0.12749456 0.13150891 0.13397043]"
8,-8.0,6,0.1,0.2,"[30.0, 20.0, 0.0]","[1.0, 1.0, 1.0]","[6.31881567 5.97098403 5.59413643 5.97098403 5.93756536 5.78480971
 5.2730004  5.41278226 5.99291878 5.80333728 5.31368509 5.5040313 ]","[0.11347541 0.11610047 0.12428439 0.11335466 0.13889615 0.13680728
 0.14828739 0.14648383 0.1297015  0.12749456 0.13150891 0.13397043]"
8,0.0,6,0.1,0.2,"[-30.0, -20.0, 0.0]","[0.6, 0.6, 1.0]","[6.31881567 5.97098403 5.59413643 5.97098403 5.79738375 5.61740996
 5.08759433 5.24902724 5.77869165 5.525515   5.04649634 5.28060073]","[0.12105621 0.11163765 0.10894577 0.11089558 0.16384778 0.14459687
 0.1451407  0.15542415 0.14525121 0.13747867 0.13712308 0.14256922]"
8,0.0,6,0.1,0.2,"[-30.0, -20.0, 0.0]","[1.0, 1.0, 1.0]","[6.31881567 5.97098403 5.59413643 5.97098403 5.79738375 5.61740996
 5.08759433 5.24902724 5.77869165 5.525515   5.04649634 5.28060073]","[0.12105621 0.11163765 0.10894577 0.11089558 0.16384778 0.14459687
 0.1451407  0.15542415 0.14525121 0.13747867 0.13712308 0.14256922]"
8,0.0,6,0.1,0.2,"[-30.0, 0.0, 0.0]","[0.6, 0.6, 1.0]","[6.31881567 5.97098403 5.59413643 5.97098403 5.79738375 5.61740996
 5.08759433 5.24902724 5.56744373 5.29961676 4.89034226 5.16303824]","[0.12105621 0.11163765 0.10894577 0.11089558 0.13937887 0.13233509
 0.13462433 0.14072431 0.14416455 0.14120465 0.14176233 0.14329733]"
8,0.0,6,0.1,0.2,"[-30.0, 0.0, 0.0]","[1.0, 1.0, 1.0]","[6.31881567 5.97098403 5.59413643 5.97098403 5.79738375 5.61740996
 5.08759433 5.24902724 5.56744373 5.29961676 4.89034226 5.16303824]","[0.12105621 0.11163765 0.10894577 0.11089558 0.13937887 0.13233509
 0.13462433 0.14072431 0.14416455 0.14120465 0.14176233 0.14329733]"
8,0.0,6,0.1,0.2,"[-30.0, 20.0, 0.0]","[0.6, 0.6, 1.0]","[6.31881567 5.97098403 5.59413643 5.97098403 5.79738375 5.61740996
 5.08759433 5.24902724 5.5923227  5.2387633  4.97534695 5.33778614]","[0.12105621 0.11163765 0.10894577 0.11089558 0.13480102 0.13488529
 0.14395354 0.14253375 0.14018473 0.14334884 0.14249243 0.13847845]"
8,0.0,6,0.1,0.2,"[-30.0, 20.0, 0.0]","[1.0, 1.0, 1.0]","[6.31881567 5.97098403 5.59413643 5.97098403 5.79738375 5.61740996
 5.08759433 5.24902724 5.5923227  5.2387633  4.97534695 5.33778614]","[0.12105621 0.11163765 0.10894577 0.11089558 0.13480102 0.13488529
 0.14395354 0.14253375 0.14018473 0.14334884 0.14249243 0.13847845]"
8,0.0,6,0.1,0.2,"[0.0, -20.0, 0.0]","[0.6, 0.6, 1.0]","[6.31881567 5.97098403 5.59413643 5.97098403 5.39163364 5.09884806
 4.78066645 5.09315549 5.62653485 5.37199715 4.93453199 5.18484983]","[0.10051517 0.10103464 0.10143532 0.10038973 0.16238738 0.15224593
 0.14727542 0.15096032 0.14392163 0.13985566 0.14060831 0.14339557]"
8,0.0,6,0.1,0.2,"[0.0, -20.0, 0.0]","[1.0, 1.0, 1.0]","[6.31881567 5.97098403 5.59413643 5.97098403 5.39163364 5.09884806
 4.78066645 5.09315549 5.62653485 5.37199715 4.93453199 5.18484983]","[0.10051517 0.10103464 0.10143532 0.10038973 0.16238738 0.15224593
 0.14727542 0.15096032 0.14392163 0.13985566 0.14060831 0.14339557]"
8,0.0,6,0.1,0.2,"[0.0, 0.0, 0.0]","[0.6, 0.6, 1.0]","[6.31881567 5.97098403 5.59413643 5.97098403 5.39163364 5.09884806
 4.78066645 5.09315549 5.46415966 5.16650843 4.84754631 5.16348311]","[0.10051517 0.10103464 0.10143532 0.10038973 0.14386284 0.14476693
 0.14543763 0.14357551 0.14380917 0.14500093 0.14573467 0.14336452]"
8,0.0,6,0.1,0.2,"[0.0, 0.0, 0.0]","[1.0, 1.0, 1.0]","[6.31881567 5.97098403 5.59413643 5.97098403 5.39163364 5.09884806
 4.78066645 5.09315549 5.46415966 5.16650843 4.84754631 5.16348311]","[0.10051517 0.10103464 0.10143532 0.10038973 0.14386284 0.14476693
 0.14543763 0.14357551 0.14380917 0.14500093 0.14573467 0.14336452]"
8,0.0,6,0.1,0.2,"[0.0, 20.0, 0.0]","[0.6, 0.6, 1.0]","[6.31881567 5.97098403 5.59413643 5.97098403 5.39163364 5.09884806
 4.78066645 5.09315549 5.59696447 5.21788286 4.99925647 5.37872513]","[0.10051517 0.10103464 0.10143532 0.10038973 0.15186094 0.15750392
 0.16723117 0.15432216 0.14009582 0.14612189 0.14648056 0.13933642]"
8,0.0,6,0.1,0.2,"[0.0, 20.0, 0.0]","[1.0, 1.0, 1.0]","[6.31881567 5.97098403 5.59413643 5.97098403 5.39163364 5.09884806
 4.78066645 5.09315549 5.59696447 5.21788286 4.99925647 5.37872513]","[0.10051517 0.10103464 0.10143532 0.10038973 0.15186094 0.15750392
 0.16723117 0.15432216 0.14009582 0.14612189 0.14648056 0.13933642]"
8,0.0,6,0.1,0.2,"[30.0, -20.0, 0.0]","[0.6, 0.6, 1.0]","[6.31881567 5.97098403 5.59413643 5.97098403 5.77498097 5.28282391
 5.14057677 5.61882353 5.60521713 5.33770481 4.94293254 5.21970023]","[0.11347541 0.11610047 0.12428439 0.11335466 0.13951666 0.14144604
 0.13362792 0.13118375 0.14055573 0.1401752  0.14195544 0.14137909]"
8,0.0,6,0.1,0.2,"[30.0, -20.0, 0.0]","[1.0, 1.0, 1.0]","[6.31881567 5.97098403 5.59413643 5.97098403 5.77498097 5.28282391
 5.14057677 5.61882353 5.60521713 5.33770481 4.94293254 5.21970023]","[0.11347541 0.11610047 0.12428439 0.11335466 0.13951666 0.14144604
 0.13362792 0.13118375 0.14055573 0.1401752  0.14195544 0.14137909]"
8,0.0,6,0.1,0.2,"[30.0, 0.0, 0.0]","[0.6, 0.6, 1.0]","[6.31881567 5.97098403 5.59413643 5.97098403 5.77498097 5.28282391
 5.14057677 5.61882353 5.5389425  5.18628046 4.94472048 5.30783009]","[0.11347541 0.11610047 0.12428439 0.11335466 0.13508217 0.14341844
 0.14165467 0.13247604 0.14087742 0.14599875 0.14669103 0.14030763]"
8,0.0,6,0.1,0.2,"[30.0, 0.0, 0.0]","[1.0, 1.0, 1.0]","[6.31881567 5.97098403 5.59413643 5.97098403 5.77498097 5.28282391
 5.14057677 5.61882353 5.5389425  5.18628046 4.94472048 5.30783009]","[0.11347541 0.11610047 0.12428439 0.11335466 0.13508217 0.14341844
 0.14165467 0.13247604 0.14087742 0.14599875 0.14669103 0.14030763]"
8,0.0,6,0.1,0.2,"[30.0, 20.0, 0.0]","[0.6, 0.6, 1.0]","[6.31881567 5.97098403 5.59413643 5.97098403 5.77498097 5.28282391
 5.14057677 5.61882353 5.7445964  5.3263938  5.12869406 5.53452893]","[0.11347541 0.11610047 0.12428439 0.11335466 0.15251724 0.16329787
 0.16708595 0.14679555 0.13842888 0.14651271 0.14791571 0.1376978 ]"
8,0.0,6,0.1,0.2,"[30.0, 20.0, 0.0]","[1.0, 1.0, 1.0]","[6.31881567 5.97098403 5.59413643 5.97098403 5.77498097 5.28282391
 5.14057677 5.61882353 5.7445964  5.3263938  5.12869406 5.53452893]","[0.11347541 0.11610047 0.12428439 0.11335466 0.15251724 0.16329787
 0.16708595 0.14679555 0.13842888 0.14651271 0.14791571 0.1376978 ]"
8,8.0,6,0.1,0.2,"[-30.0, -20.0, 0.0]","[0.6, 0.6, 1.0]","[6.31881567 5.97098403 5.59413643 5.97098403 5.949976   5.40716772
 5.25936485 5.78899424 6.00247851 5.50407581 5.31133468 5.81021158]","[0.12105621 0.11163765 0.10894577 0.11089558 0.14420041 0.14406526
 0.13513557 0.13208704 0.12995996 0.13407339 0.13001498 0.12622488]"
8,8.0,6,0.1,0.2,"[-30.0, -20.0, 0.0]","[1.0, 1.0, 1.0]","[6.31881567 5.97098403 5.59413643 5.97098403 5.949976   5.40716772
 5.25936485 5.78899424 6.00247851 5.50407581 5.31133468 5.81021158]","[0.12105621 0.11163765 0.10894577 0.11089558 0.14420041 0.14406526
 0.13513557 0.13208704 0.12995996 0.13407339 0.13001498 0.12622488]"
8,8.0,6,0.1,0.2,"[-30.0, 0.0, 0.0]","[0.6, 0.6, 1.0]","[6.31881567 5.97098403 5.59413643 5.97098403 5.949976   5.40716772
 5.25936485 5.78899424 6.12360193 5.65249945 5.42271336 5.89398542]","[0.12105621 0.11163765 0.10894577 0.11089558 0.13051183 0.13582119
 0.13063399 0.12602308 0.12700416 0.13049842 0.12774801 0.12448439]"
8,8.0,6,0.1,0.2,"[-30.0, 0.0, 0.0]","[1.0, 1.0, 1.0]","[6.31881567 5.97098403 5.59413643 5.97098403 5.949976   5.40716772
 5.25936485 5.78899424 6.12360193 5.65249945 5.42271336 5.89398542]","[0.12105621 0.11163765 0.10894577 0.11089558 0.13051183 0.13582119
 0.13063399 0.12602308 0.12700416 0.13049842 0.12774801 0.12448439]"
8,8.0,6,0.1,0.2,"[-30.0, 20.0, 0.0]","[0.6, 0.6, 1.0]","[6.31881567 5.97098403 5.59413643 5.97098403 5.949976   5.40716772
 5.25936485 5.78899424 6.22198584 5.81260577 5.5081778  5.93408747]","[0.12105621 0.11163765 0.10894577 0.11089558 0.1361756  0.14416036
 0.14371734 0.13210242 0.11266246 0.11492667 0.11429481 0.11176078]"
8,8.0,6,0.1,0.2,"[-30.0, 20.0, 0.0]","[1.0, 1.0, 1.0]","[6.31881567 5.97098403 5.59413643 5.97098403 5.949976   5.40716772
 5.25936485 5.78899424 6.22198584 5.81260577 5.5081778  5.93408747]","[0.12105621 0.11163765 0.10894577 0.11089558 0.1361756  0.14416036
 0.14371734 0.13210242 0.11266246 0.11492667 0.11429481 0.11176078]"
8,8.0,6,0.1,0.2,"[0.0, -20.0, 0.0]","[0.6, 0.6, 1.0]","[6.31881567 5.97098403 5.59413643 5.97098403 6.16538115 5.6876837
 5.45742418 5.92710827 6.00736957 5.48741769 5.31759039 5.83010589]","[0.10051517 0.10103464 0.10143532 0.10038973 0.12549752 0.12256704
 0.11690484 0.11642964 0.12933779 0.13402059 0.1296312  0.1254234 ]"
8,8.0,6,0.1,0.2,"[0.0, -20.0, 0.0]","[1.0, 1.0, 1.0]","[6.31881567 5.97098403 5.59413643 5.97098403 6.16538115 5.6876837
 5.45742418 5.92710827 6.00736957 5.48741769 5.31759039 5.83010589]","[0.10051517 0.10103464 0.10143532 0.10038973 0.12549752 0.12256704
 0.11690484 0.11642964 0.12933779 0.13402059 0.1296312  0.1254234 ]"
8,8.0,6,0.1,0.2,"[0.0, 0.0, 0.0]","[0.6, 0.6, 1.0]","[6.31881567 5.97098403 5.59413643 5.97098403 6.16538115 5.6876837
 5.45742418 5.92710827 6.15613397 5.68386567 5.44924993 5.91761817]","[0.10051517 0.10103464 0.10143532 0.10038973 0.11351927 0.11690095
 0.11462641 0.11148434 0.12144406 0.1249016  0.12254317 0.1193127 ]"
8,8.0,6,0.1,0.2,"[0.0, 0.0, 0.0]","[1.0, 1.0, 1.0]","[6.31881567 5.97098403 5.59413643 5.97098403 6.16538115 5.6876837
 5.45742418 5.92710827 6.15613397 5.68386567 5.44924993 5.91761817]","[0.10051517 0.10103464 0.10143532 0.10038973 0.11351927 0.11690095
 0.11462641 0.11148434 0.12144406 0.1249016  0.12254317 0.1193127 ]"
8,8.0,6,0.1,0.2,"[0.0, 20.0, 0.0]","[0.6, 0.6, 1.0]","[6.31881567 5.97098403 5.59413643 5.97098403 6.16538115 5.6876837
 5.45742418 5.92710827 6.25936276 5.8557786  5.53600468 5.95556027]","[0.10051517 0.10103464 0.10143532 0.10038973 0.12021444 0.12659255
 0.12920457 0.11872699 0.10396798 0.10618232 0.10612231 0.10354637]"
8,8.0,6,0.1,0.2,"[0.0, 20.0, 0.0]","[1.0, 1.0, 1.0]","[6.31881567 5.97098403 5.59413643 5.97098403 6.16538115 5.6876837
 5.45742418 5.92710827 6.25936276 5.8557786  5.53600468 5.95556027]","[0.10051517 0.10103464 0.10143532 0.10038973 0.12021444 0.12659255
 0.12920457 0.11872699 0.10396798 0.10618232 0.10612231 0.10354637]"
8,8.0,6,0.1,0.2,"[30.0, -20.0, 0.0]","[0.6, 0.6, 1.0]","[6.31881567 5.97098403 5.59413643 5.97098403 6.29430375 5.9191572
 5.5680176  5.96695899 6.01492353 5.4791724  5.32732106 5.84885579]","[0.11347541 0.11610047 0.12428439 0.11335466 0.11254298 0.10698728
 0.10447472 0.10594086 0.12885487 0.13400412 0.12934184 0.12481646]"
8,8.0,6,0.1,0.2,"[30.0, -20.0, 0.0]","[1.0, 1.0, 1.0]","[6.31881567 5.97098403 5.59413643 5.97098403 6.29430375 5.9191572
 5.5680176  5.96695899 6.01492353 5.4791724  5.32732106 5.84885579]","[0.11347541 0.11610047 0.12428439 0.11335466 0.11254298 0.10698728
 0.10447472 0.10594086 0.12885487 0.13400412 0.12934184 0.12481646]"
8,8.0,6,0.1,0.2,"[30.0, 0.0, 0.0]","[0.6, 0.6, 1.0]","[6.31881567 5.97098403 5.59413643 5.97098403 6.29430375 5.9191572
 5.5680176  5.96695899 6.18101975 5.71356456 5.46994314 5.93233538]","[0.11347541 0.11610047 0.12428439 0.11335466 0.10184253 0.10363746
 0.10420522 0.10189662 0.11316278 0.1164849  0.11464276 0.1114673 ]"
8,8.0,6,0.1,0.2,"[30.0, 0.0, 0.0]","[1.0, 1.0, 1.0]","[6.31881567 5.97098403 5.59413643 5.97098403 6.29430375 5.9191572
 5.5680176  5.96695899 6.18101975 5.71356456 5.46994314 5.93233538]","[0.11347541 0.11610047 0.12428439 0.11335466 0.10184253 0.10363746
 0.10420522 0.10189662 0.11316278 0.1164849  0.11464276 0.1114673 ]"
8,8.0,6,0.1,0.2,"[30.0, 20.0, 0.0]","[0.6, 0.6, 1.0]","[6.31881567 5.97098403 5.59413643 5.97098403 6.29430375 5.9191572
 5.5680176  5.96695899 6.27520091 5.87991721 5.54884755 5.96200258]","[0.11347541 0.11610047 0.12428439 0.11335466 0.1100517  0.11490291
 0.12078119 0.11066924 0.10363104 0.10584474 0.1061071  0.10347976]"
8,8.0,6,0.1,0.2,"[30.0, 20.0, 0.0]","[1.0, 1.0, 1.0]","[6.31881567 5.97098403 5.59413643 5.97098403 6.29430375 5.9191572
 5.5680176  5.96695899 6.27520091 5.87991721 5.54884755 5.96200258]","[0.11347541 0.11610047 0.12428439 0.11335466 0.1100517  0.11490291
 0.12078119 0.11066924 0.10363104 0.10584474 0.1061071  0.10347976]"
4,-8.0,6,0.2,0.1,"[-30.0, -20.0, 0.0]","[0.6, 0.6, 1.0]","[6.15734472 5.98361998 5.79351522 5.98361998 5.8588738  5.87614097
 5.51266846 5.45980446 5.79232502 5.81646226 5.44550253 5.39508328]","[0.21103447 0.20596101 0.20446073 0.20544126 0.24595574 0.22985541
 0.23721427 0.25388342 0.23804119 0.22823672 0.23617598 0.24810554]"
4,-8.0,6,0.2,0.1,"[-30.0, -20.0, 0.0]","[1.0, 1.0, 1.0]","[6.15734472 5.98361998 5.79351522 5.98361998 5.8588738  5.87614097
 5.51266846 5.45980446 5.79232502 5.81646226 5.44550253 5.39508328]","[0.21103447 0.20596101 0.20446073 0.20544126 0.24595574 0.22985541
 0.23721427 0.25388342 0.23804119 0.22823672 0.23617598 0.24810554]"
4,-8.0,6,0.2,0.1,"[-30.0, 0.0, 0.0]","[0.6, 0.6, 1.0]","[6.15734472 5.98361998 5.79351522 5.98361998 5.8588738  5.87614097
 5.51266846 5.45980446 5.62326502 5.69509208 5.28742481 5.18610419]","[0.21103447 0.20596101 0.20446073 0.20544126 0.23474887 0.22535192
 0.23282283 0.24468833 0.24340731 0.2331111  0.24362282 0.25604535]"
4,-8.0,6,0.2,0.1,"[-30.0, 0.0, 0.0]","[1.0, 1.0, 1.0]","[6.15734472 5.98361998 5.79351522 5.98361998 5.8588738  5.87614097
 5.51266846 5.45980446 5.62326502 5.69509208 5.28742481 5.18610419]","[0.21103447 0.20596101 0.20446073 0.20544126 0.23474887 0.22535192
 0.23282283 0.24468833 0.24340731 0.2331111  0.24362282 0.25604535]"
4,-8.0,6,0.2,0.1,"[-30.0, 20.0, 0.0]","[0.6, 0.6, 1.0]","[6.15734472 5.98361998 5.79351522 5.98361998 5.8588738  5.87614097
 5.51266846 5.45980446 5.51792607 5.5886246  5.20165249 5.10941436]","[0.21103447 0.20596101 0.20446073 0.20544126 0.23366777 0.22789834
 0.23776009 0.24342303 0.2482972  0.23806831 0.24952    0.26183775]"
4,-8.0,6,0.2,0.1,"[-30.0, 20.0, 0.0]","[1.0, 1.0, 1.0]","[6.15734472 5.98361998 5.79351522 5.98361998 5.8588738  5.87614097
 5.51266846 5.45980446 5.51792607 5.5886246  5.20165249 5.10941436]","[0.21103447 0.20596101 0.20446073 0.20544126 0.23366777 0.22789834
 0.23776009 0.24342303 0.2482972  0.23806831 0.24952    0.26183775]"
4,-8.0,6,0.2,0.1,"[0.0, -20.0, 0.0]","[0.6, 0.6, 1.0]","[6.15734472 5.98361998 5.79351522 5.98361998 5.53821331 5.6553052
 5.21160151 5.05314746 5.71463459 5.76136772 5.37203629 5.29401972]","[0.2002717  0.20050846 0.20067144 0.20018676 0.25504477 0.237241
 0.24800962 0.26626754 0.24110884 0.23095429 0.24018707 0.25259277]"
4,-8.0,6,0.2,0.1,"[0.0, -20.0, 0.0]","[1.0, 1.0, 1.0]","[6.15734472 5.98361998 5.79351522 5.98361998 5.53821331 5.6553052
 5.21160151 5.05314746 5.71463459 5.76136772 5.37203629 5.29401972]","[0.2002717  0.20050846 0.20067144 0.20018676 0.25504477 0.237241
 0.24800962 0.26626754 0.24110884 0.23095429 0.24018707 0.25259277]"
4,-8.0,6,0.2,0.1,"[0.0, 0.0, 0.0]","[0.6, 0.6, 1.0]","[6.15734472 5.98361998 5.79351522 5.98361998 5.53821331 5.6553052
 5.21160151 5.05314746 5.53218556 5.62082688 5.20681827 5.09008235]","[0.2002717  0.20050846 0.20067144 0.20018676 0.24633605 0.23425645
 0.24718992 0.26221341 0.24772809 0.23693389 0.24871499 0.26172258]"
4,-8.0,6,0.2,0.1,"[0.0, 0.0, 0.0]","[1.0, 1.0, 1.0]","[6.15734472 5.98361998 5.79351522 5.98361998 5.53821331 5.6553052
 5.21160151 5.05314746 5.53218556 5.62082688 5.20681827 5.09008235]","[0.2002717  0.20050846 0.20067144 0.20018676 0.24633605 0.23425645
 0.24718992 0.26221341 0.24772809 0.23693389 0.24871499 0.26172258]"
4,-8.0,6,0.2,0.1,"[0.0, 20.0, 0.0]","[0.6, 0.6, 1.0]","[6.15734472 5.98361998 5.79351522 5.98361998 5.53821331 5.6553052
 5.21160151 5.05314746 5.45143807 5.51542803 5.14766779 5.06844575]","[0.2002717  0.20050846 0.20067144 0.20018676 0.25036706 0.23939811
 0.25744481 0.26851507 0.25234425 0.24223402 0.2540087  0.26623686]"
4,-8.0,6,0.2,0.1,"[0.0, 20.0, 0.0]","[1.0, 1.0, 1.0]","[6.15734472 5.98361998 5.79351522 5.98361998 5.53821331 5.6553052
 5.21160151 5.05314746 5.45143807 5.51542803 5.14766779 5.06844575]","[0.2002717  0.20050846 0.20067144 0.20018676 0.25036706 0.23939811
 0.25744481 0.26851507 0.25234425 0.24223402 0.2540087  0.26623686]"
4,-8.0,6,0.2,0.1,"[30.0, -20.0, 0.0]","[0.6, 0.6, 1.0]","[6.15734472 5.98361998 5.79351522 5.98361998 5.44533182 5.50742651
 5.14095859 5.06406251 5.64883052 5.70595532 5.31134114 5.22180146]","[0.20682024 0.20791963 0.21210282 0.20662178 0.2563374  0.24239357
 0.2500822  0.26344693 0.24348096 0.23343656 0.24340186 0.25569742]"
4,-8.0,6,0.2,0.1,"[30.0, -20.0, 0.0]","[1.0, 1.0, 1.0]","[6.15734472 5.98361998 5.79351522 5.98361998 5.44533182 5.50742651
 5.14095859 5.06406251 5.64883052 5.70595532 5.31134114 5.22180146]","[0.20682024 0.20791963 0.21210282 0.20662178 0.2563374  0.24239357
 0.2500822  0.26344693 0.24348096 0.23343656 0.24340186 0.25569742]"
4,-8.0,6,0.2,0.1,"[30.0, 0.0, 0.0]","[0.6, 0.6, 1.0]","[6.15734472 5.98361998 5.79351522 5.98361998 5.44533182 5.50742651
 5.14095859 5.06406251 5.46566385 5.54812066 5.15035195 5.05011477]","[0.20682024 0.20791963 0.21210282 0.20662178 0.25203033 0.24160409
 0.25395628 0.26677836 0.25093067 0.24052839 0.25245519 0.26472269]"
4,-8.0,6,0.2,0.1,"[30.0, 0.0, 0.0]","[1.0, 1.0, 1.0]","[6.15734472 5.98361998 5.79351522 5.98361998 5.44533182 5.50742651
 5.14095859 5.06406251 5.46566385 5.54812066 5.15035195 5.05011477]","[0.20682024 0.20791963 0.21210282 0.20662178 0.25203033 0.24160409
 0.25395628 0.26677836 0.25093067 0.24052839 0.25245519 0.26472269]"
4,-8.0,6,0.2,0.1,"[30.0, 20.0, 0.0]","[0.6, 0.6, 1.0]","[6.15734472 5.98361998 5.79351522 5.98361998 5.44533182 5.50742651
 5.14095859 5.06406251 5.42354669 5.45700057 5.12575205 5.08947494]","[0.20682024 0.20791963 0.21210282 0.20662178 0.26202372 0.249801
 0.26905747 0.28075053 0.25477732 0.24562888 0.25662495 0.26753022]"
4,-8.0,6,0.2,0.1,"[30.0, 20.0, 0.0]","[1.0, 1.0, 1.0]","[6.15734472 5.98361998 5.79351522 5.98361998 5.44533182 5.50742651
 5.14095859 5.06406251 5.42354669 5.45700057 5.12575205 5.08947494]","[0.20682024 0.20791963 0.21210282 0.20662178 0.26202372 0.249801
 0.26905747 0.28075053 0.25477732 0.24562888 0.25662495 0.26753022]"
4,0.0,6,0.2,0.1,"[-30.0, -20.0, 0.0]","[0.6, 0.6, 1.0]","[6.15734472 5.98361998 5.79351522 5.98361998 5.40490698 5.40113284
 5.0610089  5.05966773 5.40341806 5.34582197 5.02447018 5.05577638]","[0.21103447 0.20596101 0.20446073 0.20544126 0.28480794 0.26035097
 0.26462593 0.27836009 0.2764405  0.25858396 0.25981607 0.27219894]"
4,0.0,6,0.2,0.1,"[-30.0, -20.0, 0.0]","[1.0, 1.0, 1.0]","[6.15734472 5.98361998 5.79351522 5.98361998 5.40490698 5.40113284
 5.0610089  5.05966773 5.40341806 5.34582197 5.02447018 5.05577638]","[0.21103447 0.20596101 0.20446073 0.20544126 0.28480794 0.26035097
 0.26462593 0.27836009 0.2764405  0.25858396 0.25981607 0.27219894]"
4,0.0,6,0.2,0.1,"[-30.0, 0.0, 0.0]","[0.6, 0.6, 1.0]","[6.15734472 5.98361998 5.79351522 5.98361998 5.40490698 5.40113284
 5.0610089  5.05966773 5.24633158 5.16493453 4.89872942 4.97388877]","[0.21103447 0.20596101 0.20446073 0.20544126 0.26244218 0.24898927
 0.25408565 0.26505572 0.27057452 0.26168226 0.26334558 0.26983294]"
4,0.0,6,0.2,0.1,"[-30.0, 0.0, 0.0]","[1.0, 1.0, 1.0]","[6.15734472 5.98361998 5.79351522 5.98361998 5.40490698 5.40113284
 5.0610089  5.05966773 5.24633158 5.16493453 4.89872942 4.97388877]","[0.21103447 0.20596101 0.20446073 0.20544126 0.26244218 0.24898927
 0.25408565 0.26505572 0.27057452 0.26168226 0.26334558 0.26983294]"
4,0.0,6,0.2,0.1,"[-30.0, 20.0, 0.0]","[0.6, 0.6, 1.0]","[6.15734472 5.98361998 5.79351522 5.98361998 5.40490698 5.40113284
 5.0610089  5.05966773 5.24546467 5.08805958 4.93619018 5.10427509]","[0.21103447 0.20596101 0.20446073 0.20544126 0.25315326 0.24699253
 0.25591032 0.26207292 0.26304551 0.26482894 0.26453447 0.2612871 ]"
4,0.0,6,0.2,0.1,"[-30.0, 20.0, 0.0]","[1.0, 1.0, 1.0]","[6.15734472 5.98361998 5.79351522 5.98361998 5.40490698 5.40113284
 5.0610089  5.05966773 5.24546467 5.08805958 4.93619018 5.10427509]","[0.21103447 0.20596101 0.20446073 0.20544126 0.25315326 0.24699253
 0.25591032 0.26207292 0.26304551 0.26482894 0.26453447 0.2612871 ]"
4,0.0,6,0.2,0.1,"[0.0, -20.0, 0.0]","[0.6, 0.6, 1.0]","[6.15734472 5.98361998 5.79351522 5.98361998 5.15362371 5.00927472
 4.85111925 5.00754629 5.26592309 5.18696131 4.92341533 5.00036918]","[0.2002717  0.20050846 0.20067144 0.20018676 0.27681104 0.26975506
 0.26573364 0.26836141 0.26916717 0.2605766  0.26223413 0.26844528]"
4,0.0,6,0.2,0.1,"[0.0, -20.0, 0.0]","[1.0, 1.0, 1.0]","[6.15734472 5.98361998 5.79351522 5.98361998 5.15362371 5.00927472
 4.85111925 5.00754629 5.26592309 5.18696131 4.92341533 5.00036918]","[0.2002717  0.20050846 0.20067144 0.20018676 0.27681104 0.26975506
 0.26573364 0.26836141 0.26916717 0.2605766  0.26223413 0.26844528]"
4,0.0,6,0.2,0.1,"[0.0, 0.0, 0.0]","[0.6, 0.6, 1.0]","[6.15734472 5.98361998 5.79351522 5.98361998 5.15362371 5.00927472
 4.85111925 5.00754629 5.15362749 5.00690341 4.854295   5.01073601]","[0.2002717  0.20050846 0.20067144 0.20018676 0.26463305 0.26542438
 0.26594959 0.26427507 0.26701159 0.26844521 0.26896383 0.2662003 ]"
4,0.0,6,0.2,0.1,"[0.0, 0.0, 0.0]","[1.0, 1.0, 1.0]","[6.15734472 5.98361998 5.79351522 5.98361998 5.15362371 5.00927472
 4.85111925 5.00754629 5.15362749 5.00690341 4.854295   5.01073601]","[0.2002717  0.20050846 0.20067144 0.20018676 0.26463305 0.26542438
 0.26594959 0.26427507 0.26701159 0.26844521 0.26896383 0.2662003 ]"
4,0.0,6,0.2,0.1,"[0.0, 20.0, 0.0]","[0.6, 0.6, 1.0]","[6.15734472 5.98361998 5.79351522 5.98361998 5.15362371 5.00927472
 4.85111925 5.00754629 5.24577412 5.01516547 4.96687554 5.19696722]","[0.2002717  0.20050846 0.20067144 0.20018676 0.26843231 0.27303673
 0.28004736 0.27067904 0.2627105  0.2726167  0.27179285 0.25986239]"
4,0.0,6,0.2,0.1,"[0.0, 20.0, 0.0]","[1.0, 1.0, 1.0]","[6.15734472 5.98361998 5.79351522 5.98361998 5.15362371 5.00927472
 4.85111925 5.00754629 5.24577412 5.01516547 4.96687554 5.19696722]","[0.2002717  0.20050846 0.20067144 0.20018676 0.26843231 0.27303673
 0.28004736 0.27067904 0.2627105  0.2726167  0.27179285 0.25986239]"
4,0.0,6,0.2,0.1,"[30.0, -20.0, 0.0]","[0.6, 0.6, 1.0]","[6.15734472 5.98361998 5.79351522 5.98361998 5.39060862 5.07239699
 5.08842085 5.40226681 5.24261366 5.10091864 4.93676026 5.09091657]","[0.20682024 0.20791963 0.21210282 0.20662178 0.25408283 0.26308234
 0.2535018  0.24502374 0.26278093 0.26414562 0.26463178 0.26191345]"
4,0.0,6,0.2,0.1,"[30.0, -20.0, 0.0]","[1.0, 1.0, 1.0]","[6.15734472 5.98361998 5.79351522 5.98361998 5.39060862 5.07239699
 5.08842085 5.40226681 5.24261366 5.10091864 4.93676026 5.09091657]","[0.20682024 0.20791963 0.21210282 0.20662178 0.25408283 0.26308234
 0.2535018  0.24502374 0.26278093 0.26414562 0.26463178 0.26191345]"
4,0.0,6,0.2,0.1,"[30.0, 0.0, 0.0]","[0.6, 0.6, 1.0]","[6.15734472 5.98361998 5.79351522 5.98361998 5.39060862 5.07239699
 5.08842085 5.40226681 5.22346717 4.98858501 4.94709844 5.1786922 ]","[0.20682024 0.20791963 0.21210282 0.20662178 0.25610674 0.26873973
 0.26429205 0.24939152 0.26377711 0.27416559 0.27297636 0.26068665]"
4,0.0,6,0.2,0.1,"[30.0, 0.0, 0.0]","[1.0, 1.0, 1.0]","[6.15734472 5.98361998 5.79351522 5.98361998 5.39060862 5.07239699
 5.08842085 5.40226681 5.22346717 4.98858501 4.94709844 5.1786922 ]","[0.20682024 0.20791963 0.21210282 0.20662178 0.25610674 0.26873973
 0.26429205 0.24939152 0.26377711 0.27416559 0.27297636 0.26068665]"
4,0.0,6,0.2,0.1,"[30.0, 20.0, 0.0]","[0.6, 0.6, 1.0]","[6.15734472 5.98361998 5.79351522 5.98361998 5.39060862 5.07239699
 5.08842085 5.40226681 5.37452411 5.08713621 5.09109184 5.35600862]","[0.20682024 0.20791963 0.21210282 0.20662178 0.27248093 0.28600004
 0.28624251 0.26193712 0.2643097  0.27859205 0.27825626 0.25908118]"
4,0.0,6,0.2,0.1,"[30.0, 20.0, 0.0]","[1.0, 1.0, 1.0]","[6.15734472 5.98361998 5.79351522 5.98361998 5.39060862 5.07239699
 5.08842085 5.40226681 5.37452411 5.08713621 5.09109184 5.35600862]","[0.20682024 0.20791963 0.21210282 0.20662178 0.27248093 0.28600004
 0.28624251 0.26193712 0.2643097  0.27859205 0.27825626 0.25908118]"
4,8.0,6,0.2,0.1,"[-30.0, -20.0, 0.0]","[0.6, 0.6, 1.0]","[6.15734472 5.98361998 5.79351522 5.98361998 5.45984678 5.06088611
 5.12054476 5.50531586 5.44724841 5.076463   5.09606432 5.46193288]","[0.21103447 0.20596101 0.20446073 0.20544126 0.2667628  0.2765797
 0.25609317 0.24569844 0.25466901 0.26523379 0.25263823 0.24342935]"
4,8.0,6,0.2,0.1,"[-30.0, -20.0, 0.0]","[1.0, 1.0, 1.0]","[6.15734472 5.98361998 5.79351522 5.98361998 5.45984678 5.06088611
 5.12054476 5.50531586 5.44724841 5.076463   5.09606432 5.46193288]","[0.21103447 0.20596101 0.20446073 0.20544126 0.2667628  0.2765797
 0.25609317 0.24569844 0.25466901 0.26523379 0.25263823 0.24342935]"
4,8.0,6,0.2,0.1,"[-30.0, 0.0, 0.0]","[0.6, 0.6, 1.0]","[6.15734472 5.98361998 5.79351522 5.98361998 5.45984678 5.06088611
 5.12054476 5.50531586 5.48239112 5.05093146 5.1481304  5.55914295]","[0.21103447 0.20596101 0.20446073 0.20544126 0.25291999 0.2648388
 0.25020525 0.24022139 0.25037955 0.26391769 0.25079314 0.23898494]"
4,8.0,6,0.2,0.1,"[-30.0, 0.0, 0.0]","[1.0, 1.0, 1.0]","[6.15734472 5.98361998 5.79351522 5.98361998 5.45984678 5.06088611
 5.12054476 5.50531586 5.48239112 5.05093146 5.1481304  5.55914295]","[0.21103447 0.20596101 0.20446073 0.20544126 0.25291999 0.2648388
 0.25020525 0.24022139 0.25037955 0.26391769 0.25079314 0.23898494]"
4,8.0,6,0.2,0.1,"[-30.0, 20.0, 0.0]","[0.6, 0.6, 1.0]","[6.15734472 5.98361998 5.79351522 5.98361998 5.45984678 5.06088611
 5.12054476 5.50531586 5.65894253 5.23454967 5.32109455 5.7129859 ]","[0.21103447 0.20596101 0.20446073 0.20544126 0.25265737 0.26458128
 0.25607826 0.2426888  0.24189965 0.25610409 0.24456929 0.23277479]"
4,8.0,6,0.2,0.1,"[-30.0, 20.0, 0.0]","[1.0, 1.0, 1.0]","[6.15734472 5.98361998 5.79351522 5.98361998 5.45984678 5.06088611
 5.12054476 5.50531586 5.65894253 5.23454967 5.32109455 5.7129859 ]","[0.21103447 0.20596101 0.20446073 0.20544126 0.25265737 0.26458128
 0.25607826 0.2426888  0.24189965 0.25610409 0.24456929 0.23277479]"
4,8.0,6,0.2,0.1,"[0.0, -20.0, 0.0]","[0.6, 0.6, 1.0]","[6.15734472 5.98361998 5.79351522 5.98361998 5.5385123  5.05469132
 5.21190073 5.65538923 5.47172582 5.06590345 5.13442864 5.52386978]","[0.2002717  0.20050846 0.20067144 0.20018676 0.25468136 0.26638604
 0.24798427 0.23655801 0.25226694 0.26432529 0.25081741 0.24046796]"
4,8.0,6,0.2,0.1,"[0.0, -20.0, 0.0]","[1.0, 1.0, 1.0]","[6.15734472 5.98361998 5.79351522 5.98361998 5.5385123  5.05469132
 5.21190073 5.65538923 5.47172582 5.06590345 5.13442864 5.52386978]","[0.2002717  0.20050846 0.20067144 0.20018676 0.25468136 0.26638604
 0.24798427 0.23655801 0.25226694 0.26432529 0.25081741 0.24046796]"
4,8.0,6,0.2,0.1,"[0.0, 0.0, 0.0]","[0.6, 0.6, 1.0]","[6.15734472 5.98361998 5.79351522 5.98361998 5.5385123  5.05469132
 5.21190073 5.65538923 5.54347818 5.10100883 5.21740384 5.63148225]","[0.2002717  0.20050846 0.20067144 0.20018676 0.24621096 0.26231593
 0.24707836 0.23375317 0.247038   0.26123177 0.248057   0.23591296]"
4,8.0,6,0.2,0.1,"[0.0, 0.0, 0.0]","[1.0, 1.0, 1.0]","[6.15734472 5.98361998 5.79351522 5.98361998 5.5385123  5.05469132
 5.21190073 5.65538923 5.54347818 5.10100883 5.21740384 5.63148225]","[0.2002717  0.20050846 0.20067144 0.20018676 0.24621096 0.26231593
 0.24707836 0.23375317 0.247038   0.26123177 0.248057   0.23591296]"
4,8.0,6,0.2,0.1,"[0.0, 20.0, 0.0]","[0.6, 0.6, 1.0]","[6.15734472 5.98361998 5.79351522 5.98361998 5.5385123  5.05469132
 5.21190073 5.65538923 5.72058277 5.30947342 5.38529353 5.76677192]","[0.2002717  0.20050846 0.20067144 0.20018676 0.25038478 0.26943411
 0.25723095 0.23812996 0.2392323  0.25348239 0.24262897 0.23078092]"
4,8.0,6,0.2,0.1,"[0.0, 20.0, 0.0]","[1.0, 1.0, 1.0]","[6.15734472 5.98361998 5.79351522 5.98361998 5.5385123  5.05469132
 5.21190073 5.65538923 5.72058277 5.30947342 5.38529353 5.76677192]","[0.2002717  0.20050846 0.20067144 0.20018676 0.25038478 0.26943411
 0.25723095 0.23812996 0.2392323  0.25348239 0.24262897 0.23078092]"
4,8.0,6,0.2,0.1,"[30.0, -20.0, 0.0]","[0.6, 0.6, 1.0]","[6.15734472 5.98361998 5.79351522 5.98361998 5.86045567 5.46277996
 5.51231642 5.87571733 5.53248181 5.1168638  5.20456687 5.59954244]","[0.20682024 0.20791963 0.21210282 0.20662178 0.23539878 0.24322697
 0.23342281 0.22607029 0.24806797 0.26028574 0.24719633 0.23662676]"
4,8.0,6,0.2,0.1,"[30.0, -20.0, 0.0]","[1.0, 1.0, 1.0]","[6.15734472 5.98361998 5.79351522 5.98361998 5.86045567 5.46277996
 5.51231642 5.87571733 5.53248181 5.1168638  5.20456687 5.59954244]","[0.20682024 0.20791963 0.21210282 0.20662178 0.23539878 0.24322697
 0.23342281 0.22607029 0.24806797 0.26028574 0.24719633 0.23662676]"
4,8.0,6,0.2,0.1,"[30.0, 0.0, 0.0]","[0.6, 0.6, 1.0]","[6.15734472 5.98361998 5.79351522 5.98361998 5.86045567 5.46277996
 5.51231642 5.87571733 5.63121698 5.2026969  5.30440702 5.70500391]","[0.20682024 0.20791963 0.21210282 0.20662178 0.23256951 0.24624903
 0.23649834 0.225524   0.24234036 0.25602745 0.24422598 0.23248882]"
4,8.0,6,0.2,0.1,"[30.0, 0.0, 0.0]","[1.0, 1.0, 1.0]","[6.15734472 5.98361998 5.79351522 5.98361998 5.86045567 5.46277996
 5.51231642 5.87571733 5.63121698 5.2026969  5.30440702 5.70500391]","[0.20682024 0.20791963 0.21210282 0.20662178 0.23256951 0.24624903
 0.23649834 0.225524   0.24234036 0.25602745 0.24422598 0.23248882]"
4,8.0,6,0.2,0.1,"[30.0, 20.0, 0.0]","[0.6, 0.6, 1.0]","[6.15734472 5.98361998 5.79351522 5.98361998 5.86045567 5.46277996
 5.51231642 5.87571733 5.79748692 5.41008018 5.45730989 5.82068128]","[0.20682024 0.20791963 0.21210282 0.20662178 0.24008233 0.25790009
 0.24857781 0.23121261 0.23570968 0.24958243 0.2400216  0.22843054]"
4,8.0,6,0.2,0.1,"[30.0, 20.0, 0.0]","[1.0, 1.0, 1.0]","[6.15734472 5.98361998 5.79351522 5.98361998 5.86045567 5.46277996
 5.51231642 5.87571733 5.79748692 5.41008018 5.45730989 5.82068128]","[0.20682024 0.20791963 0.21210282 0.20662178 0.24008233 0.25790009
 0.24857781 0.23121261 0.23570968 0.24958243 0.2400216  0.22843054]"
6,-8.0,6,0.2,0.1,"[-30.0, -20.0, 0.0]","[0.6, 0.6, 1.0]","[6.15734472 5.98361998 5.79351522 5.98361998 6.01050215 5.91738585
 5.65663286 5.75006476 5.96382947 5.88005314 5.61109466 5.69565686]","[0.21103447 0.20596101 0.20446073 0.20544126 0.23059454 0.22274875
 0.22447633 0.23065177 0.2242769  0.22063865 0.22373609 0.2277776 ]"
6,-8.0,6,0.2,0.1,"[-30.0, -20.0, 0.0]","[1.0, 1.0, 1.0]","[6.15734472 5.98361998 5.79351522 5.98361998 6.01050215 5.91738585
 5.65663286 5.75006476 5.96382947 5.88005314 5.61109466 5.69565686]","[0.21103447 0.20596101 0.20446073 0.20544126 0.23059454 0.22274875
 0.22447633 0.23065177 0.2242769  0.22063865 0.22373609 0.2277776 ]"
6,-8.0,6,0.2,0.1,"[-30.0, 0.0, 0.0]","[0.6, 0.6, 1.0]","[6.15734472 5.98361998 5.79351522 5.98361998 6.01050215 5.91738585
 5.65663286 5.75006476 5.87302    5.81350133 5.52562762 5.58389247]","[0.21103447 0.20596101 0.20446073 0.20544126 0.22234411 0.21903667
 0.22172571 0.2254627  0.22729087 0.22326933 0.22763597 0.23214145]"
6,-8.0,6,0.2,0.1,"[-30.0, 0.0, 0.0]","[1.0, 1.0, 1.0]","[6.15734472 5.98361998 5.79351522 5.98361998 6.01050215 5.91738585
 5.65663286 5.75006476 5.87302    5.81350133 5.52562762 5.58389247]","[0.21103447 0.20596101 0.20446073 0.20544126 0.22234411 0.21903667
 0.22172571 0.2254627  0.22729087 0.22326933 0.22763597 0.23214145]"
6,-8.0,6,0.2,0.1,"[-30.0, 20.0, 0.0]","[0.6, 0.6, 1.0]","[6.15734472 5.98361998 5.79351522 5.98361998 6.01050215 5.91738585
 5.65663286 5.75006476 5.81653418 5.75933169 5.47772124 5.5349383 ]","[0.21103447 0.20596101 0.20446073 0.20544126 0.22367826 0.22227952
 0.22753473 0.22707489 0.22952471 0.22567357 0.23036989 0.23477418]"
6,-8.0,6,0.2,0.1,"[-30.0, 20.0, 0.0]","[1.0, 1.0, 1.0]","[6.15734472 5.98361998 5.79351522 5.98361998 6.01050215 5.91738585
 5.65663286 5.75006476 5.81653418 5.75933169 5.47772124 5.5349383 ]","[0.21103447 0.20596101 0.20446073 0.20544126 0.22367826 0.22227952
 0.22753473 0.22707489 0.22952471 0.22567357 0.23036989 0.23477418]"
6,-8.0,6,0.2,0.1,"[0.0, -20.0, 0.0]","[0.6, 0.6, 1.0]","[6.15734472 5.98361998 5.79351522 5.98361998 5.85158602 5.80769648
 5.50604189 5.54452889 5.94054428 5.86198266 5.58875442 5.66698872]","[0.2002717  0.20050846 0.20067144 0.20018676 0.23481302 0.22611019
 0.22951488 0.23666762 0.22518041 0.22155971 0.22501906 0.22905988]"
6,-8.0,6,0.2,0.1,"[0.0, -20.0, 0.0]","[1.0, 1.0, 1.0]","[6.15734472 5.98361998 5.79351522 5.98361998 5.85158602 5.80769648
 5.50604189 5.54452889 5.94054428 5.86198266 5.58875442 5.66698872]","[0.2002717  0.20050846 0.20067144 0.20018676 0.23481302 0.22611019
 0.22951488 0.23666762 0.22518041 0.22155971 0.22501906 0.22905988]"
6,-8.0,6,0.2,0.1,"[0.0, 0.0, 0.0]","[0.6, 0.6, 1.0]","[6.15734472 5.98361998 5.79351522 5.98361998 5.85158602 5.80769648
 5.50604189 5.54452889 5.84634942 5.79172803 5.50131289 5.55470477]","[0.2002717  0.20050846 0.20067144 0.20018676 0.22782478 0.22331774
 0.22844914 0.23362532 0.22845789 0.22441203 0.22915757 0.23369505]"
6,-8.0,6,0.2,0.1,"[0.0, 0.0, 0.0]","[1.0, 1.0, 1.0]","[6.15734472 5.98361998 5.79351522 5.98361998 5.85158602 5.80769648
 5.50604189 5.54452889 5.84634942 5.79172803 5.50131289 5.55470477]","[0.2002717  0.20050846 0.20067144 0.20018676 0.22782478 0.22331774
 0.22844914 0.23362532 0.22845789 0.22441203 0.22915757 0.23369505]"
6,-8.0,6,0.2,0.1,"[0.0, 20.0, 0.0]","[0.6, 0.6, 1.0]","[6.15734472 5.98361998 5.79351522 5.98361998 5.85158602 5.80769648
 5.50604189 5.54452889 5.79590637 5.73893437 5.46022078 5.5180836 ]","[0.2002717  0.20050846 0.20067144 0.20018676 0.23151608 0.22800526
 0.23670171 0.23832401 0.2306046  0.22685229 0.23174956 0.23605942]"
6,-8.0,6,0.2,0.1,"[0.0, 20.0, 0.0]","[1.0, 1.0, 1.0]","[6.15734472 5.98361998 5.79351522 5.98361998 5.85158602 5.80769648
 5.50604189 5.54452889 5.79590637 5.73893437 5.46022078 5.5180836 ]","[0.2002717  0.20050846 0.20067144 0.20018676 0.23151608 0.22800526
 0.23670171 0.23832401 0.2306046  0.22685229 0.23174956 0.23605942]"
6,-8.0,6,0.2,0.1,"[30.0, -20.0, 0.0]","[0.6, 0.6, 1.0]","[6.15734472 5.98361998 5.79351522 5.98361998 5.78893786 5.73500565
 5.45546702 5.5081404  5.92215998 5.84649207 5.57161357 5.64603488]","[0.20682024 0.20791963 0.21210282 0.20662178 0.23581039 0.22829107
 0.23080913 0.23677967 0.22582531 0.22232453 0.22602432 0.22997703]"
6,-8.0,6,0.2,0.1,"[30.0, -20.0, 0.0]","[1.0, 1.0, 1.0]","[6.15734472 5.98361998 5.79351522 5.98361998 5.78893786 5.73500565
 5.45546702 5.5081404  5.92215998 5.84649207 5.57161357 5.64603488]","[0.20682024 0.20791963 0.21210282 0.20662178 0.23581039 0.22829107
 0.23080913 0.23677967 0.22582531 0.22232453 0.22602432 0.22997703]"
6,-8.0,6,0.2,0.1,"[30.0, 0.0, 0.0]","[0.6, 0.6, 1.0]","[6.15734472 5.98361998 5.79351522 5.98361998 5.78893786 5.73500565
 5.45546702 5.5081404  5.82493047 5.77192537 5.48243564 5.5351159 ]","[0.20682024 0.20791963 0.21210282 0.20662178 0.23055687 0.22666244
 0.23175274 0.23636769 0.22937844 0.22543356 0.23038687 0.23481917]"
6,-8.0,6,0.2,0.1,"[30.0, 0.0, 0.0]","[1.0, 1.0, 1.0]","[6.15734472 5.98361998 5.79351522 5.98361998 5.78893786 5.73500565
 5.45546702 5.5081404  5.82493047 5.77192537 5.48243564 5.5351159 ]","[0.20682024 0.20791963 0.21210282 0.20662178 0.23055687 0.22666244
 0.23175274 0.23636769 0.22937844 0.22543356 0.23038687 0.23481917]"
6,-8.0,6,0.2,0.1,"[30.0, 20.0, 0.0]","[0.6, 0.6, 1.0]","[6.15734472 5.98361998 5.79351522 5.98361998 5.78893786 5.73500565
 5.45546702 5.5081404  5.78264642 5.72208461 5.4494083  5.51266404]","[0.20682024 0.20791963 0.21210282 0.20662178 0.23678629 0.23294043
 0.2422116  0.24407372 0.23140078 0.22785881 0.23277083 0.23685254]"
6,-8.0,6,0.2,0.1,"[30.0, 20.0, 0.0]","[1.0, 1.0, 1.0]","[6.15734472 5.98361998 5.79351522 5.98361998 5.78893786 5.73500565
 5.45546702 5.5081404  5.78264642 5.72208461 5.4494083  5.51266404]","[0.20682024 0.20791963 0.21210282 0.20662178 0.23678629 0.23294043
 0.2422116  0.24407372 0.23140078 0.22785881 0.23277083 0.23685254]"
6,0.0,6,0.2,0.1,"[-30.0, -20.0, 0.0]","[0.6, 0.6, 1.0]","[6.15734472 5.98361998 5.79351522 5.98361998 5.69928435 5.59338269
 5.3452153  5.45410515 5.69809332 5.56705457 5.32464356 5.44837902]","[0.21103447 0.20596101 0.20446073 0.20544126 0.25926728 0.24408031
 0.24302692 0.24954168 0.25000422 0.2399623  0.23793463 0.24374931]"
6,0.0,6,0.2,0.1,"[-30.0, -20.0, 0.0]","[1.0, 1.0, 1.0]","[6.15734472 5.98361998 5.79351522 5.98361998 5.69928435 5.59338269
 5.3452153  5.45410515 5.69809332 5.56705457 5.32464356 5.44837902]","[0.21103447 0.20596101 0.20446073 0.20544126 0.25926728 0.24408031
 0.24302692 0.24954168 0.25000422 0.2399623  0.23793463 0.24374931]"
6,0.0,6,0.2,0.1,"[-30.0, 0.0, 0.0]","[0.6, 0.6, 1.0]","[6.15734472 5.98361998 5.79351522 5.98361998 5.69928435 5.59338269
 5.3452153  5.45410515 5.60562019 5.46756021 5.25351671 5.3966566 ]","[0.21103447 0.20596101 0.20446073 0.20544126 0.24129083 0.23459352
 0.23505744 0.23969809 0.24462294 0.24044205 0.23977681 0.24205384]"
6,0.0,6,0.2,0.1,"[-30.0, 0.0, 0.0]","[1.0, 1.0, 1.0]","[6.15734472 5.98361998 5.79351522 5.98361998 5.69928435 5.59338269
 5.3452153  5.45410515 5.60562019 5.46756021 5.25351671 5.3966566 ]","[0.21103447 0.20596101 0.20446073 0.20544126 0.24129083 0.23459352
 0.23505744 0.23969809 0.24462294 0.24044205 0.23977681 0.24205384]"
6,0.0,6,0.2,0.1,"[-30.0, 20.0, 0.0]","[0.6, 0.6, 1.0]","[6.15734472 5.98361998 5.79351522 5.98361998 5.69928435 5.59338269
 5.3452153  5.45410515 5.61175354 5.4446831  5.28341291 5.46231145]","[0.21103447 0.20596101 0.20446073 0.20544126 0.23461274 0.23360446
 0.23759382 0.23813683 0.23956682 0.24114754 0.24100615 0.23836688]"
6,0.0,6,0.2,0.1,"[-30.0, 20.0, 0.0]","[1.0, 1.0, 1.0]","[6.15734472 5.98361998 5.79351522 5.98361998 5.69928435 5.59338269
 5.3452153  5.45410515 5.61175354 5.4446831  5.28341291 5.46231145]","[0.21103447 0.20596101 0.20446073 0.20544126 0.23461274 0.23360446
 0.23759382 0.23813683 0.23956682 0.24114754 0.24100615 0.23836688]"
6,0.0,6,0.2,0.1,"[0.0, -20.0, 0.0]","[0.6, 0.6, 1.0]","[6.15734472 5.98361998 5.79351522 5.98361998 5.55178549 5.39594727
 5.22516317 5.39473963 5.62768545 5.49497732 5.27572913 5.41420475]","[0.2002717  0.20050846 0.20067144 0.20018676 0.25014036 0.24459728
 0.24141215 0.24346488 0.24392557 0.23945317 0.23893828 0.24151115]"
6,0.0,6,0.2,0.1,"[0.0, -20.0, 0.0]","[1.0, 1.0, 1.0]","[6.15734472 5.98361998 5.79351522 5.98361998 5.55178549 5.39594727
 5.22516317 5.39473963 5.62768545 5.49497732 5.27572913 5.41420475]","[0.2002717  0.20050846 0.20067144 0.20018676 0.25014036 0.24459728
 0.24141215 0.24346488 0.24392557 0.23945317 0.23893828 0.24151115]"
6,0.0,6,0.2,0.1,"[0.0, 0.0, 0.0]","[0.6, 0.6, 1.0]","[6.15734472 5.98361998 5.79351522 5.98361998 5.55178549 5.39594727
 5.22516317 5.39473963 5.5605062  5.40392111 5.23507199 5.40418462]","[0.2002717  0.20050846 0.20067144 0.20018676 0.2404563  0.24109101
 0.24150145 0.24017383 0.24151076 0.24252395 0.24303465 0.24098014]"
6,0.0,6,0.2,0.1,"[0.0, 0.0, 0.0]","[1.0, 1.0, 1.0]","[6.15734472 5.98361998 5.79351522 5.98361998 5.55178549 5.39594727
 5.22516317 5.39473963 5.5605062  5.40392111 5.23507199 5.40418462]","[0.2002717  0.20050846 0.20067144 0.20018676 0.2404563  0.24109101
 0.24150145 0.24017383 0.24151076 0.24252395 0.24303465 0.24098014]"
6,0.0,6,0.2,0.1,"[0.0, 20.0, 0.0]","[0.6, 0.6, 1.0]","[6.15734472 5.98361998 5.79351522 5.98361998 5.55178549 5.39594727
 5.22516317 5.39473963 5.61439654 5.42382954 5.30222772 5.49943402]","[0.2002717  0.20050846 0.20067144 0.20018676 0.24355116 0.24721497
 0.25270999 0.24531105 0.23918155 0.24453323 0.24593868 0.23896061]"
6,0.0,6,0.2,0.1,"[0.0, 20.0, 0.0]","[1.0, 1.0, 1.0]","[6.15734472 5.98361998 5.79351522 5.98361998 5.55178549 5.39594727
 5.22516317 5.39473963 5.61439654 5.42382954 5.30222772 5.49943402]","[0.2002717  0.20050846 0.20067144 0.20018676 0.24355116 0.24721497
 0.25270999 0.24531105 0.23918155 0.24453323 0.24593868 0.23896061]"
6,0.0,6,0.2,0.1,"[30.0, -20.0, 0.0]","[0.6, 0.6, 1.0]","[6.15734472 5.98361998 5.79351522 5.98361998 5.68876363 5.46238305
 5.36477107 5.59444311 5.61165005 5.46192886 5.28010004 5.44253135]","[0.20682024 0.20791963 0.21210282 0.20662178 0.23581603 0.23877324
 0.23464519 0.23166114 0.23958231 0.24024872 0.24076206 0.23911762]"
6,0.0,6,0.2,0.1,"[30.0, -20.0, 0.0]","[1.0, 1.0, 1.0]","[6.15734472 5.98361998 5.79351522 5.98361998 5.68876363 5.46238305
 5.36477107 5.59444311 5.61165005 5.46192886 5.28010004 5.44253135]","[0.20682024 0.20791963 0.21210282 0.20662178 0.23581603 0.23877324
 0.23464519 0.23166114 0.23958231 0.24024872 0.24076206 0.23911762]"
6,0.0,6,0.2,0.1,"[30.0, 0.0, 0.0]","[0.6, 0.6, 1.0]","[6.15734472 5.98361998 5.79351522 5.98361998 5.68876363 5.46238305
 5.36477107 5.59444311 5.59141072 5.40514983 5.27987414 5.47284758]","[0.20682024 0.20791963 0.21210282 0.20662178 0.23641728 0.24240599
 0.24264909 0.23479811 0.23990023 0.24505761 0.24647382 0.23978226]"
6,0.0,6,0.2,0.1,"[30.0, 0.0, 0.0]","[1.0, 1.0, 1.0]","[6.15734472 5.98361998 5.79351522 5.98361998 5.68876363 5.46238305
 5.36477107 5.59444311 5.59141072 5.40514983 5.27987414 5.47284758]","[0.20682024 0.20791963 0.21210282 0.20662178 0.23641728 0.24240599
 0.24264909 0.23479811 0.23990023 0.24505761 0.24647382 0.23978226]"
6,0.0,6,0.2,0.1,"[30.0, 20.0, 0.0]","[0.6, 0.6, 1.0]","[6.15734472 5.98361998 5.79351522 5.98361998 5.68876363 5.46238305
 5.36477107 5.59444311 5.67828371 5.46576818 5.36513936 5.57224413]","[0.20682024 0.20791963 0.21210282 0.20662178 0.2491552  0.25541865
 0.26032882 0.24535575 0.24102136 0.24839365 0.25134542 0.24028954]"
6,0.0,6,0.2,0.1,"[30.0, 20.0, 0.0]","[1.0, 1.0, 1.0]","[6.15734472 5.98361998 5.79351522 5.98361998 5.68876363 5.46238305
 5.36477107 5.59444311 5.67828371 5.46576818 5.36513936 5.57224413]","[0.20682024 0.20791963 0.21210282 0.20662178 0.2491552  0.25541865
 0.26032882 0.24535575 0.24102136 0.24839365 0.25134542 0.24028954]"
6,8.0,6,0.2,0.1,"[-30.0, -20.0, 0.0]","[0.6, 0.6, 1.0]","[6.15734472 5.98361998 5.79351522 5.98361998 5.79604    5.5065112
 5.44563358 5.73416669 5.79192811 5.51108771 5.44153592 5.72475848]","[0.21103447 0.20596101 0.20446073 0.20544126 0.24005104 0.24201568
 0.23356359 0.22977204 0.23148001 0.23624243 0.23099297 0.22663303]"
6,8.0,6,0.2,0.1,"[-30.0, -20.0, 0.0]","[1.0, 1.0, 1.0]","[6.15734472 5.98361998 5.79351522 5.98361998 5.79604    5.5065112
 5.44563358 5.73416669 5.79192811 5.51108771 5.44153592 5.72475848]","[0.21103447 0.20596101 0.20446073 0.20544126 0.24005104 0.24201568
 0.23356359 0.22977204 0.23148001 0.23624243 0.23099297 0.22663303]"
6,8.0,6,0.2,0.1,"[-30.0, 0.0, 0.0]","[0.6, 0.6, 1.0]","[6.15734472 5.98361998 5.79351522 5.98361998 5.79604    5.5065112
 5.44563358 5.73416669 5.83100308 5.53931063 5.48511968 5.77634826]","[0.21103447 0.20596101 0.20446073 0.20544126 0.2308498  0.23593984
 0.23028549 0.22573488 0.22923915 0.23469387 0.22960529 0.22460447]"
6,8.0,6,0.2,0.1,"[-30.0, 0.0, 0.0]","[1.0, 1.0, 1.0]","[6.15734472 5.98361998 5.79351522 5.98361998 5.79604    5.5065112
 5.44563358 5.73416669 5.83100308 5.53931063 5.48511968 5.77634826]","[0.21103447 0.20596101 0.20446073 0.20544126 0.2308498  0.23593984
 0.23028549 0.22573488 0.22923915 0.23469387 0.22960529 0.22460447]"
6,8.0,6,0.2,0.1,"[-30.0, 20.0, 0.0]","[0.6, 0.6, 1.0]","[6.15734472 5.98361998 5.79351522 5.98361998 5.79604    5.5065112
 5.44563358 5.73416669 5.92633757 5.65192041 5.57533297 5.84901196]","[0.21103447 0.20596101 0.20446073 0.20544126 0.23280668 0.23875854
 0.23670446 0.22867582 0.22528389 0.23041545 0.22657453 0.22194172]"
6,8.0,6,0.2,0.1,"[-30.0, 20.0, 0.0]","[1.0, 1.0, 1.0]","[6.15734472 5.98361998 5.79351522 5.98361998 5.79604    5.5065112
 5.44563358 5.73416669 5.92633757 5.65192041 5.57533297 5.84901196]","[0.21103447 0.20596101 0.20446073 0.20544126 0.23280668 0.23875854
 0.23670446 0.22867582 0.22528389 0.23041545 0.22657453 0.22194172]"
6,8.0,6,0.2,0.1,"[0.0, -20.0, 0.0]","[0.6, 0.6, 1.0]","[6.15734472 5.98361998 5.79351522 5.98361998 5.85172266 5.54514363
 5.50617867 5.80779153 5.80429197 5.51903383 5.45621274 5.74238799]","[0.2002717  0.20050846 0.20067144 0.20018676 0.23466446 0.23702876
 0.22949184 0.22552466 0.23060165 0.23559792 0.23043537 0.22583424]"
6,8.0,6,0.2,0.1,"[0.0, -20.0, 0.0]","[1.0, 1.0, 1.0]","[6.15734472 5.98361998 5.79351522 5.98361998 5.85172266 5.54514363
 5.50617867 5.80779153 5.80429197 5.51903383 5.45621274 5.74238799]","[0.2002717  0.20050846 0.20067144 0.20018676 0.23466446 0.23702876
 0.22949184 0.22552466 0.23060165 0.23559792 0.23043537 0.22583424]"
6,8.0,6,0.2,0.1,"[0.0, 0.0, 0.0]","[0.6, 0.6, 1.0]","[6.15734472 5.98361998 5.79351522 5.98361998 5.85172266 5.54514363
 5.50617867 5.80779153 5.85140223 5.56045043 5.50605416 5.79602373]","[0.2002717  0.20050846 0.20067144 0.20018676 0.22777259 0.23389506
 0.22840772 0.22290243 0.22819175 0.23372645 0.22890977 0.22380482]"
6,8.0,6,0.2,0.1,"[0.0, 0.0, 0.0]","[1.0, 1.0, 1.0]","[6.15734472 5.98361998 5.79351522 5.98361998 5.85172266 5.54514363
 5.50617867 5.80779153 5.85140223 5.56045043 5.50605416 5.79602373]","[0.2002717  0.20050846 0.20067144 0.20018676 0.22777259 0.23389506
 0.22840772 0.22290243 0.22819175 0.23372645 0.22890977 0.22380482]"
6,8.0,6,0.2,0.1,"[0.0, 20.0, 0.0]","[0.6, 0.6, 1.0]","[6.15734472 5.98361998 5.79351522 5.98361998 5.85172266 5.54514363
 5.50617867 5.80779153 5.9439781  5.67289689 5.59270495 5.86413108]","[0.2002717  0.20050846 0.20067144 0.20018676 0.23148932 0.23927735
 0.23662468 0.22689708 0.22447486 0.22968084 0.2261505  0.22138824]"
6,8.0,6,0.2,0.1,"[0.0, 20.0, 0.0]","[1.0, 1.0, 1.0]","[6.15734472 5.98361998 5.79351522 5.98361998 5.85172266 5.54514363
 5.50617867 5.80779153 5.9439781  5.67289689 5.59270495 5.86413108]","[0.2002717  0.20050846 0.20067144 0.20018676 0.23148932 0.23927735
 0.23662468 0.22689708 0.22447486 0.22968084 0.2261505  0.22138824]"
6,8.0,6,0.2,0.1,"[30.0, -20.0, 0.0]","[0.6, 0.6, 1.0]","[6.15734472 5.98361998 5.79351522 5.98361998 6.01193528 5.75060587
 5.6550145  5.91710397 5.82391721 5.53797185 5.47703191 5.76336368]","[0.20682024 0.20791963 0.21210282 0.20662178 0.22591166 0.22652261
 0.22245313 0.22035825 0.22938767 0.23448848 0.22953737 0.22480452]"
6,8.0,6,0.2,0.1,"[30.0, -20.0, 0.0]","[1.0, 1.0, 1.0]","[6.15734472 5.98361998 5.79351522 5.98361998 6.01193528 5.75060587
 5.6550145  5.91710397 5.82391721 5.53797185 5.47703191 5.76336368]","[0.20682024 0.20791963 0.21210282 0.20662178 0.22591166 0.22652261
 0.22245313 0.22035825 0.22938767 0.23448848 0.22953737 0.22480452]"
6,8.0,6,0.2,0.1,"[30.0, 0.0, 0.0]","[0.6, 0.6, 1.0]","[6.15734472 5.98361998 5.79351522 5.98361998 6.01193528 5.75060587
 5.6550145  5.91710397 5.8776384  5.59061968 5.53133156 5.81761905]","[0.20682024 0.20791963 0.21210282 0.20662178 0.22150889 0.2263684
 0.22342317 0.21903333 0.2268504  0.2323752  0.22795149 0.22282696]"
6,8.0,6,0.2,0.1,"[30.0, 0.0, 0.0]","[1.0, 1.0, 1.0]","[6.15734472 5.98361998 5.79351522 5.98361998 6.01193528 5.75060587
 5.6550145  5.91710397 5.8776384  5.59061968 5.53133156 5.81761905]","[0.20682024 0.20791963 0.21210282 0.20662178 0.22150889 0.2263684
 0.22342317 0.21903333 0.2268504  0.2323752  0.22795149 0.22282696]"
6,8.0,6,0.2,0.1,"[30.0, 20.0, 0.0]","[0.6, 0.6, 1.0]","[6.15734472 5.98361998 5.79351522 5.98361998 6.01193528 5.75060587
 5.6550145  5.91710397 5.96735316 5.70136644 5.6143598  5.88187556]","[0.20682024 0.20791963 0.21210282 0.20662178 0.22676876 0.23373995
 0.23281397 0.22388065 0.22337854 0.22862433 0.22546426 0.22062819]"
6,8.0,6,0.2,0.1,"[30.0, 20.0, 0.0]","[1.0, 1.0, 1.0]","[6.15734472 5.98361998 5.79351522 5.98361998 6.01193528 5.75060587
 5.6550145  5.91710397 5.96735316 5.70136644 5.6143598  5.88187556]","[0.20682024 0.20791963 0.21210282 0.20662178 0.22676876 0.23373995
 0.23281397 0.22388065 0.22337854 0.22862433 0.22546426 0.22062819]"
8,-8.0,6,0.2,0.1,"[-30.0, -20.0, 0.0]","[0.6, 0.6, 1.0]","[6.15734472 5.98361998 5.79351522 5.98361998 6.0684696  5.9369749
 5.71111918 5.85270469 6.04011526 5.91594156 5.68372805 5.81699074]","[0.21103447 0.20596101 0.20446073 0.20544126 0.21720673 0.21169917
 0.21173888 0.21499791 0.21829282 0.21651518 0.21814191 0.21994788]"
8,-8.0,6,0.2,0.1,"[-30.0, -20.0, 0.0]","[1.0, 1.0, 1.0]","[6.15734472 5.98361998 5.79351522 5.98361998 6.0684696  5.9369749
 5.71111918 5.85270469 6.04011526 5.91594156 5.68372805 5.81699074]","[0.21103447 0.20596101 0.20446073 0.20544126 0.21720673 0.21169917
 0.21173888 0.21499791 0.21829282 0.21651518 0.21814191 0.21994788]"
8,-8.0,6,0.2,0.1,"[-30.0, 0.0, 0.0]","[0.6, 0.6, 1.0]","[6.15734472 5.98361998 5.79351522 5.98361998 6.0684696  5.9369749
 5.71111918 5.85270469 5.98455373 5.87508596 5.63094047 5.74788257]","[0.21103447 0.20596101 0.20446073 0.20544126 0.20969325 0.20820642
 0.2094892  0.21095583 0.22011922 0.21811308 0.22050337 0.22260454]"
8,-8.0,6,0.2,0.1,"[-30.0, 0.0, 0.0]","[1.0, 1.0, 1.0]","[6.15734472 5.98361998 5.79351522 5.98361998 6.0684696  5.9369749
 5.71111918 5.85270469 5.98455373 5.87508596 5.63094047 5.74788257]","[0.21103447 0.20596101 0.20446073 0.20544126 0.20969325 0.20820642
 0.2094892  0.21095583 0.22011922 0.21811308 0.22050337 0.22260454]"
8,-8.0,6,0.2,0.1,"[-30.0, 20.0, 0.0]","[0.6, 0.6, 1.0]","[6.15734472 5.98361998 5.79351522 5.98361998 6.0684696  5.9369749
 5.71111918 5.85270469 5.94841544 5.84209425 5.59958272 5.71348904]","[0.21103447 0.20596101 0.20446073 0.20544126 0.21193041 0.21189945
 0.21585798 0.21359932 0.22142047 0.21954249 0.22216318 0.2241788 ]"
8,-8.0,6,0.2,0.1,"[-30.0, 20.0, 0.0]","[1.0, 1.0, 1.0]","[6.15734472 5.98361998 5.79351522 5.98361998 6.0684696  5.9369749
 5.71111918 5.85270469 5.94841544 5.84209425 5.59958272 5.71348904]","[0.21103447 0.20596101 0.20446073 0.20544126 0.21193041 0.21189945
 0.21585798 0.21359932 0.22142047 0.21954249 0.22216318 0.2241788 ]"
8,-8.0,6,0.2,0.1,"[0.0, -20.0, 0.0]","[0.6, 0.6, 1.0]","[6.15734472 5.98361998 5.79351522 5.98361998 5.98018294 5.87399821
 5.62689567 5.73974749 6.02941434 5.90531614 5.67316364 5.80649413]","[0.2002717  0.20050846 0.20067144 0.20018676 0.22661829 0.22081743
 0.22180594 0.22560614 0.21869498 0.21702816 0.21875919 0.22043944]"
8,-8.0,6,0.2,0.1,"[0.0, -20.0, 0.0]","[1.0, 1.0, 1.0]","[6.15734472 5.98361998 5.79351522 5.98361998 5.98018294 5.87399821
 5.62689567 5.73974749 6.02941434 5.90531614 5.67316364 5.80649413]","[0.2002717  0.20050846 0.20067144 0.20018676 0.22661829 0.22081743
 0.22180594 0.22560614 0.21869498 0.21702816 0.21875919 0.22043944]"
8,-8.0,6,0.2,0.1,"[0.0, 0.0, 0.0]","[0.6, 0.6, 1.0]","[6.15734472 5.98361998 5.79351522 5.98361998 5.98018294 5.87399821
 5.62689567 5.73974749 5.97592428 5.86503785 5.62295801 5.74210529]","[0.2002717  0.20050846 0.20067144 0.20018676 0.22012461 0.2180701
 0.22066624 0.22284355 0.22048512 0.21863477 0.2210714  0.22298371]"
8,-8.0,6,0.2,0.1,"[0.0, 0.0, 0.0]","[1.0, 1.0, 1.0]","[6.15734472 5.98361998 5.79351522 5.98361998 5.98018294 5.87399821
 5.62689567 5.73974749 5.97592428 5.86503785 5.62295801 5.74210529]","[0.2002717  0.20050846 0.20067144 0.20018676 0.22012461 0.2180701
 0.22066624 0.22284355 0.22048512 0.21863477 0.2210714  0.22298371]"
8,-8.0,6,0.2,0.1,"[0.0, 20.0, 0.0]","[0.6, 0.6, 1.0]","[6.15734472 5.98361998 5.79351522 5.98361998 5.98018294 5.87399821
 5.62689567 5.73974749 5.94565335 5.83571456 5.59747518 5.71587813]","[0.2002717  0.20050846 0.20067144 0.20018676 0.22362694 0.22256135
 0.22826903 0.22702546 0.22161136 0.21995808 0.22254536 0.22430596]"
8,-8.0,6,0.2,0.1,"[0.0, 20.0, 0.0]","[1.0, 1.0, 1.0]","[6.15734472 5.98361998 5.79351522 5.98361998 5.98018294 5.87399821
 5.62689567 5.73974749 5.94565335 5.83571456 5.59747518 5.71587813]","[0.2002717  0.20050846 0.20067144 0.20018676 0.22362694 0.22256135
 0.22826903 0.22702546 0.22161136 0.21995808 0.22254536 0.22430596]"
8,-8.0,6,0.2,0.1,"[30.0, -20.0, 0.0]","[0.6, 0.6, 1.0]","[6.15734472 5.98361998 5.79351522 5.98361998 5.94300115 5.83494001
 5.59625988 5.71133635 6.02293238 5.89962084 5.66710503 5.79932507]","[0.20682024 0.20791963 0.21210282 0.20662178 0.22705866 0.22184248
 0.22249382 0.22584928 0.21890702 0.21733612 0.21916582 0.2207662 ]"
8,-8.0,6,0.2,0.1,"[30.0, -20.0, 0.0]","[1.0, 1.0, 1.0]","[6.15734472 5.98361998 5.79351522 5.98361998 5.94300115 5.83494001
 5.59625988 5.71133635 6.02293238 5.89962084 5.66710503 5.79932507]","[0.20682024 0.20791963 0.21210282 0.20662178 0.22705866 0.22184248
 0.22249382 0.22584928 0.21890702 0.21733612 0.21916582 0.2207662 ]"
8,-8.0,6,0.2,0.1,"[30.0, 0.0, 0.0]","[0.6, 0.6, 1.0]","[6.15734472 5.98361998 5.79351522 5.98361998 5.94300115 5.83494001
 5.59625988 5.71133635 5.96809437 5.85801328 5.61597617 5.73438245]","[0.20682024 0.20791963 0.21210282 0.20662178 0.22152456 0.21983757
 0.22250902 0.22438082 0.22079441 0.21902377 0.22156533 0.22340774]"
8,-8.0,6,0.2,0.1,"[30.0, 0.0, 0.0]","[1.0, 1.0, 1.0]","[6.15734472 5.98361998 5.79351522 5.98361998 5.94300115 5.83494001
 5.59625988 5.71133635 5.96809437 5.85801328 5.61597617 5.73438245]","[0.20682024 0.20791963 0.21210282 0.20662178 0.22152456 0.21983757
 0.22250902 0.22438082 0.22079441 0.21902377 0.22156533 0.22340774]"
8,-8.0,6,0.2,0.1,"[30.0, 20.0, 0.0]","[0.6, 0.6, 1.0]","[6.15734472 5.98361998 5.79351522 5.98361998 5.94300115 5.83494001
 5.59625988 5.71133635 5.94007018 5.82962362 5.59293887 5.71207854]","[0.20682024 0.20791963 0.21210282 0.20662178 0.22642295 0.22531082
 0.23141099 0.23010569 0.22189685 0.22034748 0.22298996 0.22465612]"
8,-8.0,6,0.2,0.1,"[30.0, 20.0, 0.0]","[1.0, 1.0, 1.0]","[6.15734472 5.98361998 5.79351522 5.98361998 5.94300115 5.83494001
 5.59625988 5.71133635 5.94007018 5.82962362 5.59293887 5.71207854]","[0.20682024 0.20791963 0.21210282 0.20662178 0.22642295 0.22531082
 0.23141099 0.23010569 0.22189685 0.22034748 0.22298996 0.22465612]"
8,0.0,6,0.2,0.1,"[-30.0, -20.0, 0.0]","[0.6, 0.6, 1.0]","[6.15734472 5.98361998 5.79351522 5.98361998 5.84868822 5.70607402
 5.49031896 5.63995372 5.84640003 5.69032346 5.47618841 5.63352036]","[0.21103447 0.20596101 0.20446073 0.20544126 0.24666542 0.23494775
 0.23250832 0.23673109 0.23703204 0.23010498 0.22756444 0.23112508]"
8,0.0,6,0.2,0.1,"[-30.0, -20.0, 0.0]","[1.0, 1.0, 1.0]","[6.15734472 5.98361998 5.79351522 5.98361998 5.84868822 5.70607402
 5.49031896 5.63995372 5.84640003 5.69032346 5.47618841 5.63352036]","[0.21103447 0.20596101 0.20446073 0.20544126 0.24666542 0.23494775
 0.23250832 0.23673109 0.23703204 0.23010498 0.22756444 0.23112508]"
8,0.0,6,0.2,0.1,"[-30.0, 0.0, 0.0]","[0.6, 0.6, 1.0]","[6.15734472 5.98361998 5.79351522 5.98361998 5.84868822 5.70607402
 5.49031896 5.63995372 5.78676305 5.62987694 5.43206272 5.59865065]","[0.21103447 0.20596101 0.20446073 0.20544126 0.23089237 0.22659878
 0.22583944 0.22841949 0.23236227 0.22979608 0.22876341 0.22977956]"
8,0.0,6,0.2,0.1,"[-30.0, 0.0, 0.0]","[1.0, 1.0, 1.0]","[6.15734472 5.98361998 5.79351522 5.98361998 5.84868822 5.70607402
 5.49031896 5.63995372 5.78676305 5.62987694 5.43206272 5.59865065]","[0.21103447 0.20596101 0.20446073 0.20544126 0.23089237 0.22659878
 0.22583944 0.22841949 0.23236227 0.22979608 0.22876341 0.22977956]"
8,0.0,6,0.2,0.1,"[-30.0, 20.0, 0.0]","[0.6, 0.6, 1.0]","[6.15734472 5.98361998 5.79351522 5.98361998 5.84868822 5.70607402
 5.49031896 5.63995372 5.79439695 5.62574596 5.45569914 5.63733078]","[0.21103447 0.20596101 0.20446073 0.20544126 0.225653   0.22627293
 0.22886254 0.22759978 0.22857095 0.22987494 0.22995021 0.22776717]"
8,0.0,6,0.2,0.1,"[-30.0, 20.0, 0.0]","[1.0, 1.0, 1.0]","[6.15734472 5.98361998 5.79351522 5.98361998 5.84868822 5.70607402
 5.49031896 5.63995372 5.79439695 5.62574596 5.45569914 5.63733078]","[0.21103447 0.20596101 0.20446073 0.20544126 0.225653   0.22627293
 0.22886254 0.22759978 0.22857095 0.22987494 0.22995021 0.22776717]"
8,0.0,6,0.2,0.1,"[0.0, -20.0, 0.0]","[0.6, 0.6, 1.0]","[6.15734472 5.98361998 5.79351522 5.98361998 5.7534689  5.59174256
 5.41454744 5.59086348 5.80581129 5.65230002 5.44952841 5.6124146 ]","[0.2002717  0.20050846 0.20067144 0.20018676 0.23774252 0.23285773
 0.23007944 0.23186102 0.23198549 0.22906521 0.22807233 0.229413  ]"
8,0.0,6,0.2,0.1,"[0.0, -20.0, 0.0]","[1.0, 1.0, 1.0]","[6.15734472 5.98361998 5.79351522 5.98361998 5.7534689  5.59174256
 5.41454744 5.59086348 5.80581129 5.65230002 5.44952841 5.6124146 ]","[0.2002717  0.20050846 0.20067144 0.20018676 0.23774252 0.23285773
 0.23007944 0.23186102 0.23198549 0.22906521 0.22807233 0.229413  ]"
8,0.0,6,0.2,0.1,"[0.0, 0.0, 0.0]","[0.6, 0.6, 1.0]","[6.15734472 5.98361998 5.79351522 5.98361998 5.7534689  5.59174256
 5.41454744 5.59086348 5.76189662 5.59990942 5.42348624 5.59935542]","[0.2002717  0.20050846 0.20067144 0.20018676 0.22914136 0.22969325
 0.23004711 0.22889502 0.22970144 0.23052551 0.23098671 0.22928112]"
8,0.0,6,0.2,0.1,"[0.0, 0.0, 0.0]","[1.0, 1.0, 1.0]","[6.15734472 5.98361998 5.79351522 5.98361998 5.7534689  5.59174256
 5.41454744 5.59086348 5.76189662 5.59990942 5.42348624 5.59935542]","[0.2002717  0.20050846 0.20067144 0.20018676 0.22914136 0.22969325
 0.23004711 0.22889502 0.22970144 0.23052551 0.23098671 0.22928112]"
8,0.0,6,0.2,0.1,"[0.0, 20.0, 0.0]","[0.6, 0.6, 1.0]","[6.15734472 5.98361998 5.79351522 5.98361998 5.7534689  5.59174256
 5.41454744 5.59086348 5.79634093 5.618926   5.46725368 5.65457191]","[0.2002717  0.20050846 0.20067144 0.20018676 0.23197483 0.23516167
 0.23997604 0.23348061 0.22818656 0.23186014 0.23364827 0.22864241]"
8,0.0,6,0.2,0.1,"[0.0, 20.0, 0.0]","[1.0, 1.0, 1.0]","[6.15734472 5.98361998 5.79351522 5.98361998 5.7534689  5.59174256
 5.41454744 5.59086348 5.79634093 5.618926   5.46725368 5.65457191]","[0.2002717  0.20050846 0.20067144 0.20018676 0.23197483 0.23516167
 0.23997604 0.23348061 0.22818656 0.23186014 0.23364827 0.22864241]"
8,0.0,6,0.2,0.1,"[30.0, -20.0, 0.0]","[0.6, 0.6, 1.0]","[6.15734472 5.98361998 5.79351522 5.98361998 5.8407028  5.64574047
 5.50485887 5.70697695 5.79540363 5.63758302 5.451665   5.62300265]","[0.20682024 0.20791963 0.21210282 0.20662178 0.2270999  0.22803423
 0.22552509 0.2243544  0.22871488 0.22923073 0.22956296 0.22822236]"
8,0.0,6,0.2,0.1,"[30.0, -20.0, 0.0]","[1.0, 1.0, 1.0]","[6.15734472 5.98361998 5.79351522 5.98361998 5.8407028  5.64574047
 5.50485887 5.70697695 5.79540363 5.63758302 5.451665   5.62300265]","[0.20682024 0.20791963 0.21210282 0.20662178 0.2270999  0.22803423
 0.22552509 0.2243544  0.22871488 0.22923073 0.22956296 0.22822236]"
8,0.0,6,0.2,0.1,"[30.0, 0.0, 0.0]","[0.6, 0.6, 1.0]","[6.15734472 5.98361998 5.79351522 5.98361998 5.8407028  5.64574047
 5.50485887 5.70697695 5.77738983 5.60399338 5.44798797 5.63212   ]","[0.20682024 0.20791963 0.21210282 0.20662178 0.22685109 0.23064921
 0.2320073  0.22669199 0.22872739 0.23215117 0.23390507 0.22924152]"
8,0.0,6,0.2,0.1,"[30.0, 0.0, 0.0]","[1.0, 1.0, 1.0]","[6.15734472 5.98361998 5.79351522 5.98361998 5.8407028  5.64574047
 5.50485887 5.70697695 5.77738983 5.60399338 5.44798797 5.63212   ]","[0.20682024 0.20791963 0.21210282 0.20662178 0.22685109 0.23064921
 0.2320073  0.22669199 0.22872739 0.23215117 0.23390507 0.22924152]"
8,0.0,6,0.2,0.1,"[30.0, 20.0, 0.0]","[0.6, 0.6, 1.0]","[6.15734472 5.98361998 5.79351522 5.98361998 5.8407028  5.64574047
 5.50485887 5.70697695 5.83217549 5.64443119 5.50316248 5.69328872]","[0.20682024 0.20791963 0.21210282 0.20662178 0.2377828  0.24177164
 0.24753756 0.23604424 0.22985843 0.23483458 0.2381394  0.23030503]"
8,0.0,6,0.2,0.1,"[30.0, 20.0, 0.0]","[1.0, 1.0, 1.0]","[6.15734472 5.98361998 5.79351522 5.98361998 5.8407028  5.64574047
 5.50485887 5.70697695 5.83217549 5.64443119 5.50316248 5.69328872]","[0.20682024 0.20791963 0.21210282 0.20662178 0.2377828  0.24177164
 0.24753756 0.23604424 0.22985843 0.23483458 0.2381394  0.23030503]"
8,8.0,6,0.2,0.1,"[-30.0, -20.0, 0.0]","[0.6, 0.6, 1.0]","[6.15734472 5.98361998 5.79351522 5.98361998 5.9466389  5.71048437
 5.59130236 5.83461597 5.9443989  5.71216297 5.58999456 5.83098033]","[0.21103447 0.20596101 0.20446073 0.20544126 0.22945399 0.22873488
 0.2240569  0.22259606 0.2220467  0.22455204 0.22196043 0.21951809]"
8,8.0,6,0.2,0.1,"[-30.0, -20.0, 0.0]","[1.0, 1.0, 1.0]","[6.15734472 5.98361998 5.79351522 5.98361998 5.9466389  5.71048437
 5.59130236 5.83461597 5.9443989  5.71216297 5.58999456 5.83098033]","[0.21103447 0.20596101 0.20446073 0.20544126 0.22945399 0.22873488
 0.2240569  0.22259606 0.2220467  0.22455204 0.22196043 0.21951809]"
8,8.0,6,0.2,0.1,"[-30.0, 0.0, 0.0]","[0.6, 0.6, 1.0]","[6.15734472 5.98361998 5.79351522 5.98361998 5.9466389  5.71048437
 5.59130236 5.83461597 5.97069115 5.73678795 5.61764693 5.86000027]","[0.21103447 0.20596101 0.20446073 0.20544126 0.22173661 0.22437092
 0.22163789 0.21912698 0.22077323 0.22353809 0.22116405 0.21845401]"
8,8.0,6,0.2,0.1,"[-30.0, 0.0, 0.0]","[1.0, 1.0, 1.0]","[6.15734472 5.98361998 5.79351522 5.98361998 5.9466389  5.71048437
 5.59130236 5.83461597 5.97069115 5.73678795 5.61764693 5.86000027]","[0.21103447 0.20596101 0.20446073 0.20544126 0.22173661 0.22437092
 0.22163789 0.21912698 0.22077323 0.22353809 0.22116405 0.21845401]"
8,8.0,6,0.2,0.1,"[-30.0, 20.0, 0.0]","[0.6, 0.6, 1.0]","[6.15734472 5.98361998 5.79351522 5.98361998 5.9466389  5.71048437
 5.59130236 5.83461597 6.02491425 5.80181232 5.66840172 5.90070244]","[0.21103447 0.20596101 0.20446073 0.20544126 0.22427323 0.22794742
 0.22817107 0.22226866 0.21863388 0.22120082 0.21956772 0.21702695]"
8,8.0,6,0.2,0.1,"[-30.0, 20.0, 0.0]","[1.0, 1.0, 1.0]","[6.15734472 5.98361998 5.79351522 5.98361998 5.9466389  5.71048437
 5.59130236 5.83461597 6.02491425 5.80181232 5.66840172 5.90070244]","[0.21103447 0.20596101 0.20446073 0.20544126 0.22427323 0.22794742
 0.22817107 0.22226866 0.21863388 0.22120082 0.21956772 0.21702695]"
8,8.0,6,0.2,0.1,"[0.0, -20.0, 0.0]","[0.6, 0.6, 1.0]","[6.15734472 5.98361998 5.79351522 5.98361998 5.98025209 5.74001905
 5.62696492 5.8740775  5.94963124 5.71665208 5.5957239  5.83728021]","[0.2002717  0.20050846 0.20067144 0.20018676 0.22654472 0.22603172
 0.22179185 0.220278   0.22168173 0.22426993 0.22178929 0.21924025]"
8,8.0,6,0.2,0.1,"[0.0, -20.0, 0.0]","[1.0, 1.0, 1.0]","[6.15734472 5.98361998 5.79351522 5.98361998 5.98025209 5.74001905
 5.62696492 5.8740775  5.94963124 5.71665208 5.5957239  5.83728021]","[0.2002717  0.20050846 0.20067144 0.20018676 0.22654472 0.22603172
 0.22179185 0.220278   0.22168173 0.22426993 0.22178929 0.21924025]"
8,8.0,6,0.2,0.1,"[0.0, 0.0, 0.0]","[0.6, 0.6, 1.0]","[6.15734472 5.98361998 5.79351522 5.98361998 5.98025209 5.74001905
 5.62696492 5.8740775  5.97822635 5.74482322 5.62511891 5.86695933]","[0.2002717  0.20050846 0.20067144 0.20018676 0.2200986  0.22314474
 0.22064757 0.21769732 0.22036859 0.22318381 0.22096549 0.21817966]"
8,8.0,6,0.2,0.1,"[0.0, 0.0, 0.0]","[1.0, 1.0, 1.0]","[6.15734472 5.98361998 5.79351522 5.98361998 5.98025209 5.74001905
 5.62696492 5.8740775  5.97822635 5.74482322 5.62511891 5.86695933]","[0.2002717  0.20050846 0.20067144 0.20018676 0.2200986  0.22314474
 0.22064757 0.21769732 0.22036859 0.22318381 0.22096549 0.21817966]"
8,8.0,6,0.2,0.1,"[0.0, 20.0, 0.0]","[0.6, 0.6, 1.0]","[6.15734472 5.98361998 5.79351522 5.98361998 5.98025209 5.74001905
 5.62696492 5.8740775  6.03121039 5.80893468 5.67444516 5.90625345]","[0.2002717  0.20050846 0.20067144 0.20018676 0.22360255 0.22797336
 0.22823522 0.22152779 0.21831438 0.22094478 0.21946586 0.21683022]"
8,8.0,6,0.2,0.1,"[0.0, 20.0, 0.0]","[1.0, 1.0, 1.0]","[6.15734472 5.98361998 5.79351522 5.98361998 5.98025209 5.74001905
 5.62696492 5.8740775  6.03121039 5.80893468 5.67444516 5.90625345]","[0.2002717  0.20050846 0.20067144 0.20018676 0.22360255 0.22797336
 0.22823522 0.22152779 0.21831438 0.22094478 0.21946586 0.21683022]"
8,8.0,6,0.2,0.1,"[30.0, -20.0, 0.0]","[0.6, 0.6, 1.0]","[6.15734472 5.98361998 5.79351522 5.98361998 6.06955748 5.85269835
 5.70963473 5.93677766 5.95238336 5.71502377 5.59892403 5.8440482 ]","[0.20682024 0.20791963 0.21210282 0.20662178 0.21443916 0.212999
 0.21044289 0.20989268 0.22138403 0.224229   0.22168217 0.21889568]"
8,8.0,6,0.2,0.1,"[30.0, -20.0, 0.0]","[1.0, 1.0, 1.0]","[6.15734472 5.98361998 5.79351522 5.98361998 6.06955748 5.85269835
 5.70963473 5.93677766 5.95238336 5.71502377 5.59892403 5.8440482 ]","[0.20682024 0.20791963 0.21210282 0.20662178 0.21443916 0.212999
 0.21044289 0.20989268 0.22138403 0.224229   0.22168217 0.21889568]"
8,8.0,6,0.2,0.1,"[30.0, 0.0, 0.0]","[0.6, 0.6, 1.0]","[6.15734472 5.98361998 5.79351522 5.98361998 6.06955748 5.85269835
 5.70963473 5.93677766 5.98700361 5.75110373 5.63344242 5.87706524]","[0.20682024 0.20791963 0.21210282 0.20662178 0.20921004 0.21163149
 0.21055688 0.20809569 0.21988593 0.22289511 0.22069631 0.21773756]"
8,8.0,6,0.2,0.1,"[30.0, 0.0, 0.0]","[1.0, 1.0, 1.0]","[6.15734472 5.98361998 5.79351522 5.98361998 6.06955748 5.85269835
 5.70963473 5.93677766 5.98700361 5.75110373 5.63344242 5.87706524]","[0.20682024 0.20791963 0.21210282 0.20662178 0.20921004 0.21163149
 0.21055688 0.20809569 0.21988593 0.22289511 0.22069631 0.21773756]"
8,8.0,6,0.2,0.1,"[30.0, 20.0, 0.0]","[0.6, 0.6, 1.0]","[6.15734472 5.98361998 5.79351522 5.98361998 6.06955748 5.85269835
 5.70963473 5.93677766 6.04229554 5.81940813 5.68443173 5.91674841]","[0.20682024 0.20791963 0.21210282 0.20662178 0.21377485 0.21774291
 0.21922967 0.21267951 0.21778806 0.22055628 0.21917156 0.21640102]"
8,8.0,6,0.2,0.1,"[30.0, 20.0, 0.0]","[1.0, 1.0, 1.0]","[6.15734472 5.98361998 5.79351522 5.98361998 6.06955748 5.85269835
 5.70963473 5.93677766 6.04229554 5.81940813 5.68443173 5.91674841]","[0.20682024 0.20791963 0.21210282 0.20662178 0.21377485 0.21774291
 0.21922967 0.21267951 0.21778806 0.22055628 0.21917156 0.21640102]"
4,-8.0,6,0.2,0.2,"[-30.0, -20.0, 0.0]","[0.6, 0.6, 1.0]","[6.31881567 5.97098403 5.59413643 5.97098403 6.01255791 5.86371165
 5.32301589 5.44844368 5.93606319 5.79979996 5.25145775 5.37217829]","[0.21099001 0.20594753 0.20455198 0.20557403 0.2441616  0.22945291
 0.23658941 0.2517116  0.23750721 0.22829871 0.23628559 0.24752655]"
4,-8.0,6,0.2,0.2,"[-30.0, -20.0, 0.0]","[1.0, 1.0, 1.0]","[6.31881567 5.97098403 5.59413643 5.97098403 6.01255791 5.86371165
 5.32301589 5.44844368 5.93606319 5.79979996 5.25145775 5.37217829]","[0.21099001 0.20594753 0.20455198 0.20557403 0.2441616  0.22945291
 0.23658941 0.2517116  0.23750721 0.22829871 0.23628559 0.24752655]"
4,-8.0,6,0.2,0.2,"[-30.0, 0.0, 0.0]","[0.6, 0.6, 1.0]","[6.31881567 5.97098403 5.59413643 5.97098403 6.01255791 5.86371165
 5.32301589 5.44844368 5.75850662 5.67414081 5.09556636 5.16160933]","[0.21099001 0.20594753 0.20455198 0.20557403 0.23394575 0.2252685
 0.2325928  0.24358889 0.24371192 0.23342843 0.24408471 0.25651021]"
4,-8.0,6,0.2,0.2,"[-30.0, 0.0, 0.0]","[1.0, 1.0, 1.0]","[6.31881567 5.97098403 5.59413643 5.97098403 6.01255791 5.86371165
 5.32301589 5.44844368 5.75850662 5.67414081 5.09556636 5.16160933]","[0.21099001 0.20594753 0.20455198 0.20557403 0.23394575 0.2252685
 0.2325928  0.24358889 0.24371192 0.23342843 0.24408471 0.25651021]"
4,-8.0,6,0.2,0.2,"[-30.0, 20.0, 0.0]","[0.6, 0.6, 1.0]","[6.31881567 5.97098403 5.59413643 5.97098403 6.01255791 5.86371165
 5.32301589 5.44844368 5.65392812 5.56706575 5.01541431 5.09285385]","[0.21099001 0.20594753 0.20455198 0.20557403 0.23394644 0.22829732
 0.23817938 0.24356571 0.24833342 0.23836415 0.24948951 0.26138407]"
4,-8.0,6,0.2,0.2,"[-30.0, 20.0, 0.0]","[1.0, 1.0, 1.0]","[6.31881567 5.97098403 5.59413643 5.97098403 6.01255791 5.86371165
 5.32301589 5.44844368 5.65392812 5.56706575 5.01541431 5.09285385]","[0.21099001 0.20594753 0.20455198 0.20557403 0.23394644 0.22829732
 0.23817938 0.24356571 0.24833342 0.23836415 0.24948951 0.26138407]"
4,-8.0,6,0.2,0.2,"[0.0, -20.0, 0.0]","[0.6, 0.6, 1.0]","[6.31881567 5.97098403 5.59413643 5.97098403 5.6833973  5.64330905
 5.0322829  5.04237438 5.86509405 5.74980685 5.18811554 5.2839023 ]","[0.20025788 0.20051842 0.20071979 0.20019514 0.25481913 0.23720418
 0.24811954 0.26622678 0.24053768 0.23085064 0.23997036 0.25182019]"
4,-8.0,6,0.2,0.2,"[0.0, -20.0, 0.0]","[1.0, 1.0, 1.0]","[6.31881567 5.97098403 5.59413643 5.97098403 5.6833973  5.64330905
 5.0322829  5.04237438 5.86509405 5.74980685 5.18811554 5.2839023 ]","[0.20025788 0.20051842 0.20071979 0.20019514 0.25481913 0.23720418
 0.24811954 0.26622678 0.24053768 0.23085064 0.23997036 0.25182019]"
4,-8.0,6,0.2,0.2,"[0.0, 0.0, 0.0]","[0.6, 0.6, 1.0]","[6.31881567 5.97098403 5.59413643 5.97098403 5.6833973  5.64330905
 5.0322829  5.04237438 5.67828729 5.6100451  5.02847027 5.0797413 ]","[0.20025788 0.20051842 0.20071979 0.20019514 0.24625475 0.23420339
 0.24709421 0.26204667 0.24757708 0.23679439 0.24850166 0.26145222]"
4,-8.0,6,0.2,0.2,"[0.0, 0.0, 0.0]","[1.0, 1.0, 1.0]","[6.31881567 5.97098403 5.59413643 5.97098403 5.6833973  5.64330905
 5.0322829  5.04237438 5.67828729 5.6100451  5.02847027 5.0797413 ]","[0.20025788 0.20051842 0.20071979 0.20019514 0.24625475 0.23420339
 0.24709421 0.26204667 0.24757708 0.23679439 0.24850166 0.26145222]"
4,-8.0,6,0.2,0.2,"[0.0, 20.0, 0.0]","[0.6, 0.6, 1.0]","[6.31881567 5.97098403 5.59413643 5.97098403 5.6833973  5.64330905
 5.0322829  5.04237438 5.59548928 5.50485355 4.97125842 5.05759069]","[0.20025788 0.20051842 0.20071979 0.20019514 0.25043761 0.23950835
 0.25755988 0.26845536 0.25172274 0.24192815 0.25321318 0.26484705]"
4,-8.0,6,0.2,0.2,"[0.0, 20.0, 0.0]","[1.0, 1.0, 1.0]","[6.31881567 5.97098403 5.59413643 5.97098403 5.6833973  5.64330905
 5.0322829  5.04237438 5.59548928 5.50485355 4.97125842 5.05759069]","[0.20025788 0.20051842 0.20071979 0.20019514 0.25043761 0.23950835
 0.25755988 0.26845536 0.25172274 0.24192815 0.25321318 0.26484705]"
4,-8.0,6,0.2,0.2,"[30.0, -20.0, 0.0]","[0.6, 0.6, 1.0]","[6.31881567 5.97098403 5.59413643 5.97098403 5.58827089 5.49602437
 4.96560365 5.05414244 5.80729102 5.70172719 5.13818413 5.22244712]","[0.206917   0.20829018 0.21273917 0.20685683 0.25651201 0.24254123
 0.24997155 0.26312561 0.24270191 0.23300781 0.24272187 0.25463643]"
4,-8.0,6,0.2,0.2,"[30.0, -20.0, 0.0]","[1.0, 1.0, 1.0]","[6.31881567 5.97098403 5.59413643 5.97098403 5.58827089 5.49602437
 4.96560365 5.05414244 5.80729102 5.70172719 5.13818413 5.22244712]","[0.206917   0.20829018 0.21273917 0.20685683 0.25651201 0.24254123
 0.24997155 0.26312561 0.24270191 0.23300781 0.24272187 0.25463643]"
4,-8.0,6,0.2,0.2,"[30.0, 0.0, 0.0]","[0.6, 0.6, 1.0]","[6.31881567 5.97098403 5.59413643 5.97098403 5.58827089 5.49602437
 4.96560365 5.05414244 5.61893394 5.54882127 4.98142841 5.04175755]","[0.206917   0.20829018 0.21273917 0.20685683 0.25122791 0.24132098
 0.25294642 0.26484919 0.25029696 0.2397743  0.25161733 0.26404208]"
4,-8.0,6,0.2,0.2,"[30.0, 0.0, 0.0]","[1.0, 1.0, 1.0]","[6.31881567 5.97098403 5.59413643 5.97098403 5.58827089 5.49602437
 4.96560365 5.05414244 5.61893394 5.54882127 4.98142841 5.04175755]","[0.206917   0.20829018 0.21273917 0.20685683 0.25122791 0.24132098
 0.25294642 0.26484919 0.25029696 0.2397743  0.25161733 0.26404208]"
4,-8.0,6,0.2,0.2,"[30.0, 20.0, 0.0]","[0.6, 0.6, 1.0]","[6.31881567 5.97098403 5.59413643 5.97098403 5.58827089 5.49602437
 4.96560365 5.05414244 5.5674378  5.45473897 4.95176713 5.06937823]","[0.206917   0.20829018 0.21273917 0.20685683 0.2601773  0.24927953
 0.26766241 0.27747215 0.25363399 0.24471901 0.25531073 0.26573045]"
4,-8.0,6,0.2,0.2,"[30.0, 20.0, 0.0]","[1.0, 1.0, 1.0]","[6.31881567 5.97098403 5.59413643 5.97098403 5.58827089 5.49602437
 4.96560365 5.05414244 5.5674378  5.45473897 4.95176713 5.06937823]","[0.206917   0.20829018 0.21273917 0.20685683 0.2601773  0.24927953
 0.26766241 0.27747215 0.25363399 0.24471901 0.25531073 0.26573045]"
4,0.0,6,0.2,0.2,"[-30.0, -20.0, 0.0]","[0.6, 0.6, 1.0]","[6.31881567 5.97098403 5.59413643 5.97098403 5.54652341 5.38969438
 4.88723585 5.04984673 5.52064559 5.31434475 4.8385828  5.034388  ]","[0.21099001 0.20594753 0.20455198 0.20557403 0.27817839 0.25710701
 0.2623414  0.27512465 0.26786008 0.25510999 0.25834995 0.26848296]"
4,0.0,6,0.2,0.2,"[-30.0, -20.0, 0.0]","[1.0, 1.0, 1.0]","[6.31881567 5.97098403 5.59413643 5.97098403 5.54652341 5.38969438
 4.88723585 5.04984673 5.52064559 5.31434475 4.8385828  5.034388  ]","[0.21099001 0.20594753 0.20455198 0.20557403 0.27817839 0.25710701
 0.2623414  0.27512465 0.26786008 0.25510999 0.25834995 0.26848296]"
4,0.0,6,0.2,0.2,"[-30.0, 0.0, 0.0]","[0.6, 0.6, 1.0]","[6.31881567 5.97098403 5.59413643 5.97098403 5.54652341 5.38969438
 4.88723585 5.04984673 5.3630698  5.12638771 4.72154771 4.96764535]","[0.21099001 0.20594753 0.20455198 0.20557403 0.25866497 0.24736641
 0.2533846  0.26344639 0.26710903 0.26120236 0.26360742 0.26820356]"
4,0.0,6,0.2,0.2,"[-30.0, 0.0, 0.0]","[1.0, 1.0, 1.0]","[6.31881567 5.97098403 5.59413643 5.97098403 5.54652341 5.38969438
 4.88723585 5.04984673 5.3630698  5.12638771 4.72154771 4.96764535]","[0.21099001 0.20594753 0.20455198 0.20557403 0.25866497 0.24736641
 0.2533846  0.26344639 0.26710903 0.26120236 0.26360742 0.26820356]"
4,0.0,6,0.2,0.2,"[-30.0, 20.0, 0.0]","[0.6, 0.6, 1.0]","[6.31881567 5.97098403 5.59413643 5.97098403 5.54652341 5.38969438
 4.88723585 5.04984673 5.38388316 5.06219426 4.77319705 5.11551255]","[0.21099001 0.20594753 0.20455198 0.20557403 0.25254041 0.24716876
 0.25720953 0.26243579 0.26182844 0.26456857 0.26359648 0.25986776]"
4,0.0,6,0.2,0.2,"[-30.0, 20.0, 0.0]","[1.0, 1.0, 1.0]","[6.31881567 5.97098403 5.59413643 5.97098403 5.54652341 5.38969438
 4.88723585 5.04984673 5.38388316 5.06219426 4.77319705 5.11551255]","[0.21099001 0.20594753 0.20455198 0.20557403 0.25254041 0.24716876
 0.25720953 0.26243579 0.26182844 0.26456857 0.26359648 0.25986776]"
4,0.0,6,0.2,0.2,"[0.0, -20.0, 0.0]","[0.6, 0.6, 1.0]","[6.31881567 5.97098403 5.59413643 5.97098403 5.28865246 4.99859926
 4.68436902 4.9968685  5.40214963 5.1763301  4.75517738 4.98996121]","[0.20025788 0.20051842 0.20071979 0.20019514 0.27604377 0.26940903
 0.26594792 0.26842859 0.26584141 0.25900747 0.26190674 0.26742092]"
4,0.0,6,0.2,0.2,"[0.0, -20.0, 0.0]","[1.0, 1.0, 1.0]","[6.31881567 5.97098403 5.59413643 5.97098403 5.28865246 4.99859926
 4.68436902 4.9968685  5.40214963 5.1763301  4.75517738 4.98996121]","[0.20025788 0.20051842 0.20071979 0.20019514 0.27604377 0.26940903
 0.26594792 0.26842859 0.26584141 0.25900747 0.26190674 0.26742092]"
4,0.0,6,0.2,0.2,"[0.0, 0.0, 0.0]","[0.6, 0.6, 1.0]","[6.31881567 5.97098403 5.59413643 5.97098403 5.28865246 4.99859926
 4.68436902 4.9968685  5.28781494 4.99596595 4.68620555 4.99877645]","[0.20025788 0.20051842 0.20071979 0.20019514 0.26439292 0.2650874
 0.26561287 0.26417257 0.26649048 0.26761944 0.26812816 0.26599441]"
4,0.0,6,0.2,0.2,"[0.0, 0.0, 0.0]","[1.0, 1.0, 1.0]","[6.31881567 5.97098403 5.59413643 5.97098403 5.28865246 4.99859926
 4.68436902 4.9968685  5.28781494 4.99596595 4.68620555 4.99877645]","[0.20025788 0.20051842 0.20071979 0.20019514 0.26439292 0.2650874
 0.26561287 0.26417257 0.26649048 0.26761944 0.26812816 0.26599441]"
4,0.0,6,0.2,0.2,"[0.0, 20.0, 0.0]","[0.6, 0.6, 1.0]","[6.31881567 5.97098403 5.59413643 5.97098403 5.28865246 4.99859926
 4.68436902 4.9968685  5.38386678 5.00422295 4.79483226 5.18490477]","[0.20025788 0.20051842 0.20071979 0.20019514 0.2687689  0.27293167
 0.27970666 0.27072941 0.26189419 0.27027918 0.26816294 0.25854691]"
4,0.0,6,0.2,0.2,"[0.0, 20.0, 0.0]","[1.0, 1.0, 1.0]","[6.31881567 5.97098403 5.59413643 5.97098403 5.28865246 4.99859926
 4.68436902 4.9968685  5.38386678 5.00422295 4.79483226 5.18490477]","[0.20025788 0.20051842 0.20071979 0.20019514 0.2687689  0.27293167
 0.27970666 0.27072941 0.26189419 0.27027918 0.26816294 0.25854691]"
4,0.0,6,0.2,0.2,"[30.0, -20.0, 0.0]","[0.6, 0.6, 1.0]","[6.31881567 5.97098403 5.59413643 5.97098403 5.53239156 5.06336393
 4.91534166 5.39111006 5.38536553 5.11190452 4.76543908 5.0607376 ]","[0.206917   0.20829018 0.21273917 0.20685683 0.25475902 0.26240371
 0.25219697 0.24499261 0.26206339 0.26171304 0.26319174 0.26253004]"
4,0.0,6,0.2,0.2,"[30.0, -20.0, 0.0]","[1.0, 1.0, 1.0]","[6.31881567 5.97098403 5.59413643 5.97098403 5.53239156 5.06336393
 4.91534166 5.39111006 5.38536553 5.11190452 4.76543908 5.0607376 ]","[0.206917   0.20829018 0.21273917 0.20685683 0.25475902 0.26240371
 0.25219697 0.24499261 0.26206339 0.26171304 0.26319174 0.26253004]"
4,0.0,6,0.2,0.2,"[30.0, 0.0, 0.0]","[0.6, 0.6, 1.0]","[6.31881567 5.97098403 5.59413643 5.97098403 5.53239156 5.06336393
 4.91534166 5.39111006 5.34500104 4.97853388 4.7584886  5.13681684]","[0.206917   0.20829018 0.21273917 0.20685683 0.25447432 0.26614248
 0.26063944 0.24773889 0.26335758 0.27110113 0.26939066 0.26045445]"
4,0.0,6,0.2,0.2,"[30.0, 0.0, 0.0]","[1.0, 1.0, 1.0]","[6.31881567 5.97098403 5.59413643 5.97098403 5.53239156 5.06336393
 4.91534166 5.39111006 5.34500104 4.97853388 4.7584886  5.13681684]","[0.206917   0.20829018 0.21273917 0.20685683 0.25447432 0.26614248
 0.26063944 0.24773889 0.26335758 0.27110113 0.26939066 0.26045445]"
4,0.0,6,0.2,0.2,"[30.0, 20.0, 0.0]","[0.6, 0.6, 1.0]","[6.31881567 5.97098403 5.59413643 5.97098403 5.53239156 5.06336393
 4.91534166 5.39111006 5.49506049 5.06197141 4.89755018 5.32368725]","[0.206917   0.20829018 0.21273917 0.20685683 0.26859988 0.28175901
 0.28087916 0.25892339 0.260548   0.27269379 0.27026235 0.25556701]"
4,0.0,6,0.2,0.2,"[30.0, 20.0, 0.0]","[1.0, 1.0, 1.0]","[6.31881567 5.97098403 5.59413643 5.97098403 5.53239156 5.06336393
 4.91534166 5.39111006 5.49506049 5.06197141 4.89755018 5.32368725]","[0.206917   0.20829018 0.21273917 0.20685683 0.26859988 0.28175901
 0.28087916 0.25892339 0.260548   0.27269379 0.27026235 0.25556701]"
4,8.0,6,0.2,0.2,"[-30.0, -20.0, 0.0]","[0.6, 0.6, 1.0]","[6.31881567 5.97098403 5.59413643 5.97098403 5.60275381 5.05015854
 4.94437949 5.49376657 5.58895943 5.05871189 4.92475605 5.45836383]","[0.21099001 0.20594753 0.20455198 0.20557403 0.26446448 0.27392116
 0.25563417 0.24537846 0.25357711 0.26439549 0.25244057 0.24296575]"
4,8.0,6,0.2,0.2,"[-30.0, -20.0, 0.0]","[1.0, 1.0, 1.0]","[6.31881567 5.97098403 5.59413643 5.97098403 5.60275381 5.05015854
 4.94437949 5.49376657 5.58895943 5.05871189 4.92475605 5.45836383]","[0.21099001 0.20594753 0.20455198 0.20557403 0.26446448 0.27392116
 0.25563417 0.24537846 0.25357711 0.26439549 0.25244057 0.24296575]"
4,8.0,6,0.2,0.2,"[-30.0, 0.0, 0.0]","[0.6, 0.6, 1.0]","[6.31881567 5.97098403 5.59413643 5.97098403 5.60275381 5.05015854
 4.94437949 5.49376657 5.63269771 5.0436681  4.97963023 5.55731775]","[0.21099001 0.20594753 0.20455198 0.20557403 0.25181604 0.26361066
 0.25019758 0.24013945 0.24988461 0.26361569 0.25040015 0.23855084]"
4,8.0,6,0.2,0.2,"[-30.0, 0.0, 0.0]","[1.0, 1.0, 1.0]","[6.31881567 5.97098403 5.59413643 5.97098403 5.60275381 5.05015854
 4.94437949 5.49376657 5.63269771 5.0436681  4.97963023 5.55731775]","[0.21099001 0.20594753 0.20455198 0.20557403 0.25181604 0.26361066
 0.25019758 0.24013945 0.24988461 0.26361569 0.25040015 0.23855084]"
4,8.0,6,0.2,0.2,"[-30.0, 20.0, 0.0]","[0.6, 0.6, 1.0]","[6.31881567 5.97098403 5.59413643 5.97098403 5.60275381 5.05015854
 4.94437949 5.49376657 5.81542016 5.23403572 5.14606708 5.70677863]","[0.21099001 0.20594753 0.20455198 0.20557403 0.25282805 0.2650947
 0.25700536 0.24308265 0.24151803 0.25506369 0.24376685 0.23250008]"
4,8.0,6,0.2,0.2,"[-30.0, 20.0, 0.0]","[1.0, 1.0, 1.0]","[6.31881567 5.97098403 5.59413643 5.97098403 5.60275381 5.05015854
 4.94437949 5.49376657 5.81542016 5.23403572 5.14606708 5.70677863]","[0.21099001 0.20594753 0.20455198 0.20557403 0.25282805 0.2650947
 0.25700536 0.24308265 0.24151803 0.25506369 0.24376685 0.23250008]"
4,8.0,6,0.2,0.2,"[0.0, -20.0, 0.0]","[0.6, 0.6, 1.0]","[6.31881567 5.97098403 5.59413643 5.97098403 5.68368868 5.04392035
 5.03259245 5.64339326 5.61375992 5.05463417 4.957167   5.5111608 ]","[0.20025788 0.20051842 0.20071979 0.20019514 0.25451863 0.26633804
 0.24812987 0.23667753 0.25166294 0.26371567 0.25089787 0.24047863]"
4,8.0,6,0.2,0.2,"[0.0, -20.0, 0.0]","[1.0, 1.0, 1.0]","[6.31881567 5.97098403 5.59413643 5.97098403 5.68368868 5.04392035
 5.03259245 5.64339326 5.61375992 5.05463417 4.957167   5.5111608 ]","[0.20025788 0.20051842 0.20071979 0.20019514 0.25451863 0.26633804
 0.24812987 0.23667753 0.25166294 0.26371567 0.25089787 0.24047863]"
4,8.0,6,0.2,0.2,"[0.0, 0.0, 0.0]","[0.6, 0.6, 1.0]","[6.31881567 5.97098403 5.59413643 5.97098403 5.68368868 5.04392035
 5.03259245 5.64339326 5.68752574 5.08881587 5.03664151 5.61844791]","[0.20025788 0.20051842 0.20071979 0.20019514 0.24617698 0.26224047
 0.24701709 0.23374906 0.24707003 0.26119679 0.24800218 0.23594238]"
4,8.0,6,0.2,0.2,"[0.0, 0.0, 0.0]","[1.0, 1.0, 1.0]","[6.31881567 5.97098403 5.59413643 5.97098403 5.68368868 5.04392035
 5.03259245 5.64339326 5.68752574 5.08881587 5.03664151 5.61844791]","[0.20025788 0.20051842 0.20071979 0.20019514 0.24617698 0.26224047
 0.24701709 0.23374906 0.24707003 0.26119679 0.24800218 0.23594238]"
4,8.0,6,0.2,0.2,"[0.0, 20.0, 0.0]","[0.6, 0.6, 1.0]","[6.31881567 5.97098403 5.59413643 5.97098403 5.68368868 5.04392035
 5.03259245 5.64339326 5.86990108 5.29742587 5.19924264 5.7539649 ]","[0.20025788 0.20051842 0.20071979 0.20019514 0.2505411  0.26962308
 0.25742028 0.23822249 0.23915353 0.25256939 0.24195156 0.23069226]"
4,8.0,6,0.2,0.2,"[0.0, 20.0, 0.0]","[1.0, 1.0, 1.0]","[6.31881567 5.97098403 5.59413643 5.97098403 5.68368868 5.04392035
 5.03259245 5.64339326 5.86990108 5.29742587 5.19924264 5.7539649 ]","[0.20025788 0.20051842 0.20071979 0.20019514 0.2505411  0.26962308
 0.25742028 0.23822249 0.23915353 0.25256939 0.24195156 0.23069226]"
4,8.0,6,0.2,0.2,"[30.0, -20.0, 0.0]","[0.6, 0.6, 1.0]","[6.31881567 5.97098403 5.59413643 5.97098403 6.01417724 5.45161929
 5.32265186 5.8631717  5.66750209 5.09735923 5.01399313 5.57523608]","[0.206917   0.20829018 0.21273917 0.20685683 0.23600751 0.24308586
 0.23318018 0.22635334 0.2481736  0.2604467  0.24776711 0.23714001]"
4,8.0,6,0.2,0.2,"[30.0, -20.0, 0.0]","[1.0, 1.0, 1.0]","[6.31881567 5.97098403 5.59413643 5.97098403 6.01417724 5.45161929
 5.32265186 5.8631717  5.66750209 5.09735923 5.01399313 5.57523608]","[0.206917   0.20829018 0.21273917 0.20685683 0.23600751 0.24308586
 0.23318018 0.22635334 0.2481736  0.2604467  0.24776711 0.23714001]"
4,8.0,6,0.2,0.2,"[30.0, 0.0, 0.0]","[0.6, 0.6, 1.0]","[6.31881567 5.97098403 5.59413643 5.97098403 6.01417724 5.45161929
 5.32265186 5.8631717  5.76520985 5.17503295 5.10890137 5.68207684]","[0.206917   0.20829018 0.21273917 0.20685683 0.23235245 0.24495843
 0.23566218 0.22540008 0.24295058 0.25656387 0.24450694 0.2328606 ]"
4,8.0,6,0.2,0.2,"[30.0, 0.0, 0.0]","[1.0, 1.0, 1.0]","[6.31881567 5.97098403 5.59413643 5.97098403 6.01417724 5.45161929
 5.32265186 5.8631717  5.76520985 5.17503295 5.10890137 5.68207684]","[0.206917   0.20829018 0.21273917 0.20685683 0.23235245 0.24495843
 0.23566218 0.22540008 0.24295058 0.25656387 0.24450694 0.2328606 ]"
4,8.0,6,0.2,0.2,"[30.0, 20.0, 0.0]","[0.6, 0.6, 1.0]","[6.31881567 5.97098403 5.59413643 5.97098403 6.01417724 5.45161929
 5.32265186 5.8631717  5.94054912 5.38550265 5.26153752 5.80314233]","[0.206917   0.20829018 0.21273917 0.20685683 0.23910073 0.25568277
 0.24750664 0.23088004 0.23580472 0.24870511 0.23933268 0.22840873]"
4,8.0,6,0.2,0.2,"[30.0, 20.0, 0.0]","[1.0, 1.0, 1.0]","[6.31881567 5.97098403 5.59413643 5.97098403 6.01417724 5.45161929
 5.32265186 5.8631717  5.94054912 5.38550265 5.26153752 5.80314233]","[0.206917   0.20829018 0.21273917 0.20685683 0.23910073 0.25568277
 0.24750664 0.23088004 0.23580472 0.24870511 0.23933268 0.22840873]"
6,-8.0,6,0.2,0.2,"[-30.0, -20.0, 0.0]","[0.6, 0.6, 1.0]","[6.31881567 5.97098403 5.59413643 5.97098403 6.16814434 5.90487891
 5.46196635 5.73794311 6.11794996 5.86621823 5.41602971 5.68060032]","[0.21099001 0.20594753 0.20455198 0.20557403 0.22983404 0.2225083
 0.2242927  0.22997838 0.22412394 0.22067037 0.22387042 0.22772383]"
6,-8.0,6,0.2,0.2,"[-30.0, -20.0, 0.0]","[1.0, 1.0, 1.0]","[6.31881567 5.97098403 5.59413643 5.97098403 6.16814434 5.90487891
 5.46196635 5.73794311 6.11794996 5.86621823 5.41602971 5.68060032]","[0.21099001 0.20594753 0.20455198 0.20557403 0.22983404 0.2225083
 0.2242927  0.22997838 0.22412394 0.22067037 0.22387042 0.22772383]"
6,-8.0,6,0.2,0.2,"[-30.0, 0.0, 0.0]","[0.6, 0.6, 1.0]","[6.31881567 5.97098403 5.59413643 5.97098403 6.16814434 5.90487891
 5.46196635 5.73794311 6.0235138  5.79853151 5.33252552 5.56829136]","[0.21099001 0.20594753 0.20455198 0.20557403 0.22210659 0.21901685
 0.22176292 0.22526376 0.22735685 0.22334841 0.22778629 0.23226576]"
6,-8.0,6,0.2,0.2,"[-30.0, 0.0, 0.0]","[1.0, 1.0, 1.0]","[6.31881567 5.97098403 5.59413643 5.97098403 6.16814434 5.90487891
 5.46196635 5.73794311 6.0235138  5.79853151 5.33252552 5.56829136]","[0.21099001 0.20594753 0.20455198 0.20557403 0.22210659 0.21901685
 0.22176292 0.22526376 0.22735685 0.22334841 0.22778629 0.23226576]"
6,-8.0,6,0.2,0.2,"[-30.0, 20.0, 0.0]","[0.6, 0.6, 1.0]","[6.31881567 5.97098403 5.59413643 5.97098403 6.16814434 5.90487891
 5.46196635 5.73794311 5.96659586 5.74448324 5.28728335 5.52156725]","[0.21099001 0.20594753 0.20455198 0.20557403 0.22402096 0.2226543
 0.22809902 0.2275245  0.22951051 0.22569437 0.23033349 0.23462517]"
6,-8.0,6,0.2,0.2,"[-30.0, 20.0, 0.0]","[1.0, 1.0, 1.0]","[6.31881567 5.97098403 5.59413643 5.97098403 6.16814434 5.90487891
 5.46196635 5.73794311 5.96659586 5.74448324 5.28728335 5.52156725]","[0.21099001 0.20594753 0.20455198 0.20557403 0.22402096 0.2226543
 0.22809902 0.2275245  0.22951051 0.22569437 0.23033349 0.23462517]"
6,-8.0,6,0.2,0.2,"[0.0, -20.0, 0.0]","[0.6, 0.6, 1.0]","[6.31881567 5.97098403 5.59413643 5.97098403 6.00501574 5.79540931
 5.31656136 5.53278356 6.0967456  5.84990487 5.39686258 5.65562869]","[0.20025788 0.20051842 0.20071979 0.20019514 0.23475024 0.22609494
 0.22959545 0.23674064 0.22501465 0.22153003 0.22502352 0.22892141]"
6,-8.0,6,0.2,0.2,"[0.0, -20.0, 0.0]","[1.0, 1.0, 1.0]","[6.31881567 5.97098403 5.59413643 5.97098403 6.00501574 5.79540931
 5.31656136 5.53278356 6.0967456  5.84990487 5.39686258 5.65562869]","[0.20025788 0.20051842 0.20071979 0.20019514 0.23475024 0.22609494
 0.22959545 0.23674064 0.22501465 0.22153003 0.22502352 0.22892141]"
6,-8.0,6,0.2,0.2,"[0.0, 0.0, 0.0]","[0.6, 0.6, 1.0]","[6.31881567 5.97098403 5.59413643 5.97098403 6.00501574 5.79540931
 5.31656136 5.53278356 6.00028988 5.7800317  5.31253001 5.5435395 ]","[0.20025788 0.20051842 0.20071979 0.20019514 0.22779484 0.2232873
 0.22842771 0.23358304 0.22840051 0.22434346 0.22908259 0.2336068 ]"
6,-8.0,6,0.2,0.2,"[0.0, 0.0, 0.0]","[1.0, 1.0, 1.0]","[6.31881567 5.97098403 5.59413643 5.97098403 6.00501574 5.79540931
 5.31656136 5.53278356 6.00028988 5.7800317  5.31253001 5.5435395 ]","[0.20025788 0.20051842 0.20071979 0.20019514 0.22779484 0.2232873
 0.22842771 0.23358304 0.22840051 0.22434346 0.22908259 0.2336068 ]"
6,-8.0,6,0.2,0.2,"[0.0, 20.0, 0.0]","[0.6, 0.6, 1.0]","[6.31881567 5.97098403 5.59413643 5.97098403 6.00501574 5.79540931
 5.31656136 5.53278356 5.94843361 5.72733508 5.27293323 5.50678308]","[0.20025788 0.20051842 0.20071979 0.20019514 0.23153504 0.22813301
 0.23694272 0.23835936 0.2304396  0.22669271 0.23147684 0.23568497]"
6,-8.0,6,0.2,0.2,"[0.0, 20.0, 0.0]","[1.0, 1.0, 1.0]","[6.31881567 5.97098403 5.59413643 5.97098403 6.00501574 5.79540931
 5.31656136 5.53278356 5.94843361 5.72733508 5.27293323 5.50678308]","[0.20025788 0.20051842 0.20071979 0.20019514 0.23153504 0.22813301
 0.23694272 0.23835936 0.2304396  0.22669271 0.23147684 0.23568497]"
6,-8.0,6,0.2,0.2,"[30.0, -20.0, 0.0]","[0.6, 0.6, 1.0]","[6.31881567 5.97098403 5.59413643 5.97098403 5.94080599 5.72298833
 5.26850122 5.49692487 6.08084218 5.83645258 5.38303328 5.63850289]","[0.206917   0.20829018 0.21273917 0.20685683 0.23612798 0.22841383
 0.23093744 0.2370472  0.22560327 0.22219468 0.22585675 0.22970478]"
6,-8.0,6,0.2,0.2,"[30.0, -20.0, 0.0]","[1.0, 1.0, 1.0]","[6.31881567 5.97098403 5.59413643 5.97098403 5.94080599 5.72298833
 5.26850122 5.49692487 6.08084218 5.83645258 5.38303328 5.63850289]","[0.206917   0.20829018 0.21273917 0.20685683 0.23612798 0.22841383
 0.23093744 0.2370472  0.22560327 0.22219468 0.22585675 0.22970478]"
6,-8.0,6,0.2,0.2,"[30.0, 0.0, 0.0]","[0.6, 0.6, 1.0]","[6.31881567 5.97098403 5.59413643 5.97098403 5.94080599 5.72298833
 5.26850122 5.49692487 5.98204002 5.763662   5.2975161  5.52714317]","[0.206917   0.20829018 0.21273917 0.20685683 0.23035379 0.22650486
 0.23142787 0.23587064 0.22916386 0.22517652 0.23006696 0.2345128 ]"
6,-8.0,6,0.2,0.2,"[30.0, 0.0, 0.0]","[1.0, 1.0, 1.0]","[6.31881567 5.97098403 5.59413643 5.97098403 5.94080599 5.72298833
 5.26850122 5.49692487 5.98204002 5.763662   5.2975161  5.52714317]","[0.206917   0.20829018 0.21273917 0.20685683 0.23035379 0.22650486
 0.23142787 0.23587064 0.22916386 0.22517652 0.23006696 0.2345128 ]"
6,-8.0,6,0.2,0.2,"[30.0, 20.0, 0.0]","[0.6, 0.6, 1.0]","[6.31881567 5.97098403 5.59413643 5.97098403 5.94080599 5.72298833
 5.26850122 5.49692487 5.93642131 5.71326167 5.26411748 5.50120081]","[0.206917   0.20829018 0.21273917 0.20685683 0.23602072 0.23266788
 0.24184267 0.24300446 0.23106809 0.22749723 0.23227432 0.2362814 ]"
6,-8.0,6,0.2,0.2,"[30.0, 20.0, 0.0]","[1.0, 1.0, 1.0]","[6.31881567 5.97098403 5.59413643 5.97098403 5.94080599 5.72298833
 5.26850122 5.49692487 5.93642131 5.71326167 5.26411748 5.50120081]","[0.206917   0.20829018 0.21273917 0.20685683 0.23602072 0.23266788
 0.24184267 0.24300446 0.23106809 0.22749723 0.23227432 0.2362814 ]"
6,0.0,6,0.2,0.2,"[-30.0, -20.0, 0.0]","[0.6, 0.6, 1.0]","[6.31881567 5.97098403 5.59413643 5.97098403 5.84864126 5.58156336
 5.16153102 5.44317733 5.83111634 5.54236924 5.13327749 5.42967668]","[0.21099001 0.20594753 0.20455198 0.20557403 0.25334712 0.24107583
 0.24106662 0.24683964 0.24319718 0.23713781 0.23701079 0.24113484]"
6,0.0,6,0.2,0.2,"[-30.0, -20.0, 0.0]","[1.0, 1.0, 1.0]","[6.31881567 5.97098403 5.59413643 5.97098403 5.84864126 5.58156336
 5.16153102 5.44317733 5.83111634 5.54236924 5.13327749 5.42967668]","[0.21099001 0.20594753 0.20455198 0.20557403 0.25334712 0.24107583
 0.24106662 0.24683964 0.24319718 0.23713781 0.23701079 0.24113484]"
6,0.0,6,0.2,0.2,"[-30.0, 0.0, 0.0]","[0.6, 0.6, 1.0]","[6.31881567 5.97098403 5.59413643 5.97098403 5.84864126 5.58156336
 5.16153102 5.44317733 5.74018051 5.44158606 5.06849526 5.38651646]","[0.21099001 0.20594753 0.20455198 0.20557403 0.23811508 0.23321163
 0.23460749 0.23848775 0.24196247 0.23972098 0.2399109  0.24111633]"
6,0.0,6,0.2,0.2,"[-30.0, 0.0, 0.0]","[1.0, 1.0, 1.0]","[6.31881567 5.97098403 5.59413643 5.97098403 5.84864126 5.58156336
 5.16153102 5.44317733 5.74018051 5.44158606 5.06849526 5.38651646]","[0.21099001 0.20594753 0.20455198 0.20557403 0.23811508 0.23321163
 0.23460749 0.23848775 0.24196247 0.23972098 0.2399109  0.24111633]"
6,0.0,6,0.2,0.2,"[-30.0, 20.0, 0.0]","[0.6, 0.6, 1.0]","[6.31881567 5.97098403 5.59413643 5.97098403 5.84864126 5.58156336
 5.16153102 5.44317733 5.76080138 5.42834889 5.10702532 5.46222174]","[0.21099001 0.20594753 0.20455198 0.20557403 0.23441793 0.23400991
 0.23899908 0.23867496 0.2386778  0.24049219 0.2401427  0.23762156]"
6,0.0,6,0.2,0.2,"[-30.0, 20.0, 0.0]","[1.0, 1.0, 1.0]","[6.31881567 5.97098403 5.59413643 5.97098403 5.84864126 5.58156336
 5.16153102 5.44317733 5.76080138 5.42834889 5.10702532 5.46222174]","[0.21099001 0.20594753 0.20455198 0.20557403 0.23441793 0.23400991
 0.23899908 0.23867496 0.2386778  0.24049219 0.2401427  0.23762156]"
6,0.0,6,0.2,0.2,"[0.0, -20.0, 0.0]","[0.6, 0.6, 1.0]","[6.31881567 5.97098403 5.59413643 5.97098403 5.69729442 5.38451659
 5.04548556 5.3833072  5.77393639 5.48336878 5.09490523 5.40295206]","[0.20025788 0.20051842 0.20071979 0.20019514 0.24947928 0.24430805
 0.24160478 0.24351524 0.24124549 0.2382097  0.23874631 0.24074157]"
6,0.0,6,0.2,0.2,"[0.0, -20.0, 0.0]","[1.0, 1.0, 1.0]","[6.31881567 5.97098403 5.59413643 5.97098403 5.69729442 5.38451659
 5.04548556 5.3833072  5.77393639 5.48336878 5.09490523 5.40295206]","[0.20025788 0.20051842 0.20071979 0.20019514 0.24947928 0.24430805
 0.24160478 0.24351524 0.24124549 0.2382097  0.23874631 0.24074157]"
6,0.0,6,0.2,0.2,"[0.0, 0.0, 0.0]","[0.6, 0.6, 1.0]","[6.31881567 5.97098403 5.59413643 5.97098403 5.69729442 5.38451659
 5.04548556 5.3833072  5.70568824 5.39207306 5.05420254 5.39206593]","[0.20025788 0.20051842 0.20071979 0.20019514 0.24024969 0.24080075
 0.24121149 0.24008285 0.2410772  0.24186461 0.24234799 0.24078558]"
6,0.0,6,0.2,0.2,"[0.0, 0.0, 0.0]","[1.0, 1.0, 1.0]","[6.31881567 5.97098403 5.59413643 5.97098403 5.69729442 5.38451659
 5.04548556 5.3833072  5.70568824 5.39207306 5.05420254 5.39206593]","[0.20025788 0.20051842 0.20071979 0.20019514 0.24024969 0.24080075
 0.24121149 0.24008285 0.2410772  0.24186461 0.24234799 0.24078558]"
6,0.0,6,0.2,0.2,"[0.0, 20.0, 0.0]","[0.6, 0.6, 1.0]","[6.31881567 5.97098403 5.59413643 5.97098403 5.69729442 5.38451659
 5.04548556 5.3833072  5.76204184 5.41202638 5.11895748 5.48724887]","[0.20025788 0.20051842 0.20071979 0.20019514 0.24383445 0.24710137
 0.2523819  0.24534117 0.23857744 0.24272315 0.24302044 0.23787846]"
6,0.0,6,0.2,0.2,"[0.0, 20.0, 0.0]","[1.0, 1.0, 1.0]","[6.31881567 5.97098403 5.59413643 5.97098403 5.69729442 5.38451659
 5.04548556 5.3833072  5.76204184 5.41202638 5.11895748 5.48724887]","[0.20025788 0.20051842 0.20071979 0.20019514 0.24383445 0.24710137
 0.2523819  0.24534117 0.23857744 0.24272315 0.24302044 0.23787846]"
6,0.0,6,0.2,0.2,"[30.0, -20.0, 0.0]","[0.6, 0.6, 1.0]","[6.31881567 5.97098403 5.59413643 5.97098403 5.83823284 5.45196211
 5.18161867 5.58290086 5.76370673 5.46119661 5.09875784 5.42443485]","[0.206917   0.20829018 0.21273917 0.20685683 0.23672562 0.23848275
 0.23385372 0.23185794 0.23892205 0.2388066  0.23972748 0.23913391]"
6,0.0,6,0.2,0.2,"[30.0, -20.0, 0.0]","[1.0, 1.0, 1.0]","[6.31881567 5.97098403 5.59413643 5.97098403 5.83823284 5.45196211
 5.18161867 5.58290086 5.76370673 5.46119661 5.09875784 5.42443485]","[0.206917   0.20829018 0.21273917 0.20685683 0.23672562 0.23848275
 0.23385372 0.23185794 0.23892205 0.2388066  0.23972748 0.23913391]"
6,0.0,6,0.2,0.2,"[30.0, 0.0, 0.0]","[0.6, 0.6, 1.0]","[6.31881567 5.97098403 5.59413643 5.97098403 5.83823284 5.45196211
 5.18161867 5.58290086 5.7298863  5.39262644 5.0873846  5.44525753]","[0.206917   0.20829018 0.21273917 0.20685683 0.23515538 0.24037327
 0.23959873 0.23336204 0.23955952 0.24304856 0.24369427 0.23922893]"
6,0.0,6,0.2,0.2,"[30.0, 0.0, 0.0]","[1.0, 1.0, 1.0]","[6.31881567 5.97098403 5.59413643 5.97098403 5.83823284 5.45196211
 5.18161867 5.58290086 5.7298863  5.39262644 5.0873846  5.44525753]","[0.206917   0.20829018 0.21273917 0.20685683 0.23515538 0.24037327
 0.23959873 0.23336204 0.23955952 0.24304856 0.24369427 0.23922893]"
6,0.0,6,0.2,0.2,"[30.0, 20.0, 0.0]","[0.6, 0.6, 1.0]","[6.31881567 5.97098403 5.59413643 5.97098403 5.83823284 5.45196211
 5.18161867 5.58290086 5.81416707 5.44466125 5.16833736 5.54714572]","[0.206917   0.20829018 0.21273917 0.20685683 0.24574027 0.25183752
 0.25556581 0.24252676 0.23825625 0.24404833 0.24505184 0.23739213]"
6,0.0,6,0.2,0.2,"[30.0, 20.0, 0.0]","[1.0, 1.0, 1.0]","[6.31881567 5.97098403 5.59413643 5.97098403 5.83823284 5.45196211
 5.18161867 5.58290086 5.81416707 5.44466125 5.16833736 5.54714572]","[0.206917   0.20829018 0.21273917 0.20685683 0.24574027 0.25183752
 0.25556581 0.24252676 0.23825625 0.24404833 0.24505184 0.23739213]"
6,8.0,6,0.2,0.2,"[-30.0, -20.0, 0.0]","[0.6, 0.6, 1.0]","[6.31881567 5.97098403 5.59413643 5.97098403 5.94789379 5.49486848
 5.25824189 5.72208605 5.94473557 5.49960113 5.25618439 5.71510015]","[0.21099001 0.20594753 0.20455198 0.20557403 0.23917461 0.24116555
 0.23341053 0.2296144  0.23114329 0.23602977 0.23099815 0.22651537]"
6,8.0,6,0.2,0.2,"[-30.0, -20.0, 0.0]","[1.0, 1.0, 1.0]","[6.31881567 5.97098403 5.59413643 5.97098403 5.94789379 5.49486848
 5.25824189 5.72208605 5.94473557 5.49960113 5.25618439 5.71510015]","[0.21099001 0.20594753 0.20455198 0.20557403 0.23917461 0.24116555
 0.23341053 0.2296144  0.23114329 0.23602977 0.23099815 0.22651537]"
6,8.0,6,0.2,0.2,"[-30.0, 0.0, 0.0]","[0.6, 0.6, 1.0]","[6.31881567 5.97098403 5.59413643 5.97098403 5.94789379 5.49486848
 5.25824189 5.72208605 5.98677604 5.53048253 5.29929129 5.76690746]","[0.21099001 0.20594753 0.20455198 0.20557403 0.23054389 0.23571029
 0.23036652 0.22571599 0.22907118 0.23454869 0.22951768 0.22450086]"
6,8.0,6,0.2,0.2,"[-30.0, 0.0, 0.0]","[1.0, 1.0, 1.0]","[6.31881567 5.97098403 5.59413643 5.97098403 5.94789379 5.49486848
 5.25824189 5.72208605 5.98677604 5.53048253 5.29929129 5.76690746]","[0.21099001 0.20594753 0.20455198 0.20557403 0.23054389 0.23571029
 0.23036652 0.22571599 0.22907118 0.23454869 0.22951768 0.22450086]"
6,8.0,6,0.2,0.2,"[-30.0, 20.0, 0.0]","[0.6, 0.6, 1.0]","[6.31881567 5.97098403 5.59413643 5.97098403 5.94789379 5.49486848
 5.25824189 5.72208605 6.08413214 5.64323908 5.38564144 5.83817491]","[0.21099001 0.20594753 0.20455198 0.20557403 0.23311158 0.23936318
 0.23741785 0.22900389 0.22519902 0.23014266 0.2263746  0.22186447]"
6,8.0,6,0.2,0.2,"[-30.0, 20.0, 0.0]","[1.0, 1.0, 1.0]","[6.31881567 5.97098403 5.59413643 5.97098403 5.94789379 5.49486848
 5.25824189 5.72208605 6.08413214 5.64323908 5.38564144 5.83817491]","[0.21099001 0.20594753 0.20455198 0.20557403 0.23311158 0.23936318
 0.23741785 0.22900389 0.22519902 0.23014266 0.2263746  0.22186447]"
6,8.0,6,0.2,0.2,"[0.0, -20.0, 0.0]","[0.6, 0.6, 1.0]","[6.31881567 5.97098403 5.59413643 5.97098403 6.0051489  5.53339922
 5.31670286 5.79550452 5.95588072 5.50696853 5.26801584 5.72973644]","[0.20025788 0.20051842 0.20071979 0.20019514 0.23463395 0.23704507
 0.22959282 0.22563494 0.23044759 0.2355088  0.2305197  0.22585134]"
6,8.0,6,0.2,0.2,"[0.0, -20.0, 0.0]","[1.0, 1.0, 1.0]","[6.31881567 5.97098403 5.59413643 5.97098403 6.0051489  5.53339922
 5.31670286 5.79550452 5.95588072 5.50696853 5.26801584 5.72973644]","[0.20025788 0.20051842 0.20071979 0.20019514 0.23463395 0.23704507
 0.22959282 0.22563494 0.23044759 0.2355088  0.2305197  0.22585134]"
6,8.0,6,0.2,0.2,"[0.0, 0.0, 0.0]","[0.6, 0.6, 1.0]","[6.31881567 5.97098403 5.59413643 5.97098403 6.0051489  5.53339922
 5.31670286 5.79550452 6.00416406 5.54795578 5.31596432 5.7832219 ]","[0.20025788 0.20051842 0.20071979 0.20019514 0.22776438 0.23387783
 0.22840069 0.22290229 0.22821613 0.23372918 0.22890455 0.22382005]"
6,8.0,6,0.2,0.2,"[0.0, 0.0, 0.0]","[1.0, 1.0, 1.0]","[6.31881567 5.97098403 5.59413643 5.97098403 6.0051489  5.53339922
 5.31670286 5.79550452 6.00416406 5.54795578 5.31596432 5.7832219 ]","[0.20025788 0.20051842 0.20071979 0.20019514 0.22776438 0.23387783
 0.22840069 0.22290229 0.22821613 0.23372918 0.22890455 0.22382005]"
6,8.0,6,0.2,0.2,"[0.0, 20.0, 0.0]","[0.6, 0.6, 1.0]","[6.31881567 5.97098403 5.59413643 5.97098403 6.0051489  5.53339922
 5.31670286 5.79550452 6.09943086 5.66045383 5.39986679 5.85141871]","[0.20025788 0.20051842 0.20071979 0.20019514 0.23155311 0.23944619
 0.23689681 0.22699114 0.22449754 0.22946625 0.22594558 0.22134634]"
6,8.0,6,0.2,0.2,"[0.0, 20.0, 0.0]","[1.0, 1.0, 1.0]","[6.31881567 5.97098403 5.59413643 5.97098403 6.0051489  5.53339922
 5.31670286 5.79550452 6.09943086 5.66045383 5.39986679 5.85141871]","[0.20025788 0.20051842 0.20071979 0.20019514 0.23155311 0.23944619
 0.23689681 0.22699114 0.22449754 0.22946625 0.22594558 0.22134634]"
6,8.0,6,0.2,0.2,"[30.0, -20.0, 0.0]","[0.6, 0.6, 1.0]","[6.31881567 5.97098403 5.59413643 5.97098403 6.16958395 5.73852854
 5.4603021  5.90451946 5.97319892 5.52325234 5.28492543 5.7472908 ]","[0.206917   0.20829018 0.21273917 0.20685683 0.22639063 0.22683369
 0.22259812 0.22062411 0.22942466 0.2345575  0.22971362 0.22495412]"
6,8.0,6,0.2,0.2,"[30.0, -20.0, 0.0]","[1.0, 1.0, 1.0]","[6.31881567 5.97098403 5.59413643 5.97098403 6.16958395 5.73852854
 5.4603021  5.90451946 5.97319892 5.52325234 5.28492543 5.7472908 ]","[0.206917   0.20829018 0.21273917 0.20685683 0.22639063 0.22683369
 0.22259812 0.22062411 0.22942466 0.2345575  0.22971362 0.22495412]"
6,8.0,6,0.2,0.2,"[30.0, 0.0, 0.0]","[0.6, 0.6, 1.0]","[6.31881567 5.97098403 5.59413643 5.97098403 6.16958395 5.73852854
 5.4603021  5.90451946 6.02708911 5.57342798 5.3367115  5.80161016]","[0.206917   0.20829018 0.21273917 0.20685683 0.22149605 0.22605393
 0.22316946 0.21897177 0.22705088 0.23251998 0.22801056 0.22293832]"
6,8.0,6,0.2,0.2,"[30.0, 0.0, 0.0]","[1.0, 1.0, 1.0]","[6.31881567 5.97098403 5.59413643 5.97098403 6.16958395 5.73852854
 5.4603021  5.90451946 6.02708911 5.57342798 5.3367115  5.80161016]","[0.206917   0.20829018 0.21273917 0.20685683 0.22149605 0.22605393
 0.22316946 0.21897177 0.22705088 0.23251998 0.22801056 0.22293832]"
6,8.0,6,0.2,0.2,"[30.0, 20.0, 0.0]","[0.6, 0.6, 1.0]","[6.31881567 5.97098403 5.59413643 5.97098403 6.16958395 5.73852854
 5.4603021  5.90451946 6.12080819 5.68532332 5.41850119 5.86750588]","[0.206917   0.20829018 0.21273917 0.20685683 0.22630947 0.23300473
 0.23252577 0.22368607 0.22347181 0.22841999 0.22522309 0.22059884]"
6,8.0,6,0.2,0.2,"[30.0, 20.0, 0.0]","[1.0, 1.0, 1.0]","[6.31881567 5.97098403 5.59413643 5.97098403 6.16958395 5.73852854
 5.4603021  5.90451946 6.12080819 5.68532332 5.41850119 5.86750588]","[0.206917   0.20829018 0.21273917 0.20685683 0.22630947 0.23300473
 0.23252577 0.22368607 0.22347181 0.22841999 0.22522309 0.22059884]"
8,-8.0,6,0.2,0.2,"[-30.0, -20.0, 0.0]","[0.6, 0.6, 1.0]","[6.31881567 5.97098403 5.59413643 5.97098403 6.22762367 5.92443045
 5.51456646 5.84033455 6.19770895 5.90291068 5.48739023 5.80363242]","[0.21099001 0.20594753 0.20455198 0.20557403 0.21676526 0.21153279
 0.21165648 0.21471569 0.2182141  0.21653838 0.21825356 0.21995688]"
8,-8.0,6,0.2,0.2,"[-30.0, -20.0, 0.0]","[1.0, 1.0, 1.0]","[6.31881567 5.97098403 5.59413643 5.97098403 6.22762367 5.92443045
 5.51456646 5.84033455 6.19770895 5.90291068 5.48739023 5.80363242]","[0.21099001 0.20594753 0.20455198 0.20557403 0.21676526 0.21153279
 0.21165648 0.21471569 0.2182141  0.21653838 0.21825356 0.21995688]"
8,-8.0,6,0.2,0.2,"[-30.0, 0.0, 0.0]","[0.6, 0.6, 1.0]","[6.31881567 5.97098403 5.59413643 5.97098403 6.22762367 5.92443045
 5.51456646 5.84033455 6.14015815 5.86165549 5.43601656 5.73427481]","[0.21099001 0.20594753 0.20455198 0.20557403 0.20957902 0.20820883
 0.20956956 0.21091524 0.22013305 0.21813899 0.22058223 0.22265503]"
8,-8.0,6,0.2,0.2,"[-30.0, 0.0, 0.0]","[1.0, 1.0, 1.0]","[6.31881567 5.97098403 5.59413643 5.97098403 6.22762367 5.92443045
 5.51456646 5.84033455 6.14015815 5.86165549 5.43601656 5.73427481]","[0.21099001 0.20594753 0.20455198 0.20557403 0.20957902 0.20820883
 0.20956956 0.21091524 0.22013305 0.21813899 0.22058223 0.22265503]"
8,-8.0,6,0.2,0.2,"[-30.0, 20.0, 0.0]","[0.6, 0.6, 1.0]","[6.31881567 5.97098403 5.59413643 5.97098403 6.22762367 5.92443045
 5.51456646 5.84033455 6.10341569 5.82874727 5.40620486 5.70071525]","[0.21099001 0.20594753 0.20455198 0.20557403 0.21219501 0.2122548
 0.21644423 0.21399566 0.22141925 0.21952203 0.22213324 0.22412427]"
8,-8.0,6,0.2,0.2,"[-30.0, 20.0, 0.0]","[1.0, 1.0, 1.0]","[6.31881567 5.97098403 5.59413643 5.97098403 6.22762367 5.92443045
 5.51456646 5.84033455 6.10341569 5.82874727 5.40620486 5.70071525]","[0.21099001 0.20594753 0.20455198 0.20557403 0.21219501 0.2122548
 0.21644423 0.21399566 0.22141925 0.21952203 0.22213324 0.22412427]"
8,-8.0,6,0.2,0.2,"[0.0, -20.0, 0.0]","[0.6, 0.6, 1.0]","[6.31881567 5.97098403 5.59413643 5.97098403 6.13699599 5.86158133
 5.43324775 5.7276086  6.18774915 5.89299864 5.47813725 5.79452689]","[0.20025788 0.20051842 0.20071979 0.20019514 0.22659937 0.22080962
 0.22187137 0.2256993  0.2186186  0.21702461 0.21880877 0.22041188]"
8,-8.0,6,0.2,0.2,"[0.0, -20.0, 0.0]","[1.0, 1.0, 1.0]","[6.31881567 5.97098403 5.59413643 5.97098403 6.13699599 5.86158133
 5.43324775 5.7276086  6.18774915 5.89299864 5.47813725 5.79452689]","[0.20025788 0.20051842 0.20071979 0.20019514 0.22659937 0.22080962
 0.22187137 0.2256993  0.2186186  0.21702461 0.21880877 0.22041188]"
8,-8.0,6,0.2,0.2,"[0.0, 0.0, 0.0]","[0.6, 0.6, 1.0]","[6.31881567 5.97098403 5.59413643 5.97098403 6.13699599 5.86158133
 5.43324775 5.7276086  6.13296456 5.85291802 5.42973454 5.73030836]","[0.20025788 0.20051842 0.20071979 0.20019514 0.22010942 0.21805353
 0.22067113 0.22283063 0.22045916 0.21859958 0.22104922 0.22294964]"
8,-8.0,6,0.2,0.2,"[0.0, 0.0, 0.0]","[1.0, 1.0, 1.0]","[6.31881567 5.97098403 5.59413643 5.97098403 6.13699599 5.86158133
 5.43324775 5.7276086  6.13296456 5.85291802 5.42973454 5.73030836]","[0.20025788 0.20051842 0.20071979 0.20019514 0.22010942 0.21805353
 0.22067113 0.22283063 0.22045916 0.21859958 0.22104922 0.22294964]"
8,-8.0,6,0.2,0.2,"[0.0, 20.0, 0.0]","[0.6, 0.6, 1.0]","[6.31881567 5.97098403 5.59413643 5.97098403 6.13699599 5.86158133
 5.43324775 5.7276086  6.10184556 5.82364533 5.40521445 5.70407475]","[0.20025788 0.20051842 0.20071979 0.20019514 0.22363963 0.2227092
 0.2285646  0.2270947  0.22156212 0.21986387 0.22241036 0.22416577]"
8,-8.0,6,0.2,0.2,"[0.0, 20.0, 0.0]","[1.0, 1.0, 1.0]","[6.31881567 5.97098403 5.59413643 5.97098403 6.13699599 5.86158133
 5.43324775 5.7276086  6.10184556 5.82364533 5.40521445 5.70407475]","[0.20025788 0.20051842 0.20071979 0.20019514 0.22363963 0.2227092
 0.2285646  0.2270947  0.22156212 0.21986387 0.22241036 0.22416577]"
8,-8.0,6,0.2,0.2,"[30.0, -20.0, 0.0]","[0.6, 0.6, 1.0]","[6.31881567 5.97098403 5.59413643 5.97098403 6.09887544 5.82265293
 5.40406937 5.69949608 6.18215822 5.88804768 5.47327251 5.78873732]","[0.206917   0.20829018 0.21273917 0.20685683 0.22733011 0.22194053
 0.22262404 0.22612851 0.21881892 0.21729006 0.21914053 0.22068835]"
8,-8.0,6,0.2,0.2,"[30.0, -20.0, 0.0]","[1.0, 1.0, 1.0]","[6.31881567 5.97098403 5.59413643 5.97098403 6.09887544 5.82265293
 5.40406937 5.69949608 6.18215822 5.88804768 5.47327251 5.78873732]","[0.206917   0.20829018 0.21273917 0.20685683 0.22733011 0.22194053
 0.22262404 0.22612851 0.21881892 0.21729006 0.21914053 0.22068835]"
8,-8.0,6,0.2,0.2,"[30.0, 0.0, 0.0]","[0.6, 0.6, 1.0]","[6.31881567 5.97098403 5.59413643 5.97098403 6.09887544 5.82265293
 5.40406937 5.69949608 6.1264382  5.84716211 5.4242901  5.72409105]","[0.206917   0.20829018 0.21273917 0.20685683 0.22146689 0.2197383
 0.22234865 0.22420253 0.2207164  0.21891238 0.22143535 0.22328301]"
8,-8.0,6,0.2,0.2,"[30.0, 0.0, 0.0]","[1.0, 1.0, 1.0]","[6.31881567 5.97098403 5.59413643 5.97098403 6.09887544 5.82265293
 5.40406937 5.69949608 6.1264382  5.84716211 5.4242901  5.72409105]","[0.206917   0.20829018 0.21273917 0.20685683 0.22146689 0.2197383
 0.22234865 0.22420253 0.2207164  0.21891238 0.22143535 0.22328301]"
8,-8.0,6,0.2,0.2,"[30.0, 20.0, 0.0]","[0.6, 0.6, 1.0]","[6.31881567 5.97098403 5.59413643 5.97098403 6.09887544 5.82265293
 5.40406937 5.69949608 6.09700162 5.81862657 5.40160796 5.70075713]","[0.206917   0.20829018 0.21273917 0.20685683 0.22602057 0.22517526
 0.23132122 0.22964211 0.2217876  0.22016841 0.222749   0.22442678]"
8,-8.0,6,0.2,0.2,"[30.0, 20.0, 0.0]","[1.0, 1.0, 1.0]","[6.31881567 5.97098403 5.59413643 5.97098403 6.09887544 5.82265293
 5.40406937 5.69949608 6.09700162 5.81862657 5.40160796 5.70075713]","[0.206917   0.20829018 0.21273917 0.20685683 0.22602057 0.22517526
 0.23132122 0.22964211 0.2217876  0.22016841 0.222749   0.22442678]"
8,0.0,6,0.2,0.2,"[-30.0, -20.0, 0.0]","[0.6, 0.6, 1.0]","[6.31881567 5.97098403 5.59413643 5.97098403 6.00198188 5.69402409
 5.30156388 5.62846431 5.98863696 5.67005243 5.28267175 5.61684287]","[0.21099001 0.20594753 0.20455198 0.20557403 0.24130139 0.23221703
 0.23079476 0.23435839 0.23144387 0.22778441 0.2269409  0.22911209]"
8,0.0,6,0.2,0.2,"[-30.0, -20.0, 0.0]","[1.0, 1.0, 1.0]","[6.31881567 5.97098403 5.59413643 5.97098403 6.00198188 5.69402409
 5.30156388 5.62846431 5.98863696 5.67005243 5.28267175 5.61684287]","[0.21099001 0.20594753 0.20455198 0.20557403 0.24130139 0.23221703
 0.23079476 0.23435839 0.23144387 0.22778441 0.2269409  0.22911209]"
8,0.0,6,0.2,0.2,"[-30.0, 0.0, 0.0]","[0.6, 0.6, 1.0]","[6.31881567 5.97098403 5.59413643 5.97098403 6.00198188 5.69402409
 5.30156388 5.62846431 5.93087878 5.61021263 5.24307661 5.58711443]","[0.21099001 0.20594753 0.20455198 0.20557403 0.22816044 0.22543146
 0.2255501  0.22744595 0.23020932 0.22906773 0.2288402  0.22913533]"
8,0.0,6,0.2,0.2,"[-30.0, 0.0, 0.0]","[1.0, 1.0, 1.0]","[6.31881567 5.97098403 5.59413643 5.97098403 6.00198188 5.69402409
 5.30156388 5.62846431 5.93087878 5.61021263 5.24307661 5.58711443]","[0.21099001 0.20594753 0.20455198 0.20557403 0.22816044 0.22543146
 0.2255501  0.22744595 0.23020932 0.22906773 0.2288402  0.22913533]"
8,0.0,6,0.2,0.2,"[-30.0, 20.0, 0.0]","[0.6, 0.6, 1.0]","[6.31881567 5.97098403 5.59413643 5.97098403 6.00198188 5.69402409
 5.30156388 5.62846431 5.94809751 5.61254794 5.27187308 5.63178637]","[0.21099001 0.20594753 0.20455198 0.20557403 0.22574726 0.22682597
 0.23031426 0.22824576 0.22788864 0.22918151 0.22918061 0.22729348]"
8,0.0,6,0.2,0.2,"[-30.0, 20.0, 0.0]","[1.0, 1.0, 1.0]","[6.31881567 5.97098403 5.59413643 5.97098403 6.00198188 5.69402409
 5.30156388 5.62846431 5.94809751 5.61254794 5.27187308 5.63178637]","[0.21099001 0.20594753 0.20455198 0.20557403 0.22574726 0.22682597
 0.23031426 0.22824576 0.22788864 0.22918151 0.22918061 0.22729348]"
8,0.0,6,0.2,0.2,"[0.0, -20.0, 0.0]","[0.6, 0.6, 1.0]","[6.31881567 5.97098403 5.59413643 5.97098403 5.90428967 5.57991757
 5.22831506 5.57903717 5.95708247 5.64024649 5.26246136 5.60070942]","[0.20025788 0.20051842 0.20071979 0.20019514 0.23714494 0.2326048
 0.23026319 0.2319069  0.2297384  0.22804387 0.22795926 0.22879835]"
8,0.0,6,0.2,0.2,"[0.0, -20.0, 0.0]","[1.0, 1.0, 1.0]","[6.31881567 5.97098403 5.59413643 5.97098403 5.90428967 5.57991757
 5.22831506 5.57903717 5.95708247 5.64024649 5.26246136 5.60070942]","[0.20025788 0.20051842 0.20071979 0.20019514 0.23714494 0.2326048
 0.23026319 0.2319069  0.2297384  0.22804387 0.22795926 0.22879835]"
8,0.0,6,0.2,0.2,"[0.0, 0.0, 0.0]","[0.6, 0.6, 1.0]","[6.31881567 5.97098403 5.59413643 5.97098403 5.90428967 5.57991757
 5.22831506 5.57903717 5.91255501 5.58769965 5.23635278 5.58713063]","[0.20025788 0.20051842 0.20071979 0.20019514 0.22895656 0.22943606
 0.22979288 0.22881395 0.22932811 0.22997074 0.23040615 0.22910831]"
8,0.0,6,0.2,0.2,"[0.0, 0.0, 0.0]","[1.0, 1.0, 1.0]","[6.31881567 5.97098403 5.59413643 5.97098403 5.90428967 5.57991757
 5.22831506 5.57903717 5.91255501 5.58769965 5.23635278 5.58713063]","[0.20025788 0.20051842 0.20071979 0.20019514 0.22895656 0.22943606
 0.22979288 0.22881395 0.22932811 0.22997074 0.23040615 0.22910831]"
8,0.0,6,0.2,0.2,"[0.0, 20.0, 0.0]","[0.6, 0.6, 1.0]","[6.31881567 5.97098403 5.59413643 5.97098403 5.90428967 5.57991757
 5.22831506 5.57903717 5.94868268 5.60680439 5.2785714  5.64232321]","[0.20025788 0.20051842 0.20071979 0.20019514 0.23223349 0.23506108
 0.23968532 0.23350919 0.22771556 0.2303728  0.23122035 0.22774292]"
8,0.0,6,0.2,0.2,"[0.0, 20.0, 0.0]","[1.0, 1.0, 1.0]","[6.31881567 5.97098403 5.59413643 5.97098403 5.90428967 5.57991757
 5.22831506 5.57903717 5.94868268 5.60680439 5.2785714  5.64232321]","[0.20025788 0.20051842 0.20071979 0.20019514 0.23223349 0.23506108
 0.23968532 0.23350919 0.22771556 0.2303728  0.23122035 0.22774292]"
8,0.0,6,0.2,0.2,"[30.0, -20.0, 0.0]","[0.6, 0.6, 1.0]","[6.31881567 5.97098403 5.59413643 5.97098403 5.99407647 5.63460289
 5.31651492 5.69516768 5.95113088 5.63142955 5.26473763 5.60900175]","[0.206917   0.20829018 0.21273917 0.20685683 0.22814479 0.22797318
 0.22507179 0.22470765 0.2281234  0.22821648 0.22878078 0.22809283]"
8,0.0,6,0.2,0.2,"[30.0, -20.0, 0.0]","[1.0, 1.0, 1.0]","[6.31881567 5.97098403 5.59413643 5.97098403 5.99407647 5.63460289
 5.31651492 5.69516768 5.95113088 5.63142955 5.26473763 5.60900175]","[0.206917   0.20829018 0.21273917 0.20685683 0.22814479 0.22797318
 0.22507179 0.22470765 0.2281234  0.22821648 0.22878078 0.22809283]"
8,0.0,6,0.2,0.2,"[30.0, 0.0, 0.0]","[0.6, 0.6, 1.0]","[6.31881567 5.97098403 5.59413643 5.97098403 5.99407647 5.63460289
 5.31651492 5.69516768 5.92450493 5.59092215 5.2540157  5.61164651]","[0.206917   0.20829018 0.21273917 0.20685683 0.22584305 0.22896218
 0.22940984 0.22546856 0.22844534 0.2306398  0.23164895 0.22865073]"
8,0.0,6,0.2,0.2,"[30.0, 0.0, 0.0]","[1.0, 1.0, 1.0]","[6.31881567 5.97098403 5.59413643 5.97098403 5.99407647 5.63460289
 5.31651492 5.69516768 5.92450493 5.59092215 5.2540157  5.61164651]","[0.206917   0.20829018 0.21273917 0.20685683 0.22584305 0.22896218
 0.22940984 0.22546856 0.22844534 0.2306398  0.23164895 0.22865073]"
8,0.0,6,0.2,0.2,"[30.0, 20.0, 0.0]","[0.6, 0.6, 1.0]","[6.31881567 5.97098403 5.59413643 5.97098403 5.99407647 5.63460289
 5.31651492 5.69516768 5.97673807 5.62617274 5.30575458 5.67283352]","[0.206917   0.20829018 0.21273917 0.20685683 0.23471973 0.23861945
 0.24329456 0.23346995 0.22771715 0.23138672 0.23300937 0.2279153 ]"
8,0.0,6,0.2,0.2,"[30.0, 20.0, 0.0]","[1.0, 1.0, 1.0]","[6.31881567 5.97098403 5.59413643 5.97098403 5.99407647 5.63460289
 5.31651492 5.69516768 5.97673807 5.62617274 5.30575458 5.67283352]","[0.206917   0.20829018 0.21273917 0.20685683 0.23471973 0.23861945
 0.24329456 0.23346995 0.22771715 0.23138672 0.23300937 0.2279153 ]"
8,8.0,6,0.2,0.2,"[-30.0, -20.0, 0.0]","[0.6, 0.6, 1.0]","[6.31881567 5.97098403 5.59413643 5.97098403 6.10250696 5.69841694
 5.39888389 5.82230065 6.10081738 5.70054747 5.39838486 5.81952668]","[0.21099001 0.20594753 0.20455198 0.20557403 0.22898963 0.22835365
 0.22397427 0.22250982 0.22189624 0.22448931 0.22201552 0.2194859 ]"
8,8.0,6,0.2,0.2,"[-30.0, -20.0, 0.0]","[1.0, 1.0, 1.0]","[6.31881567 5.97098403 5.59413643 5.97098403 6.10250696 5.69841694
 5.39888389 5.82230065 6.10081738 5.70054747 5.39838486 5.81952668]","[0.21099001 0.20594753 0.20455198 0.20557403 0.22898963 0.22835365
 0.22397427 0.22250982 0.22189624 0.22448931 0.22201552 0.2194859 ]"
8,8.0,6,0.2,0.2,"[-30.0, 0.0, 0.0]","[0.6, 0.6, 1.0]","[6.31881567 5.97098403 5.59413643 5.97098403 6.10250696 5.69841694
 5.39888389 5.82230065 6.12836594 5.72587259 5.42538101 5.84857321]","[0.21099001 0.20594753 0.20455198 0.20557403 0.22160272 0.22432555
 0.2217222  0.21912704 0.22070441 0.22348267 0.22115907 0.21842496]"
8,8.0,6,0.2,0.2,"[-30.0, 0.0, 0.0]","[1.0, 1.0, 1.0]","[6.31881567 5.97098403 5.59413643 5.97098403 6.10250696 5.69841694
 5.39888389 5.82230065 6.12836594 5.72587259 5.42538101 5.84857321]","[0.21099001 0.20594753 0.20455198 0.20557403 0.22160272 0.22432555
 0.2217222  0.21912704 0.22070441 0.22348267 0.22115907 0.21842496]"
8,8.0,6,0.2,0.2,"[-30.0, 20.0, 0.0]","[0.6, 0.6, 1.0]","[6.31881567 5.97098403 5.59413643 5.97098403 6.10250696 5.69841694
 5.39888389 5.82230065 6.18371419 5.79064492 5.47403422 5.88874476]","[0.21099001 0.20594753 0.20455198 0.20557403 0.22450619 0.22842995
 0.22879104 0.22255251 0.21861654 0.22110269 0.21949119 0.21699765]"
8,8.0,6,0.2,0.2,"[-30.0, 20.0, 0.0]","[1.0, 1.0, 1.0]","[6.31881567 5.97098403 5.59413643 5.97098403 6.10250696 5.69841694
 5.39888389 5.82230065 6.18371419 5.79064492 5.47403422 5.88874476]","[0.21099001 0.20594753 0.20455198 0.20557403 0.22450619 0.22842995
 0.22879104 0.22255251 0.21861654 0.22110269 0.21949119 0.21699765]"
8,8.0,6,0.2,0.2,"[0.0, -20.0, 0.0]","[0.6, 0.6, 1.0]","[6.31881567 5.97098403 5.59413643 5.97098403 6.13706339 5.72788058
 5.43331939 5.86166075 6.10534654 5.70433222 5.40290442 5.8246875 ]","[0.20025788 0.20051842 0.20071979 0.20019514 0.2265435  0.22605337
 0.22186901 0.22037983 0.22161414 0.22426489 0.22186364 0.21925548]"
8,8.0,6,0.2,0.2,"[0.0, -20.0, 0.0]","[1.0, 1.0, 1.0]","[6.31881567 5.97098403 5.59413643 5.97098403 6.13706339 5.72788058
 5.43331939 5.86166075 6.10534654 5.70433222 5.40290442 5.8246875 ]","[0.20025788 0.20051842 0.20071979 0.20019514 0.2265435  0.22605337
 0.22186901 0.22037983 0.22161414 0.22426489 0.22186364 0.21925548]"
8,8.0,6,0.2,0.2,"[0.0, 0.0, 0.0]","[0.6, 0.6, 1.0]","[6.31881567 5.97098403 5.59413643 5.97098403 6.13706339 5.72788058
 5.43331939 5.86166075 6.13464915 5.73230383 5.43123022 5.85428747]","[0.20025788 0.20051842 0.20071979 0.20019514 0.22009464 0.22314094
 0.22065922 0.21769998 0.22038198 0.22318952 0.22097617 0.21818944]"
8,8.0,6,0.2,0.2,"[0.0, 0.0, 0.0]","[1.0, 1.0, 1.0]","[6.31881567 5.97098403 5.59413643 5.97098403 6.13706339 5.72788058
 5.43331939 5.86166075 6.13464915 5.73230383 5.43123022 5.85428747]","[0.20025788 0.20051842 0.20071979 0.20019514 0.22009464 0.22314094
 0.22065922 0.21769998 0.22038198 0.22318952 0.22097617 0.21818944]"
8,8.0,6,0.2,0.2,"[0.0, 20.0, 0.0]","[0.6, 0.6, 1.0]","[6.31881567 5.97098403 5.59413643 5.97098403 6.13706339 5.72788058
 5.43331939 5.86166075 6.18915216 5.79643067 5.47896045 5.89360277]","[0.20025788 0.20051842 0.20071979 0.20019514 0.22364185 0.22814225
 0.22854548 0.22163    0.21834485 0.22086842 0.21936934 0.21680812]"
8,8.0,6,0.2,0.2,"[0.0, 20.0, 0.0]","[1.0, 1.0, 1.0]","[6.31881567 5.97098403 5.59413643 5.97098403 6.13706339 5.72788058
 5.43331939 5.86166075 6.18915216 5.79643067 5.47896045 5.89360277]","[0.20025788 0.20051842 0.20071979 0.20019514 0.22364185 0.22814225
 0.22854548 0.22163    0.21834485 0.22086842 0.21936934 0.21680812]"
8,8.0,6,0.2,0.2,"[30.0, -20.0, 0.0]","[0.6, 0.6, 1.0]","[6.31881567 5.97098403 5.59413643 5.97098403 6.22871102 5.84033534
 5.51303993 5.92417893 6.10691737 5.70147267 5.40464833 5.83007427]","[0.206917   0.20829018 0.21273917 0.20685683 0.21479518 0.2132645
 0.21060429 0.2101335  0.22139814 0.22427921 0.22177966 0.2189603 ]"
8,8.0,6,0.2,0.2,"[30.0, -20.0, 0.0]","[1.0, 1.0, 1.0]","[6.31881567 5.97098403 5.59413643 5.97098403 6.22871102 5.84033534
 5.51303993 5.92417893 6.10691737 5.70147267 5.40464833 5.83007427]","[0.206917   0.20829018 0.21273917 0.20685683 0.21479518 0.2132645
 0.21060429 0.2101335  0.22139814 0.22427921 0.22177966 0.2189603 ]"
8,8.0,6,0.2,0.2,"[30.0, 0.0, 0.0]","[0.6, 0.6, 1.0]","[6.31881567 5.97098403 5.59413643 5.97098403 6.22871102 5.84033534
 5.51303993 5.92417893 6.14197042 5.73662852 5.43774347 5.86307115]","[0.206917   0.20829018 0.21273917 0.20685683 0.20923001 0.21151418
 0.21042858 0.20805958 0.21997692 0.22295396 0.2207194  0.21778261]"
8,8.0,6,0.2,0.2,"[30.0, 0.0, 0.0]","[1.0, 1.0, 1.0]","[6.31881567 5.97098403 5.59413643 5.97098403 6.22871102 5.84033534
 5.51303993 5.92417893 6.14197042 5.73662852 5.43774347 5.86307115]","[0.206917   0.20829018 0.21273917 0.20685683 0.20923001 0.21151418
 0.21042858 0.20805958 0.21997692 0.22295396 0.2207194  0.21778261]"
8,8.0,6,0.2,0.2,"[30.0, 20.0, 0.0]","[0.6, 0.6, 1.0]","[6.31881567 5.97098403 5.59413643 5.97098403 6.22871102 5.84033534
 5.51303993 5.92417893 6.19948365 5.80550776 5.48767866 5.90340818]","[0.206917   0.20829018 0.21273917 0.20685683 0.21350238 0.2174397
 0.21917799 0.21256647 0.21785452 0.22048324 0.21904679 0.21637998]"
8,8.0,6,0.2,0.2,"[30.0, 20.0, 0.0]","[1.0, 1.0, 1.0]","[6.31881567 5.97098403 5.59413643 5.97098403 6.22871102 5.84033534
 5.51303993 5.92417893 6.19948365 5.80550776 5.48767866 5.90340818]","[0.206917   0.20829018 0.21273917 0.20685683 0.21350238 0.2174397
 0.21917799 0.21256647 0.21785452 0.22048324 0.21904679 0.21637998]"
4,-8.0,10,0.1,0.1,"[-30.0, -20.0, 0.0]","[0.6, 0.6, 1.0]","[10.2622412   9.97269997  9.6558587   9.97269997  9.99257448  9.95578785
  9.40794342  9.29581244  9.88601401  9.93484096  9.30828179  9.07737815]","[0.10627462 0.10339339 0.10253991 0.10309738 0.11628783 0.1081479
 0.11053586 0.11964777 0.11221805 0.10693795 0.11040496 0.11798988]"
4,-8.0,10,0.1,0.1,"[-30.0, -20.0, 0.0]","[1.0, 1.0, 1.0]","[10.2622412   9.97269997  9.6558587   9.97269997  9.93174359  9.94435652
  9.36323839  9.20794099  9.7731942   9.8965665   9.21061743  8.92636411]","[0.11692128 0.10928622 0.10697244 0.10847166 0.13874942 0.12126767
 0.12399936 0.14094039 0.14316841 0.13420245 0.13975761 0.15204475]"
4,-8.0,10,0.1,0.1,"[-30.0, 0.0, 0.0]","[0.6, 0.6, 1.0]","[10.2622412   9.97269997  9.6558587   9.97269997  9.99257448  9.95578785
  9.40794342  9.29581244  9.61029438  9.85494748  9.04123773  8.53340407]","[0.10627462 0.10339339 0.10253991 0.10309738 0.10900259 0.10513888
 0.10778441 0.11375813 0.12099001 0.11441888 0.12149149 0.13193296]"
4,-8.0,10,0.1,0.1,"[-30.0, 0.0, 0.0]","[1.0, 1.0, 1.0]","[10.2622412   9.97269997  9.6558587   9.97269997  9.93174359  9.94435652
  9.36323839  9.20794099  9.20895132  9.68629292  8.65190556  7.88934945]","[0.11692128 0.10928622 0.10697244 0.10847166 0.12005149 0.11350096
 0.11678351 0.1256429  0.1495941  0.1370991  0.1500398  0.16881455]"
4,-8.0,10,0.1,0.1,"[-30.0, 20.0, 0.0]","[0.6, 0.6, 1.0]","[10.2622412   9.97269997  9.6558587   9.97269997  9.99257448  9.95578785
  9.40794342  9.29581244  9.40466065  9.77910721  8.85240082  8.2057996 ]","[0.10627462 0.10339339 0.10253991 0.10309738 0.10854096 0.10702088
 0.11130604 0.11324936 0.12374697 0.11571213 0.12614137 0.13905586]"
4,-8.0,10,0.1,0.1,"[-30.0, 20.0, 0.0]","[1.0, 1.0, 1.0]","[10.2622412   9.97269997  9.6558587   9.97269997  9.93174359  9.94435652
  9.36323839  9.20794099  8.59825598  9.29726599  8.14831703  7.18617735]","[0.11692128 0.10928622 0.10697244 0.10847166 0.11882084 0.11838366
 0.12593339 0.12430628 0.16180129 0.14363355 0.16385869 0.19107581]"
4,-8.0,10,0.1,0.1,"[0.0, -20.0, 0.0]","[0.6, 0.6, 1.0]","[10.2622412   9.97269997  9.6558587   9.97269997  9.60390413  9.85179543
  9.03641535  8.52106871  9.77362635  9.90496578  9.19975756  8.86012871]","[0.10015482 0.10028972 0.10038258 0.10010642 0.12443864 0.11398926
 0.11941872 0.13252966 0.12219501 0.1159919  0.1211555  0.13032641]"
4,-8.0,10,0.1,0.1,"[0.0, -20.0, 0.0]","[1.0, 1.0, 1.0]","[10.2622412   9.97269997  9.6558587   9.97269997  9.06360858  9.67008839
  8.52941168  7.5520129   9.5935739   9.82215451  9.0266947   8.61338741]","[0.10042971 0.10080367 0.10106074 0.10029536 0.15962376 0.13521536
 0.14720702 0.17713938 0.14494174 0.13525421 0.14304557 0.15643301]"
4,-8.0,10,0.1,0.1,"[0.0, 0.0, 0.0]","[0.6, 0.6, 1.0]","[10.2622412   9.97269997  9.6558587   9.97269997  9.60390413  9.85179543
  9.03641535  8.52106871  9.42015925  9.78284028  8.86405901  8.21622833]","[0.10015482 0.10028972 0.10038258 0.10010642 0.11817543 0.11183003
 0.118792   0.12932251 0.12571923 0.11762969 0.12716279 0.14004951]"
4,-8.0,10,0.1,0.1,"[0.0, 0.0, 0.0]","[1.0, 1.0, 1.0]","[10.2622412   9.97269997  9.6558587   9.97269997  9.06360858  9.67008839
  8.52941168  7.5520129   8.96178504  9.50918524  8.43821391  7.64370037]","[0.10042971 0.10080367 0.10106074 0.10029536 0.14423965 0.13058571
 0.14571784 0.16776944 0.15341785 0.1399493  0.15508584 0.17474179]"
4,-8.0,10,0.1,0.1,"[0.0, 20.0, 0.0]","[0.6, 0.6, 1.0]","[10.2622412   9.97269997  9.6558587   9.97269997  9.60390413  9.85179543
  9.03641535  8.52106871  9.17931646  9.64109022  8.66029299  7.96856299]","[0.10015482 0.10028972 0.10038258 0.10010642 0.12105026 0.11547869
 0.12610561 0.13423269 0.12972499 0.11997227 0.13289122 0.14783301]"
4,-8.0,10,0.1,0.1,"[0.0, 20.0, 0.0]","[1.0, 1.0, 1.0]","[10.2622412   9.97269997  9.6558587   9.97269997  9.06360858  9.67008839
  8.52941168  7.5520129   8.51881667  9.07935978  8.11888442  7.42896213]","[0.10042971 0.10080367 0.10106074 0.10029536 0.15119765 0.13836527
 0.16350151 0.18201267 0.16366055 0.14781059 0.16587328 0.18749447]"
4,-8.0,10,0.1,0.1,"[30.0, -20.0, 0.0]","[0.6, 0.6, 1.0]","[10.2622412   9.97269997  9.6558587   9.97269997  9.41865553  9.78015372
  8.87049128  8.27992414  9.65023611  9.86621506  9.07999402  8.62566743]","[0.10388175 0.10450699 0.106881   0.10376889 0.12570087 0.11426227
 0.12101167 0.13462254 0.1251918  0.11814846 0.12487707 0.13553181]"
4,-8.0,10,0.1,0.1,"[30.0, -20.0, 0.0]","[1.0, 1.0, 1.0]","[10.2622412   9.97269997  9.6558587   9.97269997  8.51083409  9.16339109
  8.09002207  7.25650527  9.31684775  9.66713454  8.762228    8.19404966]","[0.11059425 0.11228228 0.11851648 0.11028956 0.16614221 0.14105096
 0.15293922 0.17897933 0.14868766 0.13759961 0.14807007 0.16375543]"
4,-8.0,10,0.1,0.1,"[30.0, 0.0, 0.0]","[0.6, 0.6, 1.0]","[10.2622412   9.97269997  9.6558587   9.97269997  9.41865553  9.78015372
  8.87049128  8.27992414  9.23530208  9.69680015  8.69708657  7.95325228]","[0.10388175 0.10450699 0.106881   0.10376889 0.12145066 0.11324036
 0.12345538 0.13638287 0.13013673 0.12054579 0.13235527 0.14743467]"
4,-8.0,10,0.1,0.1,"[30.0, 0.0, 0.0]","[1.0, 1.0, 1.0]","[10.2622412   9.97269997  9.6558587   9.97269997  8.51083409  9.16339109
  8.09002207  7.25650527  8.68093205  9.29332814  8.20127163  7.40746014]","[0.11059425 0.11228228 0.11851648 0.11028956 0.15681267 0.13928246
 0.16004932 0.18576261 0.15871897 0.14371895 0.16119779 0.18193423]"
4,-8.0,10,0.1,0.1,"[30.0, 20.0, 0.0]","[0.6, 0.6, 1.0]","[10.2622412   9.97269997  9.6558587   9.97269997  9.41865553  9.78015372
  8.87049128  8.27992414  9.00580741  9.49928981  8.51341449  7.85731563]","[0.10388175 0.10450699 0.106881   0.10376889 0.12867305 0.1189442
 0.13501917 0.14815512 0.13493963 0.12391994 0.13851288 0.15434097]"
4,-8.0,10,0.1,0.1,"[30.0, 20.0, 0.0]","[1.0, 1.0, 1.0]","[10.2622412   9.97269997  9.6558587   9.97269997  8.51083409  9.16339109
  8.09002207  7.25650527  8.43508265  8.85771287  8.04993802  7.60279389]","[0.11059425 0.11228228 0.11851648 0.11028956 0.1763803  0.15220395
 0.18833756 0.21863977 0.16690724 0.15261628 0.16935275 0.18708224]"
4,0.0,10,0.1,0.1,"[-30.0, -20.0, 0.0]","[0.6, 0.6, 1.0]","[10.2622412   9.97269997  9.6558587   9.97269997  8.90128999  9.1083486
  8.33898866  8.141296    8.43225617  8.73445994  7.74847857  7.29693274]","[0.10627462 0.10339339 0.10253991 0.10309738 0.15894283 0.13463282
 0.13911009 0.15262731 0.17558643 0.15002362 0.15747511 0.18031808]"
4,0.0,10,0.1,0.1,"[-30.0, -20.0, 0.0]","[1.0, 1.0, 1.0]","[10.2622412   9.97269997  9.6558587   9.97269997  8.48917143  9.00129064
  7.87636781  7.21891746  8.55909523  8.78298666  7.80402349  7.4327383 ]","[0.11692128 0.10928622 0.10697244 0.10847166 0.21076183 0.16269965
 0.17734189 0.21424856 0.19723518 0.1653179  0.17128087 0.19687164]"
4,0.0,10,0.1,0.1,"[-30.0, 0.0, 0.0]","[0.6, 0.6, 1.0]","[10.2622412   9.97269997  9.6558587   9.97269997  8.90128999  9.1083486
  8.33898866  8.141296    7.82006716  7.89471006  7.25487442  7.13174535]","[0.10627462 0.10339339 0.10253991 0.10309738 0.13461604 0.12333519
 0.12817692 0.13742585 0.17178469 0.16039322 0.16581537 0.1752012 ]"
4,0.0,10,0.1,0.1,"[-30.0, 0.0, 0.0]","[1.0, 1.0, 1.0]","[10.2622412   9.97269997  9.6558587   9.97269997  8.48917143  9.00129064
  7.87636781  7.21891746  7.89468878  8.03107502  7.22384892  6.98741332]","[0.11692128 0.10928622 0.10697244 0.10847166 0.17106548 0.14540732
 0.15707249 0.18252919 0.19040594 0.17175668 0.17883617 0.19515085]"
4,0.0,10,0.1,0.1,"[-30.0, 20.0, 0.0]","[0.6, 0.6, 1.0]","[10.2622412   9.97269997  9.6558587   9.97269997  8.90128999  9.1083486
  8.33898866  8.141296    7.88013389  7.41496773  7.47448926  7.941221  ]","[0.10627462 0.10339339 0.10253991 0.10309738 0.12827756 0.12413383
 0.13474662 0.13752246 0.16269892 0.17308699 0.16900368 0.15698458]"
4,0.0,10,0.1,0.1,"[-30.0, 20.0, 0.0]","[1.0, 1.0, 1.0]","[10.2622412   9.97269997  9.6558587   9.97269997  8.48917143  9.00129064
  7.87636781  7.21891746  7.75797866  7.4679378   7.32205636  7.59429708]","[0.11692128 0.10928622 0.10697244 0.10847166 0.15495199 0.14309653
 0.16204131 0.17668094 0.17937379 0.18454943 0.18330996 0.17609762]"
4,0.0,10,0.1,0.1,"[0.0, -20.0, 0.0]","[0.6, 0.6, 1.0]","[10.2622412   9.97269997  9.6558587   9.97269997  8.55124163  8.31040185
  8.04759748  8.30893278  7.94151434  8.19534613  7.30100088  6.92665592]","[0.10015482 0.10028972 0.10038258 0.10010642 0.15338941 0.1423077
 0.13709067 0.14052498 0.18631912 0.16544665 0.17471556 0.19474446]"
4,0.0,10,0.1,0.1,"[0.0, -20.0, 0.0]","[1.0, 1.0, 1.0]","[10.2622412   9.97269997  9.6558587   9.97269997  7.48749769  7.28222953
  7.05702089  7.27166004  7.87368192  7.96353217  7.23369986  7.03984853]","[0.10042971 0.10080367 0.10106074 0.10029536 0.20378747 0.18676152
 0.17828941 0.18415073 0.19138656 0.17346373 0.17847003 0.19410164]"
4,0.0,10,0.1,0.1,"[0.0, 0.0, 0.0]","[0.6, 0.6, 1.0]","[10.2622412   9.97269997  9.6558587   9.97269997  8.55124163  8.31040185
  8.04759748  8.30893278  7.3567104   7.14403683  6.94648776  7.15751579]","[0.10015482 0.10028972 0.10038258 0.10010642 0.13321535 0.13418076
 0.13487115 0.13274824 0.18513586 0.18744993 0.18813556 0.18365766]"
4,0.0,10,0.1,0.1,"[0.0, 0.0, 0.0]","[1.0, 1.0, 1.0]","[10.2622412   9.97269997  9.6558587   9.97269997  7.48749769  7.28222953
  7.05702089  7.27166004  7.37842686  7.16555771  6.97418613  7.17950821]","[0.10042971 0.10080367 0.10106074 0.10029536 0.17438681 0.17585595
 0.17690103 0.17357964 0.18734104 0.18997607 0.19061269 0.1856667 ]"
4,0.0,10,0.1,0.1,"[0.0, 20.0, 0.0]","[0.6, 0.6, 1.0]","[10.2622412   9.97269997  9.6558587   9.97269997  8.55124163  8.31040185
  8.04759748  8.30893278  7.84755924  7.03178849  7.51671698  8.22935674]","[0.10015482 0.10028972 0.10038258 0.10010642 0.14158976 0.1470298
 0.15736689 0.1437662  0.17623304 0.20178156 0.18988545 0.16481899]"
4,0.0,10,0.1,0.1,"[0.0, 20.0, 0.0]","[1.0, 1.0, 1.0]","[10.2622412   9.97269997  9.6558587   9.97269997  7.48749769  7.28222953
  7.05702089  7.27166004  7.77351898  7.15045517  7.45939856  7.99882681]","[0.10042971 0.10080367 0.10106074 0.10029536 0.18492041 0.19387003
 0.20968911 0.18909213 0.17987978 0.20152391 0.1953527  0.17258131]"
4,0.0,10,0.1,0.1,"[30.0, -20.0, 0.0]","[0.6, 0.6, 1.0]","[10.2622412   9.97269997  9.6558587   9.97269997  8.88082155  8.16182558
  8.37873747  9.10891971  7.9144471   7.91686321  7.40262677  7.40726079]","[0.10388175 0.10450699 0.106881   0.10376889 0.13197034 0.1377981
 0.12794198 0.12144818 0.1654221  0.15958258 0.16388578 0.16739429]"
4,0.0,10,0.1,0.1,"[30.0, -20.0, 0.0]","[1.0, 1.0, 1.0]","[10.2622412   9.97269997  9.6558587   9.97269997  8.43774063  7.30056294
  7.99635078  9.00184722  7.75985246  7.58624762  7.30024346  7.47378172]","[0.11059425 0.11228228 0.11851648 0.11028956 0.15812652 0.17786575
 0.15574854 0.14002232 0.17994241 0.18094385 0.18200102 0.17861215]"
4,0.0,10,0.1,0.1,"[30.0, 0.0, 0.0]","[0.6, 0.6, 1.0]","[10.2622412   9.97269997  9.6558587   9.97269997  8.88082155  8.16182558
  8.37873747  9.10891971  7.7551831   7.17695986  7.39713862  7.94133123]","[0.10388175 0.10450699 0.106881   0.10376889 0.12945777 0.14090119
 0.13662382 0.12347719 0.16484588 0.18073415 0.17501122 0.15823087]"
4,0.0,10,0.1,0.1,"[30.0, 0.0, 0.0]","[1.0, 1.0, 1.0]","[10.2622412   9.97269997  9.6558587   9.97269997  8.43774063  7.30056294
  7.99635078  9.00184722  7.7847153   7.10488528  7.48035502  8.09539898]","[0.11059425 0.11228228 0.11851648 0.11028956 0.16083485 0.18989851
 0.1741833  0.14602687 0.17929494 0.20263726 0.19417245 0.16983216]"
4,0.0,10,0.1,0.1,"[30.0, 20.0, 0.0]","[0.6, 0.6, 1.0]","[10.2622412   9.97269997  9.6558587   9.97269997  8.88082155  8.16182558
  8.37873747  9.10891971  8.36073779  7.42823971  7.9572726   8.76458568]","[0.10388175 0.10450699 0.106881   0.10376889 0.14690981 0.16066415
 0.16060966 0.13607417 0.16183695 0.18836851 0.17829825 0.15014874]"
4,0.0,10,0.1,0.1,"[30.0, 20.0, 0.0]","[1.0, 1.0, 1.0]","[10.2622412   9.97269997  9.6558587   9.97269997  8.43774063  7.30056294
  7.99635078  9.00184722  8.47385521  7.62015764  8.07632258  8.81708804]","[0.11059425 0.11228228 0.11851648 0.11028956 0.19208352 0.22908881
 0.21254146 0.1650504  0.17867485 0.20695697 0.19983434 0.16611912]"
4,8.0,10,0.1,0.1,"[-30.0, -20.0, 0.0]","[0.6, 0.6, 1.0]","[10.2622412   9.97269997  9.6558587   9.97269997  9.42456502  8.27514255
  8.86525508  9.78318258  9.05603543  7.83342818  8.47991316  9.52249926]","[0.10627462 0.10339339 0.10253991 0.10309738 0.13313202 0.14503151
 0.12469237 0.11606291 0.13602188 0.15197599 0.13307237 0.12165732]"
4,8.0,10,0.1,0.1,"[-30.0, -20.0, 0.0]","[1.0, 1.0, 1.0]","[10.2622412   9.97269997  9.6558587   9.97269997  8.5782637   7.2358113
  8.00601338  9.16781333  8.55005221  7.5144907   7.89721205  8.88951819]","[0.11692128 0.10928622 0.10697244 0.10847166 0.18481721 0.21014728
 0.16569578 0.14592258 0.16637802 0.1834297  0.16303602 0.14903128]"
4,8.0,10,0.1,0.1,"[-30.0, 0.0, 0.0]","[0.6, 0.6, 1.0]","[10.2622412   9.97269997  9.6558587   9.97269997  9.42456502  8.27514255
  8.86525508  9.78318258  9.26519882  7.9725338   8.70677014  9.71151127]","[0.10627462 0.10339339 0.10253991 0.10309738 0.1226054  0.13519977
 0.12043204 0.11228845 0.1300653  0.14691192 0.1306698  0.11923234]"
4,8.0,10,0.1,0.1,"[-30.0, 0.0, 0.0]","[1.0, 1.0, 1.0]","[10.2622412   9.97269997  9.6558587   9.97269997  8.5782637   7.2358113
  8.00601338  9.16781333  8.75118523  7.40100974  8.18577077  9.33301909]","[0.11692128 0.10928622 0.10697244 0.10847166 0.15851462 0.18179497
 0.15315931 0.13709705 0.1577908  0.18067103 0.15876501 0.14163145]"
4,8.0,10,0.1,0.1,"[-30.0, 20.0, 0.0]","[0.6, 0.6, 1.0]","[10.2622412   9.97269997  9.6558587   9.97269997  9.42456502  8.27514255
  8.86525508  9.78318258  9.67015174  8.66145133  9.0930171   9.87109937]","[0.10627462 0.10339339 0.10253991 0.10309738 0.12319217 0.13632529
 0.12578    0.11446405 0.12353134 0.13669768 0.12692922 0.1175729 ]"
4,8.0,10,0.1,0.1,"[-30.0, 20.0, 0.0]","[1.0, 1.0, 1.0]","[10.2622412   9.97269997  9.6558587   9.97269997  8.5782637   7.2358113
  8.00601338  9.16781333  9.35291253  8.24963972  8.78556174  9.68124084]","[0.11692128 0.10928622 0.10697244 0.10847166 0.15896525 0.18224182
 0.1648928  0.14140885 0.14610715 0.16469087 0.15066434 0.13690392]"
4,8.0,10,0.1,0.1,"[0.0, -20.0, 0.0]","[0.6, 0.6, 1.0]","[10.2622412   9.97269997  9.6558587   9.97269997  9.60408443  8.52212429
  9.03659617  9.85203718  9.21464687  7.97451118  8.65867517  9.65943637]","[0.10015482 0.10028972 0.10038258 0.10010642 0.12421414 0.13279153
 0.11947661 0.11350193 0.13066605 0.1460331  0.12877544 0.11826022]"
4,8.0,10,0.1,0.1,"[0.0, -20.0, 0.0]","[1.0, 1.0, 1.0]","[10.2622412   9.97269997  9.6558587   9.97269997  9.06513786  7.56038192
  8.53093828  9.67146569  8.62244428  7.39582305  8.04140627  9.11910001]","[0.10042971 0.10080367 0.10106074 0.10029536 0.15883592 0.17746482
 0.1475958  0.13420894 0.16324701 0.18385311 0.16039798 0.14503303]"
4,8.0,10,0.1,0.1,"[0.0, 0.0, 0.0]","[0.6, 0.6, 1.0]","[10.2622412   9.97269997  9.6558587   9.97269997  9.60408443  8.52212429
  9.03659617  9.85203718  9.44104193  8.24966837  8.88366691  9.79233393]","[0.10015482 0.10028972 0.10038258 0.10010642 0.1181205  0.12953776
 0.11874536 0.11147603 0.12530639 0.14004845 0.126773   0.1167416 ]"
4,8.0,10,0.1,0.1,"[0.0, 0.0, 0.0]","[1.0, 1.0, 1.0]","[10.2622412   9.97269997  9.6558587   9.97269997  9.06513786  7.56038192
  8.53093828  9.67146569  9.00640003  7.7030096   8.47979008  9.539131  ]","[0.10042971 0.10080367 0.10106074 0.10029536 0.14408784 0.16807686
 0.14558827 0.12984663 0.1523515  0.17353639 0.15406736 0.13869224]"
4,8.0,10,0.1,0.1,"[0.0, 20.0, 0.0]","[0.6, 0.6, 1.0]","[10.2622412   9.97269997  9.6558587   9.97269997  9.60408443  8.52212429
  9.03659617  9.85203718  9.79170353  8.89209597  9.20762458  9.90767183]","[0.10015482 0.10028972 0.10038258 0.10010642 0.12116368 0.13511084
 0.12598506 0.11458033 0.12018926 0.13189311 0.1242659  0.11573967]"
4,8.0,10,0.1,0.1,"[0.0, 20.0, 0.0]","[1.0, 1.0, 1.0]","[10.2622412   9.97269997  9.6558587   9.97269997  9.06513786  7.56038192
  8.53093828  9.67146569  9.62273387  8.67013862  9.04731844  9.82952148]","[0.10042971 0.10080367 0.10106074 0.10029536 0.15187616 0.18406311
 0.16307633 0.13649045 0.1418805  0.15813117 0.14754099 0.13520946]"
4,8.0,10,0.1,0.1,"[30.0, -20.0, 0.0]","[0.6, 0.6, 1.0]","[10.2622412   9.97269997  9.6558587   9.97269997  9.99677735  9.29499347
  9.4013821   9.95557054  9.42537801  8.234319    8.87193593  9.79022317]","[0.10388175 0.10450699 0.106881   0.10376889 0.10983618 0.11319065
 0.10828133 0.10571267 0.1243038  0.13800877 0.12362879 0.1144709 ]"
4,8.0,10,0.1,0.1,"[30.0, -20.0, 0.0]","[1.0, 1.0, 1.0]","[10.2622412   9.97269997  9.6558587   9.97269997  9.94365869  9.20263946
  9.34270425  9.94360262  8.67004343  7.2292241   8.16369323  9.3439019 ]","[0.11059425 0.11228228 0.11851648 0.11028956 0.12217287 0.1242004
 0.11817924 0.11501137 0.16149496 0.18663236 0.15876248 0.14141866]"
4,8.0,10,0.1,0.1,"[30.0, 0.0, 0.0]","[0.6, 0.6, 1.0]","[10.2622412   9.97269997  9.6558587   9.97269997  9.99677735  9.29499347
  9.4013821   9.95557054  9.62750924  8.56888414  9.06010862  9.86117187]","[0.10388175 0.10450699 0.106881   0.10376889 0.10765947 0.11485933
 0.11011196 0.10520474 0.12012277 0.13257715 0.12246512 0.11384492]"
4,8.0,10,0.1,0.1,"[30.0, 0.0, 0.0]","[1.0, 1.0, 1.0]","[10.2622412   9.97269997  9.6558587   9.97269997  9.94365869  9.20263946
  9.34270425  9.94360262  9.24321237  7.98273925  8.71507302  9.70789978]","[0.11059425 0.11228228 0.11851648 0.11028956 0.11649897 0.12857231
 0.12294736 0.11367461 0.14788662 0.1682778  0.15104246 0.13645646]"
4,8.0,10,0.1,0.1,"[30.0, 20.0, 0.0]","[0.6, 0.6, 1.0]","[10.2622412   9.97269997  9.6558587   9.97269997  9.99677735  9.29499347
  9.4013821   9.95557054  9.90333928  9.10430502  9.31130487  9.93634038]","[0.10388175 0.10450699 0.106881   0.10376889 0.11246761 0.12240218
 0.11798145 0.10901395 0.10979038 0.12011285 0.11469443 0.10691699]"
4,8.0,10,0.1,0.1,"[30.0, 20.0, 0.0]","[1.0, 1.0, 1.0]","[10.2622412   9.97269997  9.6558587   9.97269997  9.94365869  9.20263946
  9.34270425  9.94360262  9.80693275  8.97097896  9.21131953  9.8997189 ]","[0.11059425 0.11228228 0.11851648 0.11028956 0.12904764 0.14802661
 0.14298374 0.12346579 0.13936858 0.15471618 0.14642268 0.13466574]"
6,-8.0,10,0.1,0.1,"[-30.0, -20.0, 0.0]","[0.6, 0.6, 1.0]","[10.2622412   9.97269997  9.6558587   9.97269997 10.18907651  9.96667066
  9.5915071   9.80322344 10.14803433  9.95992105  9.55396785  9.71412582]","[0.10627462 0.10339339 0.10253991 0.10309738 0.10728307 0.10361075
 0.10345168 0.10608738 0.10600951 0.1048108  0.10571562 0.10706268]"
6,-8.0,10,0.1,0.1,"[-30.0, -20.0, 0.0]","[1.0, 1.0, 1.0]","[10.2622412   9.97269997  9.6558587   9.97269997 10.16719332  9.96294921
  9.58019494  9.77738178 10.08811806  9.94457893  9.50838333  9.62182898]","[0.11692128 0.10928622 0.10697244 0.10847166 0.12254528 0.11379222
 0.11249771 0.11792326 0.11406893 0.11182885 0.11298637 0.11549754]"
6,-8.0,10,0.1,0.1,"[-30.0, 0.0, 0.0]","[0.6, 0.6, 1.0]","[10.2622412   9.97269997  9.6558587   9.97269997 10.18907651  9.96667066
  9.5915071   9.80322344 10.02792044  9.93174983  9.43585574  9.45978649]","[0.10627462 0.10339339 0.10253991 0.10309738 0.10216851 0.10126666
 0.10179043 0.10295412 0.10693803 0.10529806 0.10764931 0.10994059]"
6,-8.0,10,0.1,0.1,"[-30.0, 0.0, 0.0]","[1.0, 1.0, 1.0]","[10.2622412   9.97269997  9.6558587   9.97269997 10.16719332  9.96294921
  9.58019494  9.77738178  9.82136013  9.85451311  9.24157673  9.10971424]","[0.11692128 0.10928622 0.10697244 0.10847166 0.10911032 0.10758935
 0.10807944 0.10962383 0.1289369  0.12506875 0.12952505 0.13480776]"
6,-8.0,10,0.1,0.1,"[-30.0, 20.0, 0.0]","[0.6, 0.6, 1.0]","[10.2622412   9.97269997  9.6558587   9.97269997 10.18907651  9.96667066
  9.5915071   9.80322344  9.90198121  9.88828656  9.31516159  9.24060755]","[0.10627462 0.10339339 0.10253991 0.10309738 0.10304662 0.10336912
 0.10547869 0.10400377 0.11296446 0.11060601 0.11450547 0.11793885]"
6,-8.0,10,0.1,0.1,"[-30.0, 20.0, 0.0]","[1.0, 1.0, 1.0]","[10.2622412   9.97269997  9.6558587   9.97269997 10.16719332  9.96294921
  9.58019494  9.77738178  9.44790602  9.64945212  8.90573618  8.59224962]","[0.11692128 0.10928622 0.10697244 0.10847166 0.11148121 0.11318334
 0.1178363  0.11246141 0.13424498 0.12816967 0.13584799 0.14409088]"
6,-8.0,10,0.1,0.1,"[0.0, -20.0, 0.0]","[0.6, 0.6, 1.0]","[10.2622412   9.97269997  9.6558587   9.97269997 10.01895338  9.92949423
  9.42662034  9.44023016 10.12142842  9.95291288  9.5284736   9.66213324]","[0.10015482 0.10028972 0.10038258 0.10010642 0.11091312 0.10626214
 0.10739838 0.11165027 0.10663233 0.10539786 0.1066657  0.10809907]"
6,-8.0,10,0.1,0.1,"[0.0, -20.0, 0.0]","[1.0, 1.0, 1.0]","[10.2622412   9.97269997  9.6558587   9.97269997  9.79547249  9.85429362
  9.21586918  9.04050946 10.01756954  9.91465712  9.43769363  9.50386662]","[0.10042971 0.10080367 0.10106074 0.10029536 0.13840691 0.1272797
 0.12951918 0.13888812 0.12483821 0.12225953 0.12433672 0.1273407 ]"
6,-8.0,10,0.1,0.1,"[0.0, 0.0, 0.0]","[0.6, 0.6, 1.0]","[10.2622412   9.97269997  9.6558587   9.97269997 10.01895338  9.92949423
  9.42662034  9.44023016  9.97347614  9.91302863  9.38362029  9.36301539]","[0.10015482 0.10028972 0.10038258 0.10010642 0.10628808 0.10439963
 0.10671407 0.10960306 0.11312582 0.11111556 0.11420244 0.11707755]"
6,-8.0,10,0.1,0.1,"[0.0, 0.0, 0.0]","[1.0, 1.0, 1.0]","[10.2622412   9.97269997  9.6558587   9.97269997  9.79547249  9.85429362
  9.21586918  9.04050946  9.69836488  9.77339912  9.1251239   8.96243799]","[0.10042971 0.10080367 0.10106074 0.10029536 0.12660689 0.12267495
 0.12767348 0.13325332 0.13361113 0.12926501 0.13480907 0.14053754]"
6,-8.0,10,0.1,0.1,"[0.0, 20.0, 0.0]","[0.6, 0.6, 1.0]","[10.2622412   9.97269997  9.6558587   9.97269997 10.01895338  9.92949423
  9.42662034  9.44023016  9.82550982  9.85135543  9.24519332  9.13147504]","[0.10015482 0.10028972 0.10038258 0.10010642 0.10869221 0.10751126
 0.11215799 0.11275087 0.11486071 0.11212514 0.11680887 0.12071445]"
6,-8.0,10,0.1,0.1,"[0.0, 20.0, 0.0]","[1.0, 1.0, 1.0]","[10.2622412   9.97269997  9.6558587   9.97269997  9.79547249  9.85429362
  9.21586918  9.04050946  9.35511968  9.52721617  8.8352373   8.59094602]","[0.10042971 0.10080367 0.10106074 0.10029536 0.13280402 0.13028182
 0.14145021 0.14181926 0.13892433 0.1332089  0.14088788 0.14827353]"
6,-8.0,10,0.1,0.1,"[30.0, -20.0, 0.0]","[0.6, 0.6, 1.0]","[10.2622412   9.97269997  9.6558587   9.97269997  9.87176383  9.87282265
  9.28854328  9.20942658 10.08923677  9.94024767  9.49629507  9.6061177 ]","[0.10388175 0.10450699 0.106881   0.10376889 0.1160141  0.11067025
 0.11291932 0.1181028  0.10695914 0.1057404  0.1073797  0.10883931]"
6,-8.0,10,0.1,0.1,"[30.0, -20.0, 0.0]","[1.0, 1.0, 1.0]","[10.2622412   9.97269997  9.6558587   9.97269997  9.33287629  9.55615802
  8.81877892  8.49923416  9.93667728  9.86526934  9.3565731   9.38605951]","[0.11059425 0.11228228 0.11851648 0.11028956 0.14371936 0.13031352
 0.13423915 0.14551026 0.13071014 0.12795677 0.13080693 0.13411351]"
6,-8.0,10,0.1,0.1,"[30.0, 0.0, 0.0]","[0.6, 0.6, 1.0]","[10.2622412   9.97269997  9.6558587   9.97269997  9.87176383  9.87282265
  9.28854328  9.20942658  9.92880831  9.89161063  9.34086109  9.29743179]","[0.10388175 0.10450699 0.106881   0.10376889 0.11244284 0.10954619
 0.11344085 0.11763834 0.11378255 0.11167071 0.11523006 0.11824831]"
6,-8.0,10,0.1,0.1,"[30.0, 0.0, 0.0]","[1.0, 1.0, 1.0]","[10.2622412   9.97269997  9.6558587   9.97269997  9.33287629  9.55615802
  8.81877892  8.49923416  9.60161246  9.71548873  9.03515097  8.83443411]","[0.11059425 0.11228228 0.11851648 0.11028956 0.13346198 0.12722903
 0.13555824 0.14394013 0.13496985 0.13025824 0.13671063 0.14291071]"
6,-8.0,10,0.1,0.1,"[30.0, 20.0, 0.0]","[0.6, 0.6, 1.0]","[10.2622412   9.97269997  9.6558587   9.97269997  9.87176383  9.87282265
  9.28854328  9.20942658  9.78475348  9.82063865  9.20894703  9.09713089]","[0.10388175 0.10450699 0.106881   0.10376889 0.11632501 0.1134425
 0.12017896 0.12276938 0.11559766 0.11283968 0.11785435 0.12170032]"
6,-8.0,10,0.1,0.1,"[30.0, 20.0, 0.0]","[1.0, 1.0, 1.0]","[10.2622412   9.97269997  9.6558587   9.97269997  9.33287629  9.55615802
  8.81877892  8.49923416  9.29485328  9.45792067  8.78840492  8.57483572]","[0.11059425 0.11228228 0.11851648 0.11028956 0.14486491 0.13762881
 0.1543464  0.15965032 0.14011933 0.13455656 0.14237343 0.14936329]"
6,0.0,10,0.1,0.1,"[-30.0, -20.0, 0.0]","[0.6, 0.6, 1.0]","[10.2622412   9.97269997  9.6558587   9.97269997  9.33565739  9.33174229
  8.75417861  8.75559998  9.12593391  9.12286456  8.48337791  8.42575942]","[0.10627462 0.10339339 0.10253991 0.10309738 0.13966531 0.12523254
 0.1262084  0.13362508 0.14205126 0.12992156 0.13043994 0.13935658]"
6,0.0,10,0.1,0.1,"[-30.0, -20.0, 0.0]","[1.0, 1.0, 1.0]","[10.2622412   9.97269997  9.6558587   9.97269997  9.11266429  9.25653516
  8.49241212  8.27245441  9.11987639  9.08585699  8.40839401  8.35219615]","[0.11692128 0.10928622 0.10697244 0.10847166 0.17929714 0.14978831
 0.15276672 0.17014287 0.16729851 0.14887546 0.14797991 0.16065218]"
6,0.0,10,0.1,0.1,"[-30.0, 0.0, 0.0]","[0.6, 0.6, 1.0]","[10.2622412   9.97269997  9.6558587   9.97269997  9.33565739  9.33174229
  8.75417861  8.75559998  8.77909185  8.67104626  8.20464021  8.3027213 ]","[0.10627462 0.10339339 0.10253991 0.10309738 0.12371765 0.1173322
 0.11935741 0.12444508 0.13839433 0.13365455 0.13475246 0.13764206]"
6,0.0,10,0.1,0.1,"[-30.0, 0.0, 0.0]","[1.0, 1.0, 1.0]","[10.2622412   9.97269997  9.6558587   9.97269997  9.11266429  9.25653516
  8.49241212  8.27245441  8.63889594  8.55957666  7.9972643   8.03102425]","[0.11692128 0.10928622 0.10697244 0.10847166 0.14821886 0.13450444
 0.13811274 0.14976346 0.16058519 0.15174427 0.15305142 0.15925343]"
6,0.0,10,0.1,0.1,"[-30.0, 20.0, 0.0]","[0.6, 0.6, 1.0]","[10.2622412   9.97269997  9.6558587   9.97269997  9.33565739  9.33174229
  8.75417861  8.75559998  8.81792258  8.45568139  8.32621255  8.70175891]","[0.10627462 0.10339339 0.10253991 0.10309738 0.11938412 0.11777276
 0.12349965 0.12436395 0.13342216 0.13790074 0.13709913 0.13124415]"
6,0.0,10,0.1,0.1,"[-30.0, 20.0, 0.0]","[1.0, 1.0, 1.0]","[10.2622412   9.97269997  9.6558587   9.97269997  9.11266429  9.25653516
  8.49241212  8.27245441  8.5766711   8.2484996   8.10394475  8.42684234]","[0.11692128 0.10928622 0.10697244 0.10847166 0.13724429 0.13368474
 0.14404957 0.14754277 0.15313696 0.15765754 0.15652443 0.15044454]"
6,0.0,10,0.1,0.1,"[0.0, -20.0, 0.0]","[0.6, 0.6, 1.0]","[10.2622412   9.97269997  9.6558587   9.97269997  9.00213104  8.74928627
  8.47265086  8.74714703  8.83857338  8.81793871  8.22905418  8.21143009]","[0.10015482 0.10028972 0.10038258 0.10010642 0.13595007 0.12915885
 0.12570881 0.12797558 0.14437678 0.13596522 0.13780655 0.14424178]"
6,0.0,10,0.1,0.1,"[0.0, -20.0, 0.0]","[1.0, 1.0, 1.0]","[10.2622412   9.97269997  9.6558587   9.97269997  8.36380374  8.1331039
  7.87935964  8.12461967  8.70453145  8.63722152  8.06975748  8.08351101]","[0.10042971 0.10080367 0.10106074 0.10029536 0.17035282 0.15832094
 0.15192714 0.15624758 0.16051832 0.15067952 0.15151574 0.15873934]"
6,0.0,10,0.1,0.1,"[0.0, 0.0, 0.0]","[0.6, 0.6, 1.0]","[10.2622412   9.97269997  9.6558587   9.97269997  9.00213104  8.74928627
  8.47265086  8.74714703  8.52282905  8.28076429  8.03187782  8.28633799]","[0.10015482 0.10028972 0.10038258 0.10010642 0.12363617 0.12427759
 0.12470972 0.12334593 0.1422252  0.14371314 0.14440788 0.14141592]"
6,0.0,10,0.1,0.1,"[0.0, 0.0, 0.0]","[1.0, 1.0, 1.0]","[10.2622412   9.97269997  9.6558587   9.97269997  8.36380374  8.1331039
  7.87935964  8.12461967  8.33831942  8.10465267  7.86794042  8.10639544]","[0.10042971 0.10080367 0.10106074 0.10029536 0.14900874 0.15015654
 0.15091464 0.14845344 0.15695786 0.15877078 0.159506   0.15592196]"
6,0.0,10,0.1,0.1,"[0.0, 20.0, 0.0]","[0.6, 0.6, 1.0]","[10.2622412   9.97269997  9.6558587   9.97269997  9.00213104  8.74928627
  8.47265086  8.74714703  8.78893969  8.26311837  8.34225713  8.83720196]","[0.10015482 0.10028972 0.10038258 0.10010642 0.12847178 0.13218071
 0.1385929  0.13006219 0.13807302 0.14850054 0.14711979 0.13530104]"
6,0.0,10,0.1,0.1,"[0.0, 20.0, 0.0]","[1.0, 1.0, 1.0]","[10.2622412   9.97269997  9.6558587   9.97269997  8.36380374  8.1331039
  7.87935964  8.12461967  8.63587593  8.16361343  8.22782774  8.65951751]","[0.10042971 0.10080367 0.10106074 0.10029536 0.15678586 0.16367078
 0.17491449 0.15996502 0.15209661 0.16387773 0.16359542 0.14992546]"
6,0.0,10,0.1,0.1,"[30.0, -20.0, 0.0]","[0.6, 0.6, 1.0]","[10.2622412   9.97269997  9.6558587   9.97269997  9.31915151  8.77268497
  8.78707201  9.33256529  8.8323438   8.69048921  8.2909473   8.44843261]","[0.10388175 0.10450699 0.106881   0.10376889 0.12157632 0.12456289
 0.11914671 0.11583668 0.13469253 0.13322382 0.1347514  0.13469731]"
6,0.0,10,0.1,0.1,"[30.0, -20.0, 0.0]","[1.0, 1.0, 1.0]","[10.2622412   9.97269997  9.6558587   9.97269997  9.07442827  8.33032488
  8.58116912  9.25760516  8.58551079  8.4215143   8.06163681  8.22688781]","[0.11059425 0.11228228 0.11851648 0.11028956 0.14041398 0.14809588
 0.13731965 0.13042775 0.1539481  0.15364966 0.1551618  0.15375885]"
6,0.0,10,0.1,0.1,"[30.0, 0.0, 0.0]","[0.6, 0.6, 1.0]","[10.2622412   9.97269997  9.6558587   9.97269997  9.31915151  8.77268497
  8.78707201  9.33256529  8.74415696  8.32708247  8.28090998  8.69476711]","[0.10388175 0.10450699 0.106881   0.10376889 0.12016938 0.12661765
 0.12495693 0.11740178 0.1339051  0.14111849 0.14085084 0.13228372]"
6,0.0,10,0.1,0.1,"[30.0, 0.0, 0.0]","[1.0, 1.0, 1.0]","[10.2622412   9.97269997  9.6558587   9.97269997  9.07442827  8.33032488
  8.58116912  9.25760516  8.56037637  8.10198551  8.1630239   8.59437993]","[0.11059425 0.11228228 0.11851648 0.11028956 0.1403589  0.15458101
 0.15055735 0.13483001 0.15289499 0.16433166 0.16355313 0.15033589]"
6,0.0,10,0.1,0.1,"[30.0, 20.0, 0.0]","[0.6, 0.6, 1.0]","[10.2622412   9.97269997  9.6558587   9.97269997  9.31915151  8.77268497
  8.78707201  9.33256529  9.08291043  8.49224978  8.60009525  9.14049589]","[0.10388175 0.10450699 0.106881   0.10376889 0.13134973 0.13876402
 0.1406896  0.12624531 0.13271483 0.1445966  0.14428036 0.12987862]"
6,0.0,10,0.1,0.1,"[30.0, 20.0, 0.0]","[1.0, 1.0, 1.0]","[10.2622412   9.97269997  9.6558587   9.97269997  9.07442827  8.33032488
  8.58116912  9.25760516  9.05226244  8.47055547  8.59734347  9.10791753]","[0.11059425 0.11228228 0.11851648 0.11028956 0.16363096 0.18073257
 0.18084765 0.15179616 0.15301792 0.16817708 0.16934992 0.14937353]"
6,8.0,10,0.1,0.1,"[-30.0, -20.0, 0.0]","[0.6, 0.6, 1.0]","[10.2622412   9.97269997  9.6558587   9.97269997  9.87128265  9.2079775
  9.29111525  9.87522522  9.79586799  9.10555417  9.21766578  9.82964823]","[0.10627462 0.10339339 0.10253991 0.10309738 0.11874557 0.12143569
 0.11430793 0.11143157 0.11617211 0.12141365 0.11565176 0.11144046]"
6,8.0,10,0.1,0.1,"[-30.0, -20.0, 0.0]","[1.0, 1.0, 1.0]","[10.2622412   9.97269997  9.6558587   9.97269997  9.36259533  8.48837031
  8.7858224   9.56288829  9.34223871  8.56119897  8.75538117  9.4799887 ]","[0.11692128 0.10928622 0.10697244 0.10847166 0.15078852 0.15588895
 0.13929753 0.13245594 0.14022771 0.14833613 0.13928387 0.13246886]"
6,8.0,10,0.1,0.1,"[-30.0, 0.0, 0.0]","[0.6, 0.6, 1.0]","[10.2622412   9.97269997  9.6558587   9.97269997  9.87128265  9.2079775
  9.29111525  9.87522522  9.93767405  9.31343044  9.35118545  9.89614574]","[0.10627462 0.10339339 0.10253991 0.10309738 0.11283102 0.11740291
 0.11228435 0.10894101 0.11382974 0.11850137 0.11450879 0.11073475]"
6,8.0,10,0.1,0.1,"[-30.0, 0.0, 0.0]","[1.0, 1.0, 1.0]","[10.2622412   9.97269997  9.6558587   9.97269997  9.36259533  8.48837031
  8.7858224   9.56288829  9.62465209  8.86203733  9.05562275  9.73200347]","[0.11692128 0.10928622 0.10697244 0.10847166 0.13408441 0.14330255
 0.13294755 0.12566006 0.13481543 0.14261776 0.1353823  0.12903824]"
6,8.0,10,0.1,0.1,"[-30.0, 20.0, 0.0]","[0.6, 0.6, 1.0]","[10.2622412   9.97269997  9.6558587   9.97269997  9.87128265  9.2079775
  9.29111525  9.87522522 10.09576266  9.61470142  9.49771051  9.94163889]","[0.10627462 0.10339339 0.10253991 0.10309738 0.11422775 0.11952763
 0.1165851  0.1108774  0.10643087 0.10975583 0.10818643 0.10516044]"
6,8.0,10,0.1,0.1,"[-30.0, 20.0, 0.0]","[1.0, 1.0, 1.0]","[10.2622412   9.97269997  9.6558587   9.97269997  9.36259533  8.48837031
  8.7858224   9.56288829  9.94987671  9.40100184  9.35991634  9.87074466]","[0.11692128 0.10928622 0.10697244 0.10847166 0.13833993 0.14979938
 0.14505562 0.130845   0.12987474 0.1350706  0.13200856 0.1274437 ]"
6,8.0,10,0.1,0.1,"[0.0, -20.0, 0.0]","[0.6, 0.6, 1.0]","[10.2622412   9.97269997  9.6558587   9.97269997 10.01897374  9.44023439
  9.42664122  9.92971769  9.83561644  9.14463783  9.25717002  9.859192  ]","[0.10015482 0.10028972 0.10038258 0.10010642 0.11082777 0.11194215
 0.10739608 0.10586396 0.11526775 0.12057147 0.11516493 0.11094125]"
6,8.0,10,0.1,0.1,"[0.0, -20.0, 0.0]","[1.0, 1.0, 1.0]","[10.2622412   9.97269997  9.6558587   9.97269997  9.79581264  9.0416579
  9.21621259  9.85533097  9.39688598  8.59582516  8.8234838   9.54950375]","[0.10042971 0.10080367 0.10106074 0.10029536 0.13815042 0.13963229
 0.12960432 0.12632446 0.13891447 0.14734382 0.13844994 0.13147596]"
6,8.0,10,0.1,0.1,"[0.0, 0.0, 0.0]","[0.6, 0.6, 1.0]","[10.2622412   9.97269997  9.6558587   9.97269997 10.01897374  9.44023439
  9.42664122  9.92971769  9.9825754   9.37952749  9.39216292  9.91632588]","[0.10015482 0.10028972 0.10038258 0.10010642 0.1062617  0.1098222
 0.10669427 0.10411786 0.11297395 0.11748399 0.11406413 0.11038076]"
6,8.0,10,0.1,0.1,"[0.0, 0.0, 0.0]","[1.0, 1.0, 1.0]","[10.2622412   9.97269997  9.6558587   9.97269997  9.79581264  9.0416579
  9.21621259  9.85533097  9.72004517  8.99511671  9.14539248  9.78591553]","[0.10042971 0.10080367 0.10106074 0.10029536 0.12654854 0.13381325
 0.127632   0.12199764 0.13320871 0.14052594 0.13443543 0.12840245]"
6,8.0,10,0.1,0.1,"[0.0, 20.0, 0.0]","[0.6, 0.6, 1.0]","[10.2622412   9.97269997  9.6558587   9.97269997 10.01897374  9.44023439
  9.42664122  9.92971769 10.12912011  9.66880613  9.52625501  9.95354502]","[0.10015482 0.10028972 0.10038258 0.10010642 0.10869103 0.11343888
 0.11211689 0.10676769 0.10589434 0.10913714 0.1080288  0.10502148]"
6,8.0,10,0.1,0.1,"[0.0, 20.0, 0.0]","[1.0, 1.0, 1.0]","[10.2622412   9.97269997  9.6558587   9.97269997  9.79581264  9.0416579
  9.21621259  9.85533097 10.03499553  9.51560255  9.43085522  9.9167324 ]","[0.10042971 0.10080367 0.10106074 0.10029536 0.13293935 0.14362206
 0.14132901 0.12849289 0.1236445  0.12865279 0.12660435 0.1220779 ]"
6,8.0,10,0.1,0.1,"[30.0, -20.0, 0.0]","[0.6, 0.6, 1.0]","[10.2622412   9.97269997  9.6558587   9.97269997 10.19139225  9.80047936
  9.58654683  9.96656464  9.91001022  9.25597663  9.32796598  9.89404403]","[0.10388175 0.10450699 0.106881   0.10376889 0.10449452 0.10371061
 0.10225476 0.10211973 0.11318078 0.11805649 0.11352505 0.10961487]"
6,8.0,10,0.1,0.1,"[30.0, -20.0, 0.0]","[1.0, 1.0, 1.0]","[10.2622412   9.97269997  9.6558587   9.97269997 10.17435698  9.76906452
  9.56495621  9.96255997  9.48816147  8.64188233  8.92708181  9.66827529]","[0.11059425 0.11228228 0.11851648 0.11028956 0.1179479  0.11450105
 0.1121621  0.11260993 0.13408747 0.14308423 0.13410446 0.12689769]"
6,8.0,10,0.1,0.1,"[30.0, 0.0, 0.0]","[0.6, 0.6, 1.0]","[10.2622412   9.97269997  9.6558587   9.97269997 10.19139225  9.80047936
  9.58654683  9.96656464 10.03648387  9.47449793  9.44180945  9.93394119]","[0.10388175 0.10450699 0.106881   0.10376889 0.10166633 0.10354955
 0.10283363 0.10124487 0.10658907 0.11061122 0.10811554 0.10469118]"
6,8.0,10,0.1,0.1,"[30.0, 0.0, 0.0]","[1.0, 1.0, 1.0]","[10.2622412   9.97269997  9.6558587   9.97269997 10.17435698  9.76906452
  9.56495621  9.96255997  9.83859839  9.14610829  9.25436123  9.85723594]","[0.11059425 0.11228228 0.11851648 0.11028956 0.11057588 0.11402493
 0.1136281  0.11030826 0.12841048 0.1352751  0.13029188 0.12465527]"
6,8.0,10,0.1,0.1,"[30.0, 20.0, 0.0]","[0.6, 0.6, 1.0]","[10.2622412   9.97269997  9.6558587   9.97269997 10.19139225  9.80047936
  9.58654683  9.96656464 10.15526334  9.71903457  9.55048861  9.96027908]","[0.10388175 0.10450699 0.106881   0.10376889 0.10488656 0.10803231
 0.10866539 0.10431451 0.10512397 0.10824414 0.10752609 0.10457242]"
6,8.0,10,0.1,0.1,"[30.0, 20.0, 0.0]","[1.0, 1.0, 1.0]","[10.2622412   9.97269997  9.6558587   9.97269997 10.17435698  9.76906452
  9.56495621  9.96255997 10.10011722  9.61984508  9.4897419   9.94264346]","[0.11059425 0.11228228 0.11851648 0.11028956 0.11892534 0.12558149
 0.12852264 0.11822277 0.11266933 0.11743321 0.11639503 0.11194376]"
8,-8.0,10,0.1,0.1,"[-30.0, -20.0, 0.0]","[0.6, 0.6, 1.0]","[10.2622412   9.97269997  9.6558587   9.97269997 10.23330178  9.96940659
  9.6313303   9.91106523 10.21531048  9.96587753  9.61474464  9.8733575 ]","[0.10627462 0.10339339 0.10253991 0.10309738 0.1056894  0.10309721
 0.10251374 0.10379603 0.10192241 0.10164313 0.10204453 0.10208818]"
8,-8.0,10,0.1,0.1,"[-30.0, -20.0, 0.0]","[1.0, 1.0, 1.0]","[10.2622412   9.97269997  9.6558587   9.97269997 10.22125853  9.96736111
  9.62598752  9.89790272 10.18830314  9.95966668  9.59672245  9.83356538]","[0.11692128 0.10928622 0.10697244 0.10847166 0.11512712 0.10845897
 0.106527   0.10947277 0.10748456 0.10676559 0.10717833 0.10769609]"
8,-8.0,10,0.1,0.1,"[-30.0, 0.0, 0.0]","[0.6, 0.6, 1.0]","[10.2622412   9.97269997  9.6558587   9.97269997 10.23330178  9.96940659
  9.6313303   9.91106523 10.16030491  9.95158785  9.5600971   9.75978479]","[0.10627462 0.10339339 0.10253991 0.10309738 0.10135019 0.10105932
 0.10123691 0.10150126 0.1045992  0.10419673 0.10529819 0.10565491]"
8,-8.0,10,0.1,0.1,"[-30.0, 0.0, 0.0]","[1.0, 1.0, 1.0]","[10.2622412   9.97269997  9.6558587   9.97269997 10.22125853  9.96736111
  9.62598752  9.89790272 10.06030859  9.91686767  9.46630263  9.58330409]","[0.11692128 0.10928622 0.10697244 0.10847166 0.10333836 0.10287589
 0.10301289 0.10317455 0.12080814 0.11947655 0.12147107 0.12306935]"
8,-8.0,10,0.1,0.1,"[-30.0, 20.0, 0.0]","[0.6, 0.6, 1.0]","[10.2622412   9.97269997  9.6558587   9.97269997 10.23330178  9.96940659
  9.6313303   9.91106523 10.09387511  9.92787603  9.49470498  9.64265691]","[0.10627462 0.10339339 0.10253991 0.10309738 0.10264822 0.10323292
 0.10494214 0.10302353 0.10524311 0.1046923  0.10653735 0.10715496]"
8,-8.0,10,0.1,0.1,"[-30.0, 20.0, 0.0]","[1.0, 1.0, 1.0]","[10.2622412   9.97269997  9.6558587   9.97269997 10.22125853  9.96736111
  9.62598752  9.89790272  9.84052402  9.80503063  9.25901764  9.25517825]","[0.11692128 0.10928622 0.10697244 0.10847166 0.10692251 0.10883833
 0.11309961 0.10737789 0.1234821  0.12114318 0.1249469  0.1278458 ]"
8,-8.0,10,0.1,0.1,"[0.0, -20.0, 0.0]","[0.6, 0.6, 1.0]","[10.2622412   9.97269997  9.6558587   9.97269997 10.15694831  9.95076105
  9.55650255  9.75238909 10.20627978  9.96302803  9.60619529  9.85673119]","[0.10015482 0.10028972 0.10038258 0.10010642 0.10826701 0.10527425
 0.10522973 0.10715644 0.10202044 0.10177605 0.1023257  0.10234332]"
8,-8.0,10,0.1,0.1,"[0.0, -20.0, 0.0]","[1.0, 1.0, 1.0]","[10.2622412   9.97269997  9.6558587   9.97269997 10.05106465  9.91452858
  9.45613274  9.56272749 10.14944253  9.9430304   9.55933136  9.77060389]","[0.10042971 0.10080367 0.10106074 0.10029536 0.13090568 0.12332089
 0.12286271 0.12733852 0.11194526 0.11110759 0.11192038 0.11258646]"
8,-8.0,10,0.1,0.1,"[0.0, 0.0, 0.0]","[0.6, 0.6, 1.0]","[10.2622412   9.97269997  9.6558587   9.97269997 10.15694831  9.95076105
  9.55650255  9.75238909 10.14119269  9.94467787  9.54151704  9.7258835 ]","[0.10015482 0.10028972 0.10038258 0.10010642 0.10418507 0.10353602
 0.10453534 0.10542705 0.1050297  0.1046094  0.10596413 0.10636393]"
8,-8.0,10,0.1,0.1,"[0.0, 0.0, 0.0]","[1.0, 1.0, 1.0]","[10.2622412   9.97269997  9.6558587   9.97269997 10.05106465  9.91452858
  9.45613274  9.56272749  9.98785215  9.87170661  9.39662979  9.48908011]","[0.10042971 0.10080367 0.10106074 0.10029536 0.12000177 0.11870936
 0.12093087 0.12252197 0.1250745  0.12349598 0.12608598 0.127931  ]"
8,-8.0,10,0.1,0.1,"[0.0, 20.0, 0.0]","[0.6, 0.6, 1.0]","[10.2622412   9.97269997  9.6558587   9.97269997 10.15694831  9.95076105
  9.55650255  9.75238909 10.06446282  9.91411236  9.46690102  9.59776186]","[0.10015482 0.10028972 0.10038258 0.10010642 0.10635988 0.10637654
 0.10930886 0.1080435  0.10985494 0.10915738 0.11134919 0.11217479]"
8,-8.0,10,0.1,0.1,"[0.0, 20.0, 0.0]","[1.0, 1.0, 1.0]","[10.2622412   9.97269997  9.6558587   9.97269997 10.05106465  9.91452858
  9.45613274  9.56272749  9.76969588  9.73171893  9.20094162  9.21356861]","[0.10042971 0.10080367 0.10106074 0.10029536 0.12585937 0.12616737
 0.13358644 0.12973309 0.12790652 0.12564405 0.12963252 0.13232357]"
8,-8.0,10,0.1,0.1,"[30.0, -20.0, 0.0]","[0.6, 0.6, 1.0]","[10.2622412   9.97269997  9.6558587   9.97269997 10.07142222  9.91793535
  9.47381948  9.61073395 10.193166    9.9574389   9.5931696   9.83483279]","[0.10388175 0.10450699 0.106881   0.10376889 0.1124115  0.1089952
 0.10952057 0.11199001 0.10216602 0.10196315 0.1026672  0.10265654]"
8,-8.0,10,0.1,0.1,"[30.0, -20.0, 0.0]","[1.0, 1.0, 1.0]","[10.2622412   9.97269997  9.6558587   9.97269997  9.75651847  9.74451961
  9.19239181  9.16874942 10.12006105  9.92260996  9.52765066  9.73024018]","[0.11059425 0.11228228 0.11851648 0.11028956 0.13400493 0.12494056
 0.12576807 0.13174248 0.1124009  0.11166552 0.11274375 0.11329652]"
8,-8.0,10,0.1,0.1,"[30.0, 0.0, 0.0]","[0.6, 0.6, 1.0]","[10.2622412   9.97269997  9.6558587   9.97269997 10.07142222  9.91793535
  9.47381948  9.61073395 10.11937736  9.93495044  9.52028081  9.69090112]","[0.10388175 0.10450699 0.106881   0.10376889 0.10871044 0.10764065
 0.10947737 0.11092561 0.10546738 0.10504466 0.10663867 0.10706269]"
8,-8.0,10,0.1,0.1,"[30.0, 0.0, 0.0]","[1.0, 1.0, 1.0]","[10.2622412   9.97269997  9.6558587   9.97269997  9.75651847  9.74451961
  9.19239181  9.16874942  9.9507383   9.8501439   9.35990131  9.43560632]","[0.11059425 0.11228228 0.11851648 0.11028956 0.12368907 0.12124145
 0.12550042 0.12851557 0.12595493 0.12432567 0.12729967 0.12923925]"
8,-8.0,10,0.1,0.1,"[30.0, 20.0, 0.0]","[0.6, 0.6, 1.0]","[10.2622412   9.97269997  9.6558587   9.97269997 10.07142222  9.91793535
  9.47381948  9.61073395 10.03652638  9.89795426  9.44100042  9.56111519]","[0.10388175 0.10450699 0.106881   0.10376889 0.1118103  0.11113638
 0.11524949 0.11465563 0.1106731  0.10994196 0.11238221 0.11325365]"
8,-8.0,10,0.1,0.1,"[30.0, 20.0, 0.0]","[1.0, 1.0, 1.0]","[10.2622412   9.97269997  9.6558587   9.97269997  9.75651847  9.74451961
  9.19239181  9.16874942  9.73285046  9.70119287  9.17086308  9.1807594 ]","[0.11059425 0.11228228 0.11851648 0.11028956 0.13241757 0.13055549
 0.14124059 0.13934666 0.12890444 0.12665769 0.13086327 0.13353177]"
8,0.0,10,0.1,0.1,"[-30.0, -20.0, 0.0]","[0.6, 0.6, 1.0]","[10.2622412   9.97269997  9.6558587   9.97269997  9.587543    9.46355444
  8.99637534  9.12507225  9.46820732  9.32902282  8.83965476  8.95448202]","[0.10627462 0.10339339 0.10253991 0.10309738 0.13041989 0.12028797
 0.11980402 0.12439728 0.12893768 0.12154896 0.12047731 0.12517093]"
8,0.0,10,0.1,0.1,"[-30.0, -20.0, 0.0]","[1.0, 1.0, 1.0]","[10.2622412   9.97269997  9.6558587   9.97269997  9.42975772  9.38732158
  8.8056543   8.80871871  9.42133573  9.2654804   8.73158067  8.83076134]","[0.11692128 0.10928622 0.10697244 0.10847166 0.1646145  0.14257656
 0.14145047 0.15209648 0.15215688 0.13952472 0.13685559 0.14462499]"
8,0.0,10,0.1,0.1,"[-30.0, 0.0, 0.0]","[0.6, 0.6, 1.0]","[10.2622412   9.97269997  9.6558587   9.97269997  9.587543    9.46355444
  8.99637534  9.12507225  9.24528952  9.05224943  8.66389469  8.86276674]","[0.10627462 0.10339339 0.10253991 0.10309738 0.11797135 0.11394799
 0.114645   0.11760891 0.12585702 0.12331786 0.12333061 0.12430233]"
8,0.0,10,0.1,0.1,"[-30.0, 0.0, 0.0]","[1.0, 1.0, 1.0]","[10.2622412   9.97269997  9.6558587   9.97269997  9.42975772  9.38732158
  8.8056543   8.80871871  9.06084281  8.88167518  8.43324034  8.59255437]","[0.11692128 0.10928622 0.10697244 0.10847166 0.13734106 0.1285371
 0.12926914 0.13586453 0.1460516  0.14090585 0.14059518 0.14342094]"
8,0.0,10,0.1,0.1,"[-30.0, 20.0, 0.0]","[0.6, 0.6, 1.0]","[10.2622412   9.97269997  9.6558587   9.97269997  9.587543    9.46355444
  8.99637534  9.12507225  9.27761113  8.95420351  8.74909198  9.08957817]","[0.10627462 0.10339339 0.10253991 0.10309738 0.11472017 0.11442494
 0.11806128 0.11766651 0.12240009 0.12518211 0.12513364 0.12119579]"
8,0.0,10,0.1,0.1,"[-30.0, 20.0, 0.0]","[1.0, 1.0, 1.0]","[10.2622412   9.97269997  9.6558587   9.97269997  9.42975772  9.38732158
  8.8056543   8.80871871  9.0397141   8.72043809  8.54265545  8.86369709]","[0.11692128 0.10928622 0.10697244 0.10847166 0.12895545 0.12878817
 0.13597329 0.13516559 0.14026597 0.1438336  0.14331026 0.13840551]"
8,0.0,10,0.1,0.1,"[0.0, -20.0, 0.0]","[0.6, 0.6, 1.0]","[10.2622412   9.97269997  9.6558587   9.97269997  9.33665563  9.07432278
  8.78706598  9.07251283  9.29743797  9.15022119  8.69562719  8.83572828]","[0.10015482 0.10028972 0.10038258 0.10010642 0.12641928 0.12156098
 0.1190095  0.12067466 0.1284706  0.12406162 0.12418755 0.12686643]"
8,0.0,10,0.1,0.1,"[0.0, -20.0, 0.0]","[1.0, 1.0, 1.0]","[10.2622412   9.97269997  9.6558587   9.97269997  8.87247648  8.62676914
  8.35643475  8.61970077  9.1512842   8.99338376  8.51793248  8.64787529]","[0.10042971 0.10080367 0.10106074 0.10029536 0.15478108 0.14468608
 0.13924207 0.14287767 0.14590488 0.13948135 0.13895618 0.14297933]"
8,0.0,10,0.1,0.1,"[0.0, 0.0, 0.0]","[0.6, 0.6, 1.0]","[10.2622412   9.97269997  9.6558587   9.97269997  9.33665563  9.07432278
  8.78706598  9.07251283  9.10634326  8.84951642  8.57590818  8.85105251]","[0.10015482 0.10028972 0.10038258 0.10010642 0.11763176 0.11811102
 0.11842554 0.11741879 0.1265457  0.12771482 0.12835158 0.12595801]"
8,0.0,10,0.1,0.1,"[0.0, 0.0, 0.0]","[1.0, 1.0, 1.0]","[10.2622412   9.97269997  9.6558587   9.97269997  8.87247648  8.62676914
  8.35643475  8.61970077  8.87235625  8.62600069  8.36501052  8.62240762]","[0.10042971 0.10080367 0.10106074 0.10029536 0.13664815 0.1376363
 0.13827393 0.13618838 0.14267541 0.14412792 0.14484132 0.14188951]"
8,0.0,10,0.1,0.1,"[0.0, 20.0, 0.0]","[0.6, 0.6, 1.0]","[10.2622412   9.97269997  9.6558587   9.97269997  9.33665563  9.07432278
  8.78706598  9.07251283  9.26569547  8.86520134  8.7643466   9.1613909 ]","[0.10015482 0.10028972 0.10038258 0.10010642 0.1209776  0.12376712
 0.12839084 0.12220263 0.12399946 0.13000653 0.13074566 0.12337554]"
8,0.0,10,0.1,0.1,"[0.0, 20.0, 0.0]","[1.0, 1.0, 1.0]","[10.2622412   9.97269997  9.6558587   9.97269997  8.87247648  8.62676914
  8.35643475  8.61970077  9.09608855  8.70767071  8.63881048  9.00810985]","[0.10042971 0.10080367 0.10106074 0.10029536 0.14337494 0.14926487
 0.15870663 0.14605651 0.13918955 0.14709821 0.14850875 0.1387741 ]"
8,0.0,10,0.1,0.1,"[30.0, -20.0, 0.0]","[0.6, 0.6, 1.0]","[10.2622412   9.97269997  9.6558587   9.97269997  9.57352739  9.13842271
  9.02379111  9.46454923  9.28708496  9.08448348  8.72549134  8.94640857]","[0.10388175 0.10450699 0.106881   0.10376889 0.1164736  0.11779467
 0.11447202 0.11279191 0.1232043  0.12284695 0.12367176 0.12282318]"
8,0.0,10,0.1,0.1,"[30.0, -20.0, 0.0]","[1.0, 1.0, 1.0]","[10.2622412   9.97269997  9.6558587   9.97269997  9.39659454  8.85220503
  8.87894241  9.38908606  9.0536843   8.86155797  8.49577103  8.69240856]","[0.11059425 0.11228228 0.11851648 0.11028956 0.13242495 0.13544149
 0.1286485  0.12540243 0.14112623 0.14087772 0.14197239 0.14079827]"
8,0.0,10,0.1,0.1,"[30.0, 0.0, 0.0]","[0.6, 0.6, 1.0]","[10.2622412   9.97269997  9.6558587   9.97269997  9.57352739  9.13842271
  9.02379111  9.46454923  9.22199304  8.87840379  8.71128251  9.06467914]","[0.10388175 0.10450699 0.106881   0.10376889 0.11521566 0.1192209
 0.11887841 0.11396639 0.12250915 0.12697746 0.12792694 0.12222045]"
8,0.0,10,0.1,0.1,"[30.0, 0.0, 0.0]","[1.0, 1.0, 1.0]","[10.2622412   9.97269997  9.6558587   9.97269997  9.39659454  8.85220503
  8.87894241  9.38908606  8.99976077  8.64076194  8.54957386  8.90070768]","[0.11059425 0.11228228 0.11851648 0.11028956 0.13080813 0.13965935
 0.13929313 0.12866886 0.14020192 0.14737511 0.14858378 0.13972785]"
8,0.0,10,0.1,0.1,"[30.0, 20.0, 0.0]","[0.6, 0.6, 1.0]","[10.2622412   9.97269997  9.6558587   9.97269997  9.57352739  9.13842271
  9.02379111  9.46454923  9.436197    8.99434483  8.91711605  9.34013891]","[0.10388175 0.10450699 0.106881   0.10376889 0.12378494 0.12830732
 0.13116495 0.12109393 0.12183441 0.12917548 0.13088643 0.12138279]"
8,0.0,10,0.1,0.1,"[30.0, 20.0, 0.0]","[1.0, 1.0, 1.0]","[10.2622412   9.97269997  9.6558587   9.97269997  9.39659454  8.85220503
  8.87894241  9.38908606  9.3626997   8.91347121  8.87659607  9.28109673]","[0.11059425 0.11228228 0.11851648 0.11028956 0.15059626 0.16091939
 0.16599585 0.14436411 0.14053762 0.15068327 0.15393352 0.13979834]"
8,8.0,10,0.1,0.1,"[-30.0, -20.0, 0.0]","[0.6, 0.6, 1.0]","[10.2622412   9.97269997  9.6558587   9.97269997 10.06909025  9.6105549
  9.47813957  9.91958829 10.0393005   9.56572715  9.44995357  9.90372187]","[0.10627462 0.10339339 0.10253991 0.10309738 0.11267766 0.11243746
 0.10896022 0.10806946 0.11106033 0.11346021 0.11111559 0.10885115]"
8,8.0,10,0.1,0.1,"[-30.0, -20.0, 0.0]","[1.0, 1.0, 1.0]","[10.2622412   9.97269997  9.6558587   9.97269997  9.76576972  9.16407018
  9.18555953  9.75094797  9.75117447  9.18348164  9.16998959  9.71493651]","[0.11692128 0.10928622 0.10697244 0.10847166 0.13796151 0.13694739
 0.12831691 0.12596168 0.12922008 0.13332532 0.1289238  0.12519732]"
8,8.0,10,0.1,0.1,"[-30.0, 0.0, 0.0]","[0.6, 0.6, 1.0]","[10.2622412   9.97269997  9.6558587   9.97269997 10.06909025  9.6105549
  9.47813957  9.91958829 10.12416616  9.69892499  9.52644536  9.9380104 ]","[0.10627462 0.10339339 0.10253991 0.10309738 0.10760862 0.10956094
 0.10743493 0.10583546 0.10550863 0.10750906 0.1062419  0.10424505]"
8,8.0,10,0.1,0.1,"[-30.0, 0.0, 0.0]","[1.0, 1.0, 1.0]","[10.2622412   9.97269997  9.6558587   9.97269997  9.76576972  9.16407018
  9.18555953  9.75094797  9.95906817  9.45029379  9.37248803  9.85760058]","[0.11692128 0.10928622 0.10697244 0.10847166 0.12418651 0.12859526
 0.12386669 0.1199921  0.12596945 0.12945121 0.12661603 0.1234303 ]"
8,8.0,10,0.1,0.1,"[-30.0, 20.0, 0.0]","[0.6, 0.6, 1.0]","[10.2622412   9.97269997  9.6558587   9.97269997 10.06909025  9.6105549
  9.47813957  9.91958829 10.19722033  9.83874316  9.5935859   9.9584958 ]","[0.10627462 0.10339339 0.10253991 0.10309738 0.1093409  0.11205784
 0.11182869 0.10793999 0.10188186 0.1033899  0.10316668 0.10144691]"
8,8.0,10,0.1,0.1,"[-30.0, 20.0, 0.0]","[1.0, 1.0, 1.0]","[10.2622412   9.97269997  9.6558587   9.97269997  9.76576972  9.16407018
  9.18555953  9.75094797 10.12557537  9.73206825  9.52578887  9.92526423]","[0.11692128 0.10928622 0.10697244 0.10847166 0.12914658 0.13581985
 0.13580524 0.12557465 0.11195272 0.1142374  0.11363546 0.1111757 ]"
8,8.0,10,0.1,0.1,"[0.0, -20.0, 0.0]","[0.6, 0.6, 1.0]","[10.2622412   9.97269997  9.6558587   9.97269997 10.156918    9.7521239
  9.55647247  9.95090219 10.06673214  9.60484271  9.47545455  9.91774279]","[0.10015482 0.10028972 0.10038258 0.10010642 0.10822722 0.10744738
 0.10522171 0.10492548 0.1086164  0.11090349 0.10892068 0.10671393]"
8,8.0,10,0.1,0.1,"[0.0, -20.0, 0.0]","[1.0, 1.0, 1.0]","[10.2622412   9.97269997  9.6558587   9.97269997 10.05106417  9.56215008
  9.4561356   9.91523582  9.7855135   9.22111191  9.20596878  9.74462368]","[0.10042971 0.10080367 0.10106074 0.10029536 0.13078974 0.12813573
 0.12288335 0.12241146 0.12810016 0.1322076  0.12812865 0.1243777 ]"
8,8.0,10,0.1,0.1,"[0.0, 0.0, 0.0]","[0.6, 0.6, 1.0]","[10.2622412   9.97269997  9.6558587   9.97269997 10.156918    9.7521239
  9.55647247  9.95090219 10.14465847  9.73198673  9.54477369  9.94599926]","[0.10015482 0.10028972 0.10038258 0.10010642 0.10417138 0.10563473
 0.10452609 0.1032948  0.10496671 0.10688224 0.10590705 0.10394957]"
8,8.0,10,0.1,0.1,"[0.0, 0.0, 0.0]","[1.0, 1.0, 1.0]","[10.2622412   9.97269997  9.6558587   9.97269997 10.05106417  9.56215008
  9.4561356   9.91523582  9.9973077   9.50320454  9.40548877  9.87726776]","[0.10042971 0.10080367 0.10106074 0.10029536 0.11997175 0.12309084
 0.12091233 0.11807937 0.12490833 0.12827742 0.12593593 0.12279074]"
8,8.0,10,0.1,0.1,"[0.0, 20.0, 0.0]","[0.6, 0.6, 1.0]","[10.2622412   9.97269997  9.6558587   9.97269997 10.156918    9.7521239
  9.55647247  9.95090219 10.20949833  9.85774376  9.60384549  9.96323576]","[0.10015482 0.10028972 0.10038258 0.10010642 0.10634466 0.10866134
 0.10929208 0.10571602 0.10163929 0.10314085 0.10311326 0.10137105]"
8,8.0,10,0.1,0.1,"[0.0, 20.0, 0.0]","[1.0, 1.0, 1.0]","[10.2622412   9.97269997  9.6558587   9.97269997 10.05106417  9.56215008
  9.4561356   9.91523582 10.15887685  9.7712725   9.55046326  9.94363211]","[0.10042971 0.10080367 0.10106074 0.10029536 0.12588191 0.13141765
 0.13353843 0.12445012 0.11128474 0.11362362 0.11335897 0.11082809]"
8,8.0,10,0.1,0.1,"[30.0, -20.0, 0.0]","[0.6, 0.6, 1.0]","[10.2622412   9.97269997  9.6558587   9.97269997 10.23465808  9.90930258
  9.62834212  9.9693395  10.09591276  9.64967839  9.50242279  9.93072378]","[0.10388175 0.10450699 0.106881   0.10376889 0.10412804 0.10270205
 0.10177594 0.10204276 0.10539422 0.10755165 0.10595127 0.10381335]"
8,8.0,10,0.1,0.1,"[30.0, -20.0, 0.0]","[1.0, 1.0, 1.0]","[10.2622412   9.97269997  9.6558587   9.97269997 10.22577133  9.89248728
  9.61633503  9.96710359  9.85127695  9.2692866   9.27530696  9.81782404]","[0.11059425 0.11228228 0.11851648 0.11028956 0.11094257 0.1065224
 0.10453588 0.10559401 0.12361664 0.12796133 0.12395489 0.12009756]"
8,8.0,10,0.1,0.1,"[30.0, 0.0, 0.0]","[0.6, 0.6, 1.0]","[10.2622412   9.97269997  9.6558587   9.97269997 10.23465808  9.90930258
  9.62834212  9.9693395  10.16372769  9.76503507  9.56219118  9.95254338]","[0.10388175 0.10450699 0.106881   0.10376889 0.10107866 0.10190892
 0.10185021 0.10098533 0.10442094 0.10626407 0.10555096 0.10362967]"
8,8.0,10,0.1,0.1,"[30.0, 0.0, 0.0]","[1.0, 1.0, 1.0]","[10.2622412   9.97269997  9.6558587   9.97269997 10.22577133  9.89248728
  9.61633503  9.96710359 10.07005872  9.59653046  9.47165758  9.9203718 ]","[0.11059425 0.11228228 0.11851648 0.11028956 0.1025808  0.10430935
 0.10472162 0.1026708  0.11693516 0.12003224 0.11835547 0.11543193]"
8,8.0,10,0.1,0.1,"[30.0, 20.0, 0.0]","[0.6, 0.6, 1.0]","[10.2622412   9.97269997  9.6558587   9.97269997 10.23465808  9.90930258
  9.62834212  9.9693395  10.21837786  9.87391949  9.61206726  9.96599235]","[0.10388175 0.10450699 0.106881   0.10376889 0.10369358 0.10539413
 0.10686637 0.10366671 0.10144297 0.10295592 0.10308063 0.1013081 ]"
8,8.0,10,0.1,0.1,"[30.0, 20.0, 0.0]","[1.0, 1.0, 1.0]","[10.2622412   9.97269997  9.6558587   9.97269997 10.22577133  9.89248728
  9.61633503  9.96710359 10.1971311   9.8318961   9.58590081  9.95970089]","[0.11059425 0.11228228 0.11851648 0.11028956 0.10976572 0.11383799
 0.1182817  0.11000603 0.10670727 0.10889129 0.10904256 0.10662094]"
4,-8.0,10,0.1,0.2,"[-30.0, -20.0, 0.0]","[0.6, 0.6, 1.0]","[10.53135944  9.95164005  9.32356072  9.95164005 10.25439051  9.93472451
  9.08395518  9.27551049 10.13491034  9.91192369  8.97794006  9.03428831]","[0.10627054 0.10339728 0.1026007  0.10318376 0.1152451  0.10791138
 0.11019656 0.11840808 0.11164227 0.1068827  0.11051903 0.11756221]"
4,-8.0,10,0.1,0.2,"[-30.0, -20.0, 0.0]","[1.0, 1.0, 1.0]","[10.53135944  9.95164005  9.32356072  9.95164005 10.1921574   9.92328692
  9.04067029  9.18790256 10.01055294  9.87088163  8.87531209  8.86690335]","[0.11691096 0.10929698 0.10713834 0.10870638 0.13612526 0.12067195
 0.12312406 0.13777364 0.142145   0.13411772 0.13977818 0.1510115 ]"
4,-8.0,10,0.1,0.2,"[-30.0, 0.0, 0.0]","[0.6, 0.6, 1.0]","[10.53135944  9.95164005  9.32356072  9.95164005 10.25439051  9.93472451
  9.08395518  9.27551049  9.84510227  9.82844231  8.71509871  8.48515579]","[0.10627054 0.10339728 0.1026007  0.10318376 0.10855653 0.10510431
 0.10768817 0.11316751 0.12102448 0.1144463  0.12174429 0.13225573]"
4,-8.0,10,0.1,0.2,"[-30.0, 0.0, 0.0]","[1.0, 1.0, 1.0]","[10.53135944  9.95164005  9.32356072  9.95164005 10.1921574   9.92328692
  9.04067029  9.18790256  9.40221514  9.64557864  8.31400309  7.79673372]","[0.11691096 0.10929698 0.10713834 0.10870638 0.11887976 0.11341841
 0.11653167 0.12407842 0.15007887 0.13732228 0.15078356 0.17007544]"
4,-8.0,10,0.1,0.2,"[-30.0, 20.0, 0.0]","[0.6, 0.6, 1.0]","[10.53135944  9.95164005  9.32356072  9.95164005 10.25439051  9.93472451
  9.08395518  9.27551049  9.63296752  9.74937418  8.53182159  8.16428514]","[0.10627054 0.10339728 0.1026007  0.10318376 0.108762   0.10730409
 0.11163563 0.11344111 0.12376674 0.11572961 0.12608188 0.13884524]"
4,-8.0,10,0.1,0.2,"[-30.0, 20.0, 0.0]","[1.0, 1.0, 1.0]","[10.53135944  9.95164005  9.32356072  9.95164005 10.1921574   9.92328692
  9.04067029  9.18790256  8.78288357  9.24020536  7.83570657  7.14220083]","[0.11691096 0.10929698 0.10713834 0.10870638 0.11940438 0.11911746
 0.12677826 0.12481469 0.16177774 0.14402863 0.16362521 0.18977328]"
4,-8.0,10,0.1,0.2,"[0.0, -20.0, 0.0]","[0.6, 0.6, 1.0]","[10.53135944  9.95164005  9.32356072  9.95164005  9.8543751   9.83058641
  8.72419963  8.50019727 10.03090412  9.88425703  8.8840831   8.8434128 ]","[0.10014746 0.10029642 0.10041153 0.10011158 0.12436164 0.11400212
 0.1195489  0.13261413 0.12171656 0.11595283 0.12111644 0.12976888]"
4,-8.0,10,0.1,0.2,"[0.0, -20.0, 0.0]","[1.0, 1.0, 1.0]","[10.53135944  9.95164005  9.32356072  9.95164005  9.29882537  9.64847303
  8.23382479  7.53215726  9.84716647  9.80214689  8.71845363  8.59974515]","[0.10040928 0.10082219 0.10114086 0.10030965 0.15937193 0.13526714
 0.14758088 0.1773204  0.14402062 0.13512963 0.14273105 0.15512889]"
4,-8.0,10,0.1,0.2,"[0.0, 0.0, 0.0]","[0.6, 0.6, 1.0]","[10.53135944  9.95164005  9.32356072  9.95164005  9.8543751   9.83058641
  8.72419963  8.50019727  9.66803662  9.7627199   8.55969456  8.19917953]","[0.10014746 0.10029642 0.10041153 0.10011158 0.11817494 0.11183465
 0.11879826 0.12930122 0.12563649 0.11757654 0.12706324 0.13985188]"
4,-8.0,10,0.1,0.2,"[0.0, 0.0, 0.0]","[1.0, 1.0, 1.0]","[10.53135944  9.95164005  9.32356072  9.95164005  9.29882537  9.64847303
  8.23382479  7.53215726  9.20100444  9.49201817  8.1511264   7.6304721 ]","[0.10040928 0.10082219 0.10114086 0.10030965 0.14424115 0.13061816
 0.14570046 0.16763397 0.15315751 0.1397737  0.15471727 0.17416558]"
4,-8.0,10,0.1,0.2,"[0.0, 20.0, 0.0]","[0.6, 0.6, 1.0]","[10.53135944  9.95164005  9.32356072  9.95164005  9.8543751   9.83058641
  8.72419963  8.50019727  9.42069421  9.62079444  8.3623989   7.95080229]","[0.10014746 0.10029642 0.10041153 0.10011158 0.12116299 0.11562049
 0.12632042 0.13432857 0.12932677 0.11981094 0.13223621 0.14655858]"
4,-8.0,10,0.1,0.2,"[0.0, 20.0, 0.0]","[1.0, 1.0, 1.0]","[10.53135944  9.95164005  9.32356072  9.95164005  9.29882537  9.64847303
  8.23382479  7.53215726  8.74821458  9.06414929  7.84293955  7.41338401]","[0.10040928 0.10082219 0.10114086 0.10030965 0.15147856 0.13865072
 0.16386152 0.18214465 0.1623284  0.14733992 0.16431696 0.18433002]"
4,-8.0,10,0.1,0.2,"[30.0, -20.0, 0.0]","[0.6, 0.6, 1.0]","[10.53135944  9.95164005  9.32356072  9.95164005  9.66329449  9.75801413
  8.56400419  8.26002232  9.91990647  9.84939529  8.7826908   8.64037498]","[0.10395016 0.1047336  0.10726655 0.10391574 0.1260127  0.11442994
 0.12112823 0.13480529 0.12463423 0.11805131 0.12456468 0.13459165]"
4,-8.0,10,0.1,0.2,"[30.0, -20.0, 0.0]","[1.0, 1.0, 1.0]","[10.53135944  9.95164005  9.32356072  9.95164005  8.73041606  9.13960897
  7.81523737  7.24309417  9.58854464  9.6551177   8.48796529  8.22935233]","[0.11077735 0.11288729 0.11952814 0.11068144 0.16668335 0.14149007
 0.1530156  0.17883517 0.1476146  0.13734328 0.14721388 0.16178303]"
4,-8.0,10,0.1,0.2,"[30.0, 0.0, 0.0]","[0.6, 0.6, 1.0]","[10.53135944  9.95164005  9.32356072  9.95164005  9.66329449  9.75801413
  8.56400419  8.26002232  9.49865357  9.68887626  8.41526103  7.95576589]","[0.10395016 0.1047336  0.10726655 0.10391574 0.12110108 0.11315512
 0.12296666 0.1353069  0.12974571 0.12027709 0.1317782  0.14662958]"
4,-8.0,10,0.1,0.2,"[30.0, 0.0, 0.0]","[1.0, 1.0, 1.0]","[10.53135944  9.95164005  9.32356072  9.95164005  8.73041606  9.13960897
  7.81523737  7.24309417  8.94403026  9.31036037  7.94755004  7.39447995]","[0.11077735 0.11288729 0.11952814 0.11068144 0.15546522 0.13906727
 0.15832337 0.18175509 0.15777682 0.14286156 0.15992519 0.18075892]"
4,-8.0,10,0.1,0.2,"[30.0, 20.0, 0.0]","[0.6, 0.6, 1.0]","[10.53135944  9.95164005  9.32356072  9.95164005  9.66329449  9.75801413
  8.56400419  8.26002232  9.25280542  9.49608961  8.23018762  7.82694036]","[0.10395016 0.1047336  0.10726655 0.10391574 0.12766953 0.11877987
 0.13440334 0.14615322 0.13400796 0.12338973 0.13728995 0.15241255]"
4,-8.0,10,0.1,0.2,"[30.0, 20.0, 0.0]","[1.0, 1.0, 1.0]","[10.53135944  9.95164005  9.32356072  9.95164005  8.73041606  9.13960897
  7.81523737  7.24309417  8.65470693  8.87780199  7.77766325  7.52155437]","[0.11077735 0.11288729 0.11952814 0.11068144 0.17312894 0.1516886
 0.18597575 0.21179977 0.16494695 0.15117179 0.16716587 0.18416003]"
4,0.0,10,0.1,0.2,"[-30.0, -20.0, 0.0]","[0.6, 0.6, 1.0]","[10.53135944  9.95164005  9.32356072  9.95164005  9.13284384  9.08831724
  8.05091781  8.12210593  8.58758317  8.66038095  7.44269687  7.25009904]","[0.10627054 0.10339728 0.1026007  0.10318376 0.15414329 0.13242172
 0.1375277  0.1502794  0.16728677 0.14722629 0.15650173 0.17613532]"
4,0.0,10,0.1,0.2,"[-30.0, -20.0, 0.0]","[1.0, 1.0, 1.0]","[10.53135944  9.95164005  9.32356072  9.95164005  8.71091467  8.98216473
  7.60677442  7.2069873   8.68994207  8.69650951  7.4761389   7.34511569]","[0.11691096 0.10929698 0.10713834 0.10870638 0.20035751 0.15829893
 0.17361077 0.20754034 0.18413284 0.16013644 0.16887269 0.19050639]"
4,0.0,10,0.1,0.2,"[-30.0, 0.0, 0.0]","[0.6, 0.6, 1.0]","[10.53135944  9.95164005  9.32356072  9.95164005  9.13284384  9.08831724
  8.05091781  8.12210593  7.97346622  7.79033536  6.9875137   7.15371831]","[0.10627054 0.10339728 0.1026007  0.10318376 0.13221261 0.12245304
 0.1279968  0.13651965 0.16886497 0.16070062 0.16629857 0.17317193]"
4,0.0,10,0.1,0.2,"[-30.0, 0.0, 0.0]","[1.0, 1.0, 1.0]","[10.53135944  9.95164005  9.32356072  9.95164005  8.71091467  8.98216473
  7.60677442  7.2069873   7.99700082  7.88338225  6.93128647  6.98365267]","[0.11691096 0.10929698 0.10713834 0.10870638 0.1649566  0.14327467
 0.15607402 0.17923304 0.184983   0.1716153  0.17956143 0.19192495]"
4,0.0,10,0.1,0.2,"[-30.0, 20.0, 0.0]","[0.6, 0.6, 1.0]","[10.53135944  9.95164005  9.32356072  9.95164005  9.13284384  9.08831724
  8.05091781  8.12210593  8.11036638  7.36095329  7.24895298  8.00006881]","[0.10627054 0.10339728 0.1026007  0.10318376 0.12886212 0.12490321
 0.13663974 0.13866194 0.16160472 0.17244349 0.1665784  0.15506807]"
4,0.0,10,0.1,0.2,"[-30.0, 20.0, 0.0]","[1.0, 1.0, 1.0]","[10.53135944  9.95164005  9.32356072  9.95164005  8.71091467  8.98216473
  7.60677442  7.2069873   7.97603115  7.38187351  7.11155923  7.69104481]","[0.11691096 0.10929698 0.10713834 0.10870638 0.15447881 0.14367421
 0.16481909 0.17809966 0.17718385 0.18433505 0.18084103 0.17294287]"
4,0.0,10,0.1,0.2,"[0.0, -20.0, 0.0]","[0.6, 0.6, 1.0]","[10.53135944  9.95164005  9.32356072  9.95164005  8.77242064  8.28969153
  7.76818436  8.28821499  8.1425165   8.17906414  7.05459902  6.91322817]","[0.10014746 0.10029642 0.10041153 0.10011158 0.15280215 0.14214546
 0.13756971 0.14083368 0.18071289 0.163285   0.17426939 0.19248042]"
4,0.0,10,0.1,0.2,"[0.0, -20.0, 0.0]","[1.0, 1.0, 1.0]","[10.53135944  9.95164005  9.32356072  9.95164005  7.67956235  7.26294252
  6.81222565  7.25231299  8.07120488  7.94796708  6.99400689  7.02977242]","[0.10040928 0.10082219 0.10114086 0.10030965 0.2023745  0.18633042
 0.17918854 0.18462501 0.18491199 0.17061953 0.17767452 0.19150064]"
4,0.0,10,0.1,0.2,"[0.0, 0.0, 0.0]","[0.6, 0.6, 1.0]","[10.53135944  9.95164005  9.32356072  9.95164005  8.77242064  8.28969153
  7.76818436  8.28821499  7.54236732  7.12487706  6.70140177  7.13348683]","[0.10014746 0.10029642 0.10041153 0.10011158 0.13307714 0.13399828
 0.13474372 0.13275765 0.18461866 0.18646247 0.18716922 0.18367623]"
4,0.0,10,0.1,0.2,"[0.0, 0.0, 0.0]","[1.0, 1.0, 1.0]","[10.53135944  9.95164005  9.32356072  9.95164005  7.67956235  7.26294252
  6.81222565  7.25231299  7.56639099  7.14787741  6.72838047  7.15758097]","[0.10040928 0.10082219 0.10114086 0.10030965 0.1740929  0.17536287
 0.17638445 0.17358374 0.18636936 0.18840886 0.18906289 0.18532643]"
4,0.0,10,0.1,0.2,"[0.0, 20.0, 0.0]","[0.6, 0.6, 1.0]","[10.53135944  9.95164005  9.32356072  9.95164005  8.77242064  8.28969153
  7.76818436  8.28821499  8.05450284  7.01727585  7.2573916   8.20770714]","[0.10014746 0.10029642 0.10041153 0.10011158 0.14217797 0.14739413
 0.15775054 0.14413647 0.17447158 0.19705277 0.18406141 0.16292549]"
4,0.0,10,0.1,0.2,"[0.0, 20.0, 0.0]","[1.0, 1.0, 1.0]","[10.53135944  9.95164005  9.32356072  9.95164005  7.67956235  7.26294252
  6.81222565  7.25231299  7.98090867  7.13383825  7.19834715  7.97708962]","[0.10040928 0.10082219 0.10114086 0.10030965 0.18601221 0.19393416
 0.20919422 0.18943844 0.17786375 0.19631276 0.18856005 0.17014416]"
4,0.0,10,0.1,0.2,"[30.0, -20.0, 0.0]","[0.6, 0.6, 1.0]","[10.53135944  9.95164005  9.32356072  9.95164005  9.11253204  8.14404689
  8.0916315   9.08897261  8.15362304  7.97980774  7.16096946  7.33932317]","[0.10395016 0.1047336  0.10726655 0.10391574 0.13325706 0.13802739
 0.12782458 0.12198035 0.16347262 0.15671504 0.16282216 0.16828788]"
4,0.0,10,0.1,0.2,"[30.0, -20.0, 0.0]","[1.0, 1.0, 1.0]","[10.53135944  9.95164005  9.32356072  9.95164005  8.66035891  7.29352149
  7.72914977  8.98275349  7.99995633  7.68211219  7.04874474  7.36373215]","[0.11077735 0.11288729 0.11952814 0.11068144 0.15963261 0.17688421
 0.15401227 0.14032159 0.17802023 0.17588691 0.17951313 0.18029153]"
4,0.0,10,0.1,0.2,"[30.0, 0.0, 0.0]","[0.6, 0.6, 1.0]","[10.53135944  9.95164005  9.32356072  9.95164005  9.11253204  8.14404689
  8.0916315   9.08897261  7.92344396  7.18921561  7.09747405  7.82694756]","[0.10395016 0.1047336  0.10726655 0.10391574 0.12863261 0.13927445
 0.13434355 0.12259596 0.16482428 0.17693262 0.17183574 0.15893017]"
4,0.0,10,0.1,0.2,"[30.0, 0.0, 0.0]","[1.0, 1.0, 1.0]","[10.53135944  9.95164005  9.32356072  9.95164005  8.66035891  7.29352149
  7.72914977  8.98275349  7.90546641  7.07358887  7.13310156  7.93359667]","[0.11077735 0.11288729 0.11952814 0.11068144 0.15804512 0.18449046
 0.16831283 0.1438842  0.17877798 0.19676274 0.18863289 0.17013676]"
4,0.0,10,0.1,0.2,"[30.0, 20.0, 0.0]","[0.6, 0.6, 1.0]","[10.53135944  9.95164005  9.32356072  9.95164005  9.11253204  8.14404689
  8.0916315   9.08897261  8.51930797  7.37113304  7.63519808  8.68677495]","[0.10395016 0.1047336  0.10726655 0.10391574 0.14416526 0.15774066
 0.15718318 0.13417796 0.15841802 0.18156913 0.17056072 0.14741599]"
4,0.0,10,0.1,0.2,"[30.0, 20.0, 0.0]","[1.0, 1.0, 1.0]","[10.53135944  9.95164005  9.32356072  9.95164005  8.66035891  7.29352149
  7.72914977  8.98275349  8.60707171  7.51841802  7.72936969  8.72749034]","[0.11077735 0.11288729 0.11952814 0.11068144 0.18548524 0.2204334
 0.20424858 0.1610321  0.17240622 0.19700089 0.18778009 0.16094733]"
4,8.0,10,0.1,0.2,"[-30.0, -20.0, 0.0]","[0.6, 0.6, 1.0]","[10.53135944  9.95164005  9.32356072  9.95164005  9.66929797  8.25413626
  8.55811366  9.76137571  9.29644424  7.8063503   8.19932744  9.51534361]","[0.10627054 0.10339728 0.1026007  0.10318376 0.13175814 0.14332834
 0.12448546 0.11594996 0.13490136 0.15108095 0.13306306 0.12147094]"
4,8.0,10,0.1,0.2,"[-30.0, -20.0, 0.0]","[1.0, 1.0, 1.0]","[10.53135944  9.95164005  9.32356072  9.95164005  8.79831632  7.21747995
  7.726728    9.14410899  8.7612075   7.44751985  7.63971427  8.90364592]","[0.11691096 0.10929698 0.10713834 0.10870638 0.18083695 0.20465372
 0.16497656 0.14564568 0.16457181 0.18224197 0.1627316  0.14829814]"
4,8.0,10,0.1,0.2,"[-30.0, 0.0, 0.0]","[0.6, 0.6, 1.0]","[10.53135944  9.95164005  9.32356072  9.95164005  9.66929797  8.25413626
  8.55811366  9.76137571  9.52246595  7.97375584  8.42357485  9.70037397]","[0.10627054 0.10339728 0.1026007  0.10318376 0.12199763 0.13455122
 0.12053188 0.1122958  0.1297066  0.14651458 0.13050309 0.1191623 ]"
4,8.0,10,0.1,0.2,"[-30.0, 0.0, 0.0]","[1.0, 1.0, 1.0]","[10.53135944  9.95164005  9.32356072  9.95164005  8.79831632  7.21747995
  7.726728    9.14410899  9.0014667   7.39829906  7.93760144  9.34137475]","[0.11691096 0.10929698 0.10713834 0.10870638 0.15660585 0.17936295
 0.15331776 0.13714445 0.15709358 0.18012651 0.15813141 0.14119453]"
4,8.0,10,0.1,0.2,"[-30.0, 20.0, 0.0]","[0.6, 0.6, 1.0]","[10.53135944  9.95164005  9.32356072  9.95164005  9.66929797  8.25413626
  8.55811366  9.76137571  9.93642666  8.67007207  8.79193654  9.85308413]","[0.10627054 0.10339728 0.1026007  0.10318376 0.12347549 0.1370938
 0.12661268 0.11479071 0.12338359 0.13575133 0.12636811 0.11755083]"
4,8.0,10,0.1,0.2,"[-30.0, 20.0, 0.0]","[1.0, 1.0, 1.0]","[10.53135944  9.95164005  9.32356072  9.95164005  8.79831632  7.21747995
  7.726728    9.14410899  9.61892324  8.27666025  8.50441998  9.66639648]","[0.11691096 0.10929698 0.10713834 0.10870638 0.15955148 0.18402143
 0.16693022 0.1421866  0.14567993 0.1627725  0.14950737 0.13676642]"
4,8.0,10,0.1,0.2,"[0.0, -20.0, 0.0]","[0.6, 0.6, 1.0]","[10.53135944  9.95164005  9.32356072  9.95164005  9.85455173  8.50125857
  8.7243876   9.83082945  9.45148864  7.95285077  8.35722177  9.63626967]","[0.10014746 0.10029642 0.10041153 0.10011158 0.12416873 0.132844
 0.11962143 0.11361877 0.13009344 0.14555502 0.12899139 0.11830496]"
4,8.0,10,0.1,0.2,"[0.0, -20.0, 0.0]","[1.0, 1.0, 1.0]","[10.53135944  9.95164005  9.32356072  9.95164005  9.30032363  7.54057707
  8.23541209  9.64985733  8.84225879  7.37975572  7.76313529  9.09563864]","[0.10040928 0.10082219 0.10114086 0.10030965 0.15867484 0.17759071
 0.14797856 0.13448916 0.16199739 0.18239111 0.16050372 0.1450381 ]"
4,8.0,10,0.1,0.2,"[0.0, 0.0, 0.0]","[0.6, 0.6, 1.0]","[10.53135944  9.95164005  9.32356072  9.95164005  9.85455173  8.50125857
  8.7243876   9.83082945  9.68510125  8.22617016  8.57480597  9.77029567]","[0.10014746 0.10029642 0.10041153 0.10011158 0.11814503 0.12956926
 0.11877136 0.11150873 0.12534697 0.14008547 0.12678386 0.11678031]"
4,8.0,10,0.1,0.2,"[0.0, 0.0, 0.0]","[1.0, 1.0, 1.0]","[10.53135944  9.95164005  9.32356072  9.95164005  9.30032363  7.54057707
  8.23541209  9.64985733  9.23764725  7.68029169  8.18342568  9.51583923]","[0.10040928 0.10082219 0.10114086 0.10030965 0.1441613  0.16812349
 0.14562829 0.12994554 0.15238403 0.17346932 0.15395693 0.13871117]"
4,8.0,10,0.1,0.2,"[0.0, 20.0, 0.0]","[0.6, 0.6, 1.0]","[10.53135944  9.95164005  9.32356072  9.95164005  9.85455173  8.50125857
  8.7243876   9.83082945 10.04652684  8.86981202  8.88885871  9.88619373]","[0.10014746 0.10029642 0.10041153 0.10011158 0.12132907 0.13537916
 0.12624515 0.11469916 0.12021657 0.13121251 0.12374483 0.11569897]"
4,8.0,10,0.1,0.2,"[0.0, 20.0, 0.0]","[1.0, 1.0, 1.0]","[10.53135944  9.95164005  9.32356072  9.95164005  9.30032363  7.54057707
  8.23541209  9.64985733  9.87241042  8.64799229  8.73327289  9.80748455]","[0.10040928 0.10082219 0.10114086 0.10030965 0.15231193 0.18471229
 0.16358118 0.13673862 0.14174201 0.15662949 0.1464707  0.1350614 ]"
4,8.0,10,0.1,0.2,"[30.0, -20.0, 0.0]","[0.6, 0.6, 1.0]","[10.53135944  9.95164005  9.32356072  9.95164005 10.25858922  9.27455691
  9.07714883  9.93444903  9.65043225  8.18498554  8.54557558  9.75874346]","[0.10395016 0.1047336  0.10726655 0.10391574 0.11024515 0.11319865
 0.10818384 0.10590955 0.12428088 0.13831094 0.12401351 0.11458933]"
4,8.0,10,0.1,0.2,"[30.0, -20.0, 0.0]","[1.0, 1.0, 1.0]","[10.53135944  9.95164005  9.32356072  9.95164005 10.20403042  9.1823699
  9.0196971   9.92232658  8.85302867  7.16518083  7.82711412  9.27840422]","[0.11077735 0.11288729 0.11952814 0.11068144 0.12323792 0.12422675
 0.11792973 0.11553001 0.16149857 0.18713775 0.15999879 0.14210107]"
4,8.0,10,0.1,0.2,"[30.0, 0.0, 0.0]","[0.6, 0.6, 1.0]","[10.53135944  9.95164005  9.32356072  9.95164005 10.25858922  9.27455691
  9.07714883  9.93444903  9.85923299  8.51345222  8.72973611  9.83355836]","[0.10395016 0.1047336  0.10726655 0.10391574 0.1075673  0.11416142
 0.10965981 0.10514483 0.12042362 0.13296248 0.12251609 0.11388321]"
4,8.0,10,0.1,0.2,"[30.0, 0.0, 0.0]","[1.0, 1.0, 1.0]","[10.53135944  9.95164005  9.32356072  9.95164005 10.20403042  9.1823699
  9.0196971   9.92232658  9.43109062  7.8744803   8.36544951  9.66376578]","[0.11077735 0.11288729 0.11952814 0.11068144 0.11625477 0.12673866
 0.12177456 0.11352777 0.14886944 0.16975422 0.15148119 0.13670254]"
4,8.0,10,0.1,0.2,"[30.0, 20.0, 0.0]","[0.6, 0.6, 1.0]","[10.53135944  9.95164005  9.32356072  9.95164005 10.25858922  9.27455691
  9.07714883  9.93444903 10.14987186  9.05666672  8.97921461  9.91301135]","[0.10395016 0.1047336  0.10726655 0.10391574 0.11191876 0.12116463
 0.11742752 0.10883589 0.10985778 0.11945896 0.11407085 0.10679439]"
4,8.0,10,0.1,0.2,"[30.0, 20.0, 0.0]","[1.0, 1.0, 1.0]","[10.53135944  9.95164005  9.32356072  9.95164005 10.20403042  9.1823699
  9.0196971   9.92232658 10.04071713  8.90590926  8.87358441  9.87300985]","[0.11077735 0.11288729 0.11952814 0.11068144 0.1276404  0.14489702
 0.14161441 0.12302001 0.13933795 0.15326839 0.14522205 0.13443196]"
6,-8.0,10,0.1,0.2,"[-30.0, -20.0, 0.0]","[0.6, 0.6, 1.0]","[10.53135944  9.95164005  9.32356072  9.95164005 10.45621287  9.94561175
  9.26128633  9.78217227 10.41196049  9.93845858  9.22277887  9.68828565]","[0.10627054 0.10339728 0.1026007  0.10318376 0.10685054 0.10347275
 0.10335232 0.10571088 0.10584188 0.10482852 0.10587739 0.10704128]"
6,-8.0,10,0.1,0.2,"[-30.0, -20.0, 0.0]","[1.0, 1.0, 1.0]","[10.53135944  9.95164005  9.32356072  9.95164005 10.43375901  9.9418831
  9.25018333  9.75599535 10.34865957  9.92239112  9.17640886  9.59215151]","[0.11691096 0.10929698 0.10713834 0.10870638 0.12145523 0.11345237
 0.11225709 0.11696639 0.11376743 0.11185455 0.1131899  0.11537402]"
6,-8.0,10,0.1,0.2,"[-30.0, 0.0, 0.0]","[0.6, 0.6, 1.0]","[10.53135944  9.95164005  9.32356072  9.95164005 10.45621287  9.94561175
  9.26128633  9.78217227 10.28517564  9.90917871  9.10583427  9.42877987]","[0.10627054 0.10339728 0.1026007  0.10318376 0.10203129 0.10125811
 0.10182139 0.10284688 0.10693591 0.10530884 0.10779318 0.11006335]"
6,-8.0,10,0.1,0.2,"[-30.0, 0.0, 0.0]","[1.0, 1.0, 1.0]","[10.53135944  9.95164005  9.32356072  9.95164005 10.43375901  9.9418831
  9.25018333  9.75599535 10.06388302  9.82755119  8.90979376  9.06548474]","[0.11691096 0.10929698 0.10713834 0.10870638 0.10876343 0.10758511
 0.10818087 0.10935731 0.12912785 0.12520282 0.12986711 0.13522572]"
6,-8.0,10,0.1,0.2,"[-30.0, 20.0, 0.0]","[0.6, 0.6, 1.0]","[10.53135944  9.95164005  9.32356072  9.95164005 10.45621287  9.94561175
  9.26128633  9.78217227 10.15373864  9.86405461  8.98759496  9.20912296]","[0.10627054 0.10339728 0.1026007  0.10318376 0.10326434 0.10361718
 0.10585139 0.10429118 0.11301902 0.11060768 0.11456596 0.11797949]"
6,-8.0,10,0.1,0.2,"[-30.0, 20.0, 0.0]","[1.0, 1.0, 1.0]","[10.53135944  9.95164005  9.32356072  9.95164005 10.43375901  9.9418831
  9.25018333  9.75599535  9.67712876  9.61502933  8.58458848  8.55627861]","[0.11691096 0.10929698 0.10713834 0.10870638 0.11207792 0.11385328
 0.11882634 0.11324507 0.134419   0.12832241 0.13596671 0.14406967]"
6,-8.0,10,0.1,0.2,"[0.0, -20.0, 0.0]","[0.6, 0.6, 1.0]","[10.53135944  9.95164005  9.32356072  9.95164005 10.28114615  9.90837263
  9.10167654  9.41916433 10.38749217  9.93198765  9.20096449  9.64273185]","[0.10014746 0.10029642 0.10041153 0.10011158 0.11088973 0.10626141
 0.10746391 0.11172386 0.10647497 0.10539024 0.10674248 0.10801686]"
6,-8.0,10,0.1,0.2,"[0.0, -20.0, 0.0]","[1.0, 1.0, 1.0]","[10.53135944  9.95164005  9.32356072  9.95164005 10.05129497  9.833016
  8.89763738  9.019574   10.28150625  9.89401132  9.11364445  9.48549798]","[0.10040928 0.10082219 0.10114086 0.10030965 0.138386   0.12732559
 0.12974512 0.13913008 0.12456259 0.1222238  0.12436509 0.1271166 ]"
6,-8.0,10,0.1,0.2,"[0.0, 0.0, 0.0]","[0.6, 0.6, 1.0]","[10.53135944  9.95164005  9.32356072  9.95164005 10.28114615  9.90837263
  9.10167654  9.41916433 10.23614998  9.89245811  9.06166203  9.34513368]","[0.10014746 0.10029642 0.10041153 0.10011158 0.1062848  0.10439322
 0.10672287 0.1096021  0.11307652 0.11107449 0.11418522 0.11701123]"
6,-8.0,10,0.1,0.2,"[0.0, 0.0, 0.0]","[1.0, 1.0, 1.0]","[10.53135944  9.95164005  9.32356072  9.95164005 10.05129497  9.833016
  8.89763738  9.019574    9.95550546  9.75416871  8.81346973  8.94741308]","[0.10040928 0.10082219 0.10114086 0.10030965 0.12664532 0.12270716
 0.12773845 0.13329082 0.13351236 0.12916932 0.13468249 0.14035769]"
6,-8.0,10,0.1,0.2,"[0.0, 20.0, 0.0]","[0.6, 0.6, 1.0]","[10.53135944  9.95164005  9.32356072  9.95164005 10.28114615  9.90837263
  9.10167654  9.41916433 10.08440202  9.83094384  8.92798249  9.11391842]","[0.10014746 0.10029642 0.10041153 0.10011158 0.1087249  0.10761661
 0.11235485 0.11281171 0.11477192 0.11201593 0.11662122 0.12043354]"
6,-8.0,10,0.1,0.2,"[0.0, 20.0, 0.0]","[1.0, 1.0, 1.0]","[10.53135944  9.95164005  9.32356072  9.95164005 10.05129497  9.833016
  8.89763738  9.019574    9.60371298  9.50904864  8.53446973  8.57605775]","[0.10040928 0.10082219 0.10114086 0.10030965 0.13292867 0.13057721
 0.14196843 0.14201406 0.13859658 0.13295184 0.14037682 0.1474868 ]"
6,-8.0,10,0.1,0.2,"[30.0, -20.0, 0.0]","[0.6, 0.6, 1.0]","[10.53135944  9.95164005  9.32356072  9.95164005 10.12930965  9.85112033
  8.96778372  9.18832053 10.35803518  9.91993526  9.17316212  9.59453255]","[0.10395016 0.1047336  0.10726655 0.10391574 0.11625724 0.11077822
 0.11306336 0.11836218 0.10680647 0.10570024 0.10736135 0.10867779]"
6,-8.0,10,0.1,0.2,"[30.0, -20.0, 0.0]","[1.0, 1.0, 1.0]","[10.53135944  9.95164005  9.32356072  9.95164005  9.57504919  9.53313051
  8.51632356  8.48135376 10.20484164  9.84570743  9.04123768  9.3814008 ]","[0.11077735 0.11288729 0.11952814 0.11068144 0.14440065 0.13063691
 0.13463664 0.14624999 0.13044043 0.12787829 0.13066851 0.13373815]"
6,-8.0,10,0.1,0.2,"[30.0, 0.0, 0.0]","[0.6, 0.6, 1.0]","[10.53135944  9.95164005  9.32356072  9.95164005 10.12930965  9.85112033
  8.96778372  9.18832053 10.19765755  9.87383621  9.02683838  9.2916281 ]","[0.10395016 0.1047336  0.10726655 0.10391574 0.11237793 0.10949702
 0.1133175  0.11741437 0.11365606 0.11155788 0.115044   0.11797527]"
6,-8.0,10,0.1,0.2,"[30.0, 0.0, 0.0]","[1.0, 1.0, 1.0]","[10.53135944  9.95164005  9.32356072  9.95164005  9.57504919  9.53313051
  8.51632356  8.48135376  9.8727971   9.70603307  8.74071536  8.83982214]","[0.11077735 0.11288729 0.11952814 0.11068144 0.13325013 0.12711891
 0.13513455 0.14315836 0.13462266 0.12995951 0.13620123 0.14227025]"
6,-8.0,10,0.1,0.2,"[30.0, 20.0, 0.0]","[0.6, 0.6, 1.0]","[10.53135944  9.95164005  9.32356072  9.95164005 10.12930965  9.85112033
  8.96778372  9.18832053 10.04974217  9.80473729  8.89915878  9.0871279 ]","[0.10395016 0.1047336  0.10726655 0.10391574 0.11593553 0.11334691
 0.12006701 0.12220863 0.11537492 0.11261782 0.11746636 0.12118089]"
6,-8.0,10,0.1,0.2,"[30.0, 20.0, 0.0]","[1.0, 1.0, 1.0]","[10.53135944  9.95164005  9.32356072  9.95164005  9.57504919  9.53313051
  8.51632356  8.48135376  9.54977157  9.45325018  8.49675502  8.55588735]","[0.11077735 0.11288729 0.11952814 0.11068144 0.14369908 0.13738648
 0.1539058  0.15781678 0.13950495 0.13397254 0.14149943 0.14829576]"
6,0.0,10,0.1,0.2,"[-30.0, -20.0, 0.0]","[0.6, 0.6, 1.0]","[10.53135944  9.95164005  9.32356072  9.95164005  9.5793573   9.31153847
  8.45242353  8.73644715  9.31742493  9.06202271  8.16289738  8.38508707]","[0.10627054 0.10339728 0.1026007  0.10318376 0.13560978 0.12326997
 0.12490137 0.13172508 0.13635337 0.12789283 0.13017915 0.13718126]"
6,0.0,10,0.1,0.2,"[-30.0, -20.0, 0.0]","[1.0, 1.0, 1.0]","[10.53135944  9.95164005  9.32356072  9.95164005  9.35117999  9.23690248
  8.2014491   8.25808614  9.28317601  9.01113355  8.07068848  8.27740586]","[0.11691096 0.10929698 0.10713834 0.10870638 0.17020606 0.14546091
 0.14962674 0.16522157 0.15670749 0.14453043 0.14662652 0.15640019]"
6,0.0,10,0.1,0.2,"[-30.0, 0.0, 0.0]","[0.6, 0.6, 1.0]","[10.53135944  9.95164005  9.32356072  9.95164005  9.5793573   9.31153847
  8.45242353  8.73644715  8.97422353  8.5950255   7.90964148  8.30630641]","[0.10627054 0.10339728 0.1026007  0.10318376 0.12173049 0.11656068
 0.11922367 0.12373614 0.13634227 0.13350339 0.13506896 0.1366717 ]"
6,0.0,10,0.1,0.2,"[-30.0, 0.0, 0.0]","[1.0, 1.0, 1.0]","[10.53135944  9.95164005  9.32356072  9.95164005  9.35117999  9.23690248
  8.2014491   8.25808614  8.78625388  8.44719393  7.69124267  8.01957799]","[0.11691096 0.10929698 0.10713834 0.10870638 0.14324695 0.1325884
 0.1375359  0.14762992 0.15658511 0.15121102 0.15356289 0.15750521]"
6,0.0,10,0.1,0.2,"[-30.0, 20.0, 0.0]","[0.6, 0.6, 1.0]","[10.53135944  9.95164005  9.32356072  9.95164005  9.5793573   9.31153847
  8.45242353  8.73644715  9.06640547  8.41752706  8.06211118  8.7348044 ]","[0.10627054 0.10339728 0.1026007  0.10318376 0.11979303 0.11839941
 0.12494079 0.12517279 0.13263227 0.13722723 0.13569471 0.13018291]"
6,0.0,10,0.1,0.2,"[-30.0, 20.0, 0.0]","[1.0, 1.0, 1.0]","[10.53135944  9.95164005  9.32356072  9.95164005  9.35117999  9.23690248
  8.2014491   8.25808614  8.82851506  8.20709335  7.86690597  8.49185372]","[0.11691096 0.10929698 0.10713834 0.10870638 0.137436   0.13461157
 0.14679973 0.14899796 0.15141652 0.1564464  0.15429272 0.14849888]"
6,0.0,10,0.1,0.2,"[0.0, -20.0, 0.0]","[0.6, 0.6, 1.0]","[10.53135944  9.95164005  9.32356072  9.95164005  9.23612024  8.72879854
  8.17960911  8.72664651  9.06561274  8.79985285  7.94856443  8.19428593]","[0.10014746 0.10029642 0.10041153 0.10011158 0.13545566 0.12900224
 0.12602284 0.12814822 0.1409758  0.13454784 0.13771128 0.14320706]"
6,0.0,10,0.1,0.2,"[0.0, -20.0, 0.0]","[1.0, 1.0, 1.0]","[10.53135944  9.95164005  9.32356072  9.95164005  8.58029456  8.11353477
  7.60719709  8.10500318  8.92622544  8.61985169  7.79881367  8.0701707 ]","[0.10040928 0.10082219 0.10114086 0.10030965 0.16919394 0.15793056
 0.152571   0.15654765 0.15551122 0.14844032 0.15108292 0.15702776]"
6,0.0,10,0.1,0.2,"[0.0, 0.0, 0.0]","[0.6, 0.6, 1.0]","[10.53135944  9.95164005  9.32356072  9.95164005  9.23612024  8.72879854
  8.17960911  8.72664651  8.74225791  8.26094816  7.75176598  8.26382925]","[0.10014746 0.10029642 0.10041153 0.10011158 0.12351746 0.12410929
 0.12456538 0.12333335 0.14178134 0.14300073 0.14371109 0.14130083]"
6,0.0,10,0.1,0.2,"[0.0, 0.0, 0.0]","[1.0, 1.0, 1.0]","[10.53135944  9.95164005  9.32356072  9.95164005  8.58029456  8.11353477
  7.60719709  8.10500318  8.55292817  8.08511662  7.5927917   8.08481082]","[0.10040928 0.10082219 0.10114086 0.10030965 0.14874014 0.1497278
 0.15047701 0.14840963 0.15618475 0.15757595 0.15829131 0.15560009]"
6,0.0,10,0.1,0.2,"[0.0, 20.0, 0.0]","[0.6, 0.6, 1.0]","[10.53135944  9.95164005  9.32356072  9.95164005  9.23612024  8.72879854
  8.17960911  8.72664651  9.01964561  8.24448459  8.05322178  8.81553518]","[0.10014746 0.10029642 0.10041153 0.10011158 0.12886191 0.13231637
 0.13865234 0.13025522 0.13728641 0.1460746  0.14355834 0.13406387]"
6,0.0,10,0.1,0.2,"[0.0, 20.0, 0.0]","[1.0, 1.0, 1.0]","[10.53135944  9.95164005  9.32356072  9.95164005  8.58029456  8.11353477
  7.60719709  8.10500318  8.86455368  8.14438953  7.9409845   8.63783072]","[0.10040928 0.10082219 0.10114086 0.10030965 0.15756642 0.16364378
 0.17445533 0.16018399 0.1507578  0.1602361  0.15833531 0.14796477]"
6,0.0,10,0.1,0.2,"[30.0, -20.0, 0.0]","[0.6, 0.6, 1.0]","[10.53135944  9.95164005  9.32356072  9.95164005  9.56300619  8.75467681
  8.4861887   9.31254293  9.08727493  8.72552662  8.01636972  8.40259304]","[0.10395016 0.1047336  0.10726655 0.10391574 0.12261748 0.12472147
 0.11903443 0.11628106 0.13354524 0.1315039  0.13394622 0.13492369]"
6,0.0,10,0.1,0.2,"[30.0, -20.0, 0.0]","[1.0, 1.0, 1.0]","[10.53135944  9.95164005  9.32356072  9.95164005  9.31359726  8.3193237
  8.29205713  9.23819424  8.8536885   8.48568192  7.7984048   8.17205674]","[0.11077735 0.11288729 0.11952814 0.11068144 0.14226053 0.14790182
 0.13644336 0.13104937 0.15215208 0.15045452 0.15329765 0.15400201]"
6,0.0,10,0.1,0.2,"[30.0, 0.0, 0.0]","[0.6, 0.6, 1.0]","[10.53135944  9.95164005  9.32356072  9.95164005  9.56300619  8.75467681
  8.4861887   9.31254293  8.94907947  8.32423688  7.96486862  8.61222924]","[0.10395016 0.1047336  0.10726655 0.10391574 0.11949182 0.1253261
 0.12305787 0.11660695 0.13389884 0.13906417 0.1386409  0.13238869]"
6,0.0,10,0.1,0.2,"[30.0, 0.0, 0.0]","[1.0, 1.0, 1.0]","[10.53135944  9.95164005  9.32356072  9.95164005  9.31359726  8.3193237
  8.29205713  9.23819424  8.72532124  8.07097577  7.81402791  8.47195019]","[0.11077735 0.11288729 0.11952814 0.11068144 0.13835282 0.15090331
 0.14580942 0.13286059 0.15267652 0.16072044 0.15939339 0.15015874]"
6,0.0,10,0.1,0.2,"[30.0, 20.0, 0.0]","[0.6, 0.6, 1.0]","[10.53135944  9.95164005  9.32356072  9.95164005  9.56300619  8.75467681
  8.4861887   9.31254293  9.27758361  8.44432206  8.26781269  9.07722505]","[0.10395016 0.1047336  0.10726655 0.10391574 0.12902826 0.13630788
 0.13763771 0.12447952 0.13082185 0.14068977 0.13897409 0.1278444 ]"
6,0.0,10,0.1,0.2,"[30.0, 20.0, 0.0]","[1.0, 1.0, 1.0]","[10.53135944  9.95164005  9.32356072  9.95164005  9.31359726  8.3193237
  8.29205713  9.23819424  9.21840214  8.38518538  8.24538019  9.03131685]","[0.11077735 0.11288729 0.11952814 0.11068144 0.15805665 0.1742995
 0.17367503 0.14779357 0.14853267 0.16102012 0.15965421 0.14495801]"
6,8.0,10,0.1,0.2,"[-30.0, -20.0, 0.0]","[0.6, 0.6, 1.0]","[10.53135944  9.95164005  9.32356072  9.95164005 10.1288729   9.18652247
  8.97018526  9.85369122 10.05816086  9.09297194  8.90587509  9.81212991]","[0.10627054 0.10339728 0.1026007  0.10318376 0.11826485 0.12096904
 0.1142608  0.11137891 0.11583485 0.12119166 0.11573644 0.11140537]"
6,8.0,10,0.1,0.2,"[-30.0, -20.0, 0.0]","[1.0, 1.0, 1.0]","[10.53135944  9.95164005  9.32356072  9.95164005  9.60509737  8.46777603
  8.48089137  9.54014156  9.59160196  8.54305748  8.46423766  9.47102212]","[0.11691096 0.10929698 0.10713834 0.10870638 0.14942685 0.1544407
 0.13915419 0.13234041 0.13962114 0.1479356  0.13926734 0.13227442]"
6,8.0,10,0.1,0.2,"[-30.0, 0.0, 0.0]","[0.6, 0.6, 1.0]","[10.53135944  9.95164005  9.32356072  9.95164005 10.1288729   9.18652247
  8.97018526  9.85369122 10.20417836  9.30352876  9.03450694  9.87727091]","[0.10627054 0.10339728 0.1026007  0.10318376 0.11268768 0.11732287
 0.11237974 0.10896329 0.11369909 0.11836381 0.11451977 0.11072565]"
6,8.0,10,0.1,0.2,"[-30.0, 0.0, 0.0]","[1.0, 1.0, 1.0]","[10.53135944  9.95164005  9.32356072  9.95164005  9.60509737  8.46777603
  8.48089137  9.54014156  9.88993003  8.86135448  8.7563497   9.71869979]","[0.11691096 0.10929698 0.10713834 0.10870638 0.13367334 0.14302364
 0.13321298 0.12574022 0.13453933 0.1422824  0.13524448 0.12894531]"
6,8.0,10,0.1,0.2,"[-30.0, 20.0, 0.0]","[0.6, 0.6, 1.0]","[10.53135944  9.95164005  9.32356072  9.95164005 10.1288729   9.18652247
  8.97018526  9.85369122 10.36325374  9.60000205  9.17303321  9.92102989]","[0.10627054 0.10339728 0.1026007  0.10318376 0.11445702 0.11999008
 0.1170857  0.11110965 0.10641514 0.10958442 0.10809488 0.10514654]"
6,8.0,10,0.1,0.2,"[-30.0, 20.0, 0.0]","[1.0, 1.0, 1.0]","[10.53135944  9.95164005  9.32356072  9.95164005  9.60509737  8.46777603
  8.48089137  9.54014156 10.21548602  9.3905922   9.04150366  9.85048175]","[0.11691096 0.10929698 0.10713834 0.10870638 0.13901833 0.15119547
 0.14646011 0.13147809 0.12981808 0.13469166 0.13176647 0.12739889]"
6,8.0,10,0.1,0.2,"[0.0, -20.0, 0.0]","[0.6, 0.6, 1.0]","[10.53135944  9.95164005  9.32356072  9.95164005 10.28116633  9.41916925
  9.10169845  9.90859766 10.09197194  9.12304234  8.93715846  9.83749292]","[0.10014746 0.10029642 0.10041153 0.10011158 0.11082228 0.11197274
 0.1074732  0.10594483 0.1151087  0.12053169 0.1153006  0.11095792]"
6,8.0,10,0.1,0.2,"[0.0, -20.0, 0.0]","[1.0, 1.0, 1.0]","[10.53135944  9.95164005  9.32356072  9.95164005 10.05162899  9.02073358
  8.89799564  9.83406004  9.64045434  8.57599136  8.51771022  9.5267437 ]","[0.10040928 0.10082219 0.10114086 0.10030965 0.13817357 0.13975642
 0.1298493  0.12656963 0.13861595 0.14715167 0.13859727 0.13149956]"
6,8.0,10,0.1,0.2,"[0.0, 0.0, 0.0]","[0.6, 0.6, 1.0]","[10.53135944  9.95164005  9.32356072  9.95164005 10.28116633  9.41916925
  9.10169845  9.90859766 10.24308591  9.3573935   9.06779857  9.8949763 ]","[0.10014746 0.10029642 0.10041153 0.10011158 0.10627076 0.10983561
 0.10671168 0.10412972 0.11102987 0.11549629 0.11216419 0.10848335]"
6,8.0,10,0.1,0.2,"[0.0, 0.0, 0.0]","[1.0, 1.0, 1.0]","[10.53135944  9.95164005  9.32356072  9.95164005 10.05162899  9.02073358
  8.89799564  9.83406004  9.97211661  8.97215984  8.82815223  9.76369256]","[0.10040928 0.10082219 0.10114086 0.10030965 0.1266178  0.13388908
 0.12771939 0.1220744  0.13323866 0.1405337  0.1344205  0.12840999]"
6,8.0,10,0.1,0.2,"[0.0, 20.0, 0.0]","[0.6, 0.6, 1.0]","[10.53135944  9.95164005  9.32356072  9.95164005 10.28116633  9.41916925
  9.10169845  9.90859766 10.39401612  9.64686736  9.19759232  9.93237058]","[0.10014746 0.10029642 0.10041153 0.10011158 0.10875048 0.11358561
 0.11233223 0.10684786 0.10593487 0.10899708 0.10788983 0.10498931]"
6,8.0,10,0.1,0.2,"[0.0, 20.0, 0.0]","[1.0, 1.0, 1.0]","[10.53135944  9.95164005  9.32356072  9.95164005 10.05162899  9.02073358
  8.89799564  9.83406004 10.2965986   9.49285706  9.10450393  9.89519233]","[0.10040928 0.10082219 0.10114086 0.10030965 0.13313567 0.14404669
 0.14189877 0.12872714 0.12870595 0.13339368 0.13120892 0.1269253 ]"
6,8.0,10,0.1,0.2,"[30.0, -20.0, 0.0]","[0.6, 0.6, 1.0]","[10.53135944  9.95164005  9.32356072  9.95164005 10.4585      9.77924719
  9.25617343  9.94547645 10.15946194  9.21987039  8.99765654  9.86899958]","[0.10395016 0.1047336  0.10726655 0.10391574 0.10479735 0.10391312
 0.10235076 0.10228902 0.11322683 0.11825963 0.11373602 0.10968938]"
6,8.0,10,0.1,0.2,"[30.0, -20.0, 0.0]","[1.0, 1.0, 1.0]","[10.53135944  9.95164005  9.32356072  9.95164005 10.44083499  9.7471772
  9.23451097  9.94138356  9.7143322   8.59664596  8.59683878  9.63022435]","[0.11077735 0.11288729 0.11952814 0.11068144 0.11874949 0.11506024
 0.11244624 0.11307593 0.13432371 0.1435238  0.13460842 0.12721488]"
6,8.0,10,0.1,0.2,"[30.0, 0.0, 0.0]","[0.6, 0.6, 1.0]","[10.53135944  9.95164005  9.32356072  9.95164005 10.4585      9.77924719
  9.25617343  9.94547645 10.29174959  9.4397414   9.11006042  9.91089859]","[0.10395016 0.1047336  0.10726655 0.10391574 0.10166522 0.10338098
 0.10269375 0.1012088  0.10670318 0.11074693 0.10814874 0.10470751]"
6,8.0,10,0.1,0.2,"[30.0, 0.0, 0.0]","[1.0, 1.0, 1.0]","[10.53135944  9.95164005  9.32356072  9.95164005 10.44083499  9.7471772
  9.23451097  9.94138356 10.07648475  9.09454307  8.91858242  9.82844858]","[0.11077735 0.11288729 0.11952814 0.11068144 0.11060244 0.11362145
 0.11330053 0.11024503 0.12880263 0.13572987 0.13046186 0.12480122]"
6,8.0,10,0.1,0.2,"[30.0, 20.0, 0.0]","[0.6, 0.6, 1.0]","[10.53135944  9.95164005  9.32356072  9.95164005 10.4585      9.77924719
  9.25617343  9.94547645 10.41814804  9.69127931  9.21857948  9.93865079]","[0.10395016 0.1047336  0.10726655 0.10391574 0.10463068 0.1076379
 0.10853852 0.10421154 0.10520429 0.10811931 0.10735105 0.10452908]"
6,8.0,10,0.1,0.2,"[30.0, 20.0, 0.0]","[1.0, 1.0, 1.0]","[10.53135944  9.95164005  9.32356072  9.95164005 10.44083499  9.7471772
  9.23451097  9.94138356 10.35835427  9.5869407   9.15665896  9.91987589]","[0.11077735 0.11288729 0.11952814 0.11068144 0.11830473 0.12462403
 0.12825061 0.11799253 0.11276806 0.11705053 0.11595801 0.11184201]"
8,-8.0,10,0.1,0.2,"[-30.0, -20.0, 0.0]","[0.6, 0.6, 1.0]","[10.53135944  9.95164005  9.32356072  9.95164005 10.50163266  9.94834755
  9.29980195  9.88994829 10.48260969  9.94469112  9.28316951  9.85104368]","[0.10627054 0.10339728 0.1026007  0.10318376 0.1054557  0.1030103
 0.10247416 0.10364901 0.10182707 0.10166419 0.10218017 0.10209772]"
8,-8.0,10,0.1,0.2,"[-30.0, -20.0, 0.0]","[1.0, 1.0, 1.0]","[10.53135944  9.95164005  9.32356072  9.95164005 10.48926109  9.94629684
  9.29452012  9.87652563 10.45448973  9.93829333  9.26504894  9.81011858]","[0.11691096 0.10929698 0.10713834 0.10870638 0.11450874 0.10822694
 0.10642218 0.10907966 0.10734611 0.10680258 0.10735889 0.10769904]"
8,-8.0,10,0.1,0.2,"[-30.0, 0.0, 0.0]","[0.6, 0.6, 1.0]","[10.53135944  9.95164005  9.32356072  9.95164005 10.50163266  9.94834755
  9.29980195  9.88994829 10.42491146  9.93002024  9.22932659  9.7356387 ]","[0.10627054 0.10339728 0.1026007  0.10318376 0.10128809 0.10106404
 0.10128786 0.10148265 0.10458595 0.10421081 0.10540371 0.10570694]"
8,-8.0,10,0.1,0.2,"[-30.0, 0.0, 0.0]","[1.0, 1.0, 1.0]","[10.53135944  9.95164005  9.32356072  9.95164005 10.48926109  9.94629684
  9.29452012  9.87652563 10.31907735  9.89389536  9.13556874  9.55419678]","[0.11691096 0.10929698 0.10713834 0.10870638 0.10316818 0.10289048
 0.10315509 0.10312446 0.12088635 0.11955462 0.12166741 0.12324928]"
8,-8.0,10,0.1,0.2,"[-30.0, 20.0, 0.0]","[0.6, 0.6, 1.0]","[10.53135944  9.95164005  9.32356072  9.95164005 10.50163266  9.94834755
  9.29980195  9.88994829 10.35560903  9.90563751  9.16516053  9.61760158]","[0.10627054 0.10339728 0.1026007  0.10318376 0.10280819 0.10345205
 0.10529926 0.10325919 0.10525667 0.10467094 0.10657342 0.10717089]"
8,-8.0,10,0.1,0.2,"[-30.0, 20.0, 0.0]","[1.0, 1.0, 1.0]","[10.53135944  9.95164005  9.32356072  9.95164005 10.48926109  9.94629684
  9.29452012  9.87652563 10.09016062  9.77864504  8.93344927  9.22604745]","[0.11691096 0.10929698 0.10713834 0.10870638 0.10736232 0.10943495
 0.11406044 0.10802383 0.12360389 0.12119677 0.12502992 0.12792068]"
8,-8.0,10,0.1,0.2,"[0.0, -20.0, 0.0]","[0.6, 0.6, 1.0]","[10.53135944  9.95164005  9.32356072  9.95164005 10.42306191  9.92967358
  9.22736557  9.73129871 10.47409421  9.94201271  9.27568725  9.83610067]","[0.10014746 0.10029642 0.10041153 0.10011158 0.10827887 0.10528348
 0.10528318 0.10723377 0.10194542 0.10178987 0.10242524 0.10234017]"
8,-8.0,10,0.1,0.2,"[0.0, -20.0, 0.0]","[1.0, 1.0, 1.0]","[10.53135944  9.95164005  9.32356072  9.95164005 10.31414122  9.89336357
  9.13010317  9.54160439 10.41609591  9.92214512  9.23055953  9.75040788]","[0.10040928 0.10082219 0.10114086 0.10030965 0.1309363  0.12336524
 0.12303679 0.12757017 0.11182087 0.11111449 0.1120235  0.11255158]"
8,-8.0,10,0.1,0.2,"[0.0, 0.0, 0.0]","[0.6, 0.6, 1.0]","[10.53135944  9.95164005  9.32356072  9.95164005 10.42306191  9.92967358
  9.22736557  9.73129871 10.40737562  9.92375679  9.21334619  9.70574171]","[0.10014746 0.10029642 0.10041153 0.10011158 0.10418659 0.10353661
 0.10455395 0.1054342  0.10501536 0.10460244 0.10600391 0.1063602 ]"
8,-8.0,10,0.1,0.2,"[0.0, 0.0, 0.0]","[1.0, 1.0, 1.0]","[10.53135944  9.95164005  9.32356072  9.95164005 10.31414122  9.89336357
  9.13010317  9.54160439 10.25106792  9.8514573   9.07432579  9.47097793]","[0.10040928 0.10082219 0.10114086 0.10030965 0.12004283 0.11874807
 0.12101619 0.12257785 0.12504155 0.12345528 0.12606229 0.12787637]"
8,-8.0,10,0.1,0.2,"[0.0, 20.0, 0.0]","[0.6, 0.6, 1.0]","[10.53135944  9.95164005  9.32356072  9.95164005 10.42306191  9.92967358
  9.22736557  9.73129871 10.32840626  9.89308425  9.14094181  9.57749563]","[0.10014746 0.10029642 0.10041153 0.10011158 0.10638879 0.10649401
 0.10953211 0.1081153  0.10986003 0.10911587 0.1113092  0.11211621]"
8,-8.0,10,0.1,0.2,"[0.0, 20.0, 0.0]","[1.0, 1.0, 1.0]","[10.53135944  9.95164005  9.32356072  9.95164005 10.31414122  9.89336357
  9.13010317  9.54160439 10.02744573  9.71182312  8.8858628   9.19624439]","[0.10040928 0.10082219 0.10114086 0.10030965 0.12595489 0.12648618
 0.13416662 0.12994329 0.1278242  0.12550284 0.12940569 0.13206021]"
8,-8.0,10,0.1,0.2,"[30.0, -20.0, 0.0]","[0.6, 0.6, 1.0]","[10.53135944  9.95164005  9.32356072  9.95164005 10.33479267  9.89648006
  9.14692825  9.58938117 10.46167367  9.93659764  9.26401992  9.81642426]","[0.10395016 0.1047336  0.10726655 0.10391574 0.11260525 0.10907903
 0.10964209 0.11221113 0.10209814 0.10195595 0.10272001 0.10262578]"
8,-8.0,10,0.1,0.2,"[30.0, -20.0, 0.0]","[1.0, 1.0, 1.0]","[10.53135944  9.95164005  9.32356072  9.95164005 10.01060595  9.72199881
  8.87567455  9.14867268 10.38767456  9.90186904  9.20137635  9.71381779]","[0.11077735 0.11288729 0.11952814 0.11068144 0.1345389  0.12518643
 0.12610783 0.13236541 0.11229137 0.11164162 0.11277189 0.11321841]"
8,-8.0,10,0.1,0.2,"[30.0, 0.0, 0.0]","[0.6, 0.6, 1.0]","[10.53135944  9.95164005  9.32356072  9.95164005 10.33479267  9.89648006
  9.14692825  9.58938117 10.38777999  9.91502846  9.19535488  9.67568802]","[0.10395016 0.1047336  0.10726655 0.10391574 0.10870951 0.10761119
 0.1094284  0.11086529 0.10542261 0.10498932 0.10658646 0.10697061]"
8,-8.0,10,0.1,0.2,"[30.0, 0.0, 0.0]","[1.0, 1.0, 1.0]","[10.53135944  9.95164005  9.32356072  9.95164005 10.01060595  9.72199881
  8.87567455  9.14867268 10.21956841  9.833254    9.04462904  9.42716244]","[0.11077735 0.11288729 0.11952814 0.11068144 0.12369223 0.12118248
 0.12534498 0.12831525 0.12583438 0.12419102 0.12710054 0.12899341]"
8,-8.0,10,0.1,0.2,"[30.0, 20.0, 0.0]","[0.6, 0.6, 1.0]","[10.53135944  9.95164005  9.32356072  9.95164005 10.33479267  9.89648006
  9.14692825  9.58938117 10.30344751  9.87877991  9.11911749  9.54605766]","[0.10395016 0.1047336  0.10726655 0.10391574 0.11161082 0.11110174
 0.11527277 0.11443627 0.11060758 0.10982314 0.11221512 0.11306061]"
8,-8.0,10,0.1,0.2,"[30.0, 20.0, 0.0]","[1.0, 1.0, 1.0]","[10.53135944  9.95164005  9.32356072  9.95164005 10.01060595  9.72199881
  8.87567455  9.14867268  9.99573025  9.6869668   8.86163395  9.16771638]","[0.11077735 0.11288729 0.11952814 0.11068144 0.13186515 0.13048157
 0.1412635  0.13867875 0.12868746 0.12636534 0.1304363  0.13307578]"
8,0.0,10,0.1,0.2,"[-30.0, -20.0, 0.0]","[0.6, 0.6, 1.0]","[10.53135944  9.95164005  9.32356072  9.95164005  9.83815204  9.44315867
  8.6864719   9.10556046  9.68212836  9.27950597  8.51574227  8.9196485 ]","[0.10627054 0.10339728 0.1026007  0.10318376 0.1268953  0.11854688
 0.11869875 0.12281089 0.12456733 0.11997895 0.12046349 0.12372067]"
8,0.0,10,0.1,0.2,"[-30.0, -20.0, 0.0]","[1.0, 1.0, 1.0]","[10.53135944  9.95164005  9.32356072  9.95164005  9.67663403  9.36738659
  8.50362515  8.79260886  9.60851584  9.20169551  8.39420345  8.76944668]","[0.11691096 0.10929698 0.10713834 0.10870638 0.15637732 0.13847161
 0.13869613 0.14801016 0.14332803 0.13590058 0.13601109 0.14139928]"
8,0.0,10,0.1,0.2,"[-30.0, 0.0, 0.0]","[0.6, 0.6, 1.0]","[10.53135944  9.95164005  9.32356072  9.95164005  9.83815204  9.44315867
  8.6864719   9.10556046  9.46398908  8.99700274  8.35777927  8.85538471]","[0.10627054 0.10339728 0.1026007  0.10318376 0.11629308 0.11328795
 0.11456188 0.11704459 0.124236   0.12300899 0.12356069 0.12372242]"
8,0.0,10,0.1,0.2,"[-30.0, 0.0, 0.0]","[1.0, 1.0, 1.0]","[10.53135944  9.95164005  9.32356072  9.95164005  9.67663403  9.36738659
  8.50362515  8.79260886  9.24078336  8.79911005  8.1238825   8.57659001]","[0.11691096 0.10929698 0.10713834 0.10870638 0.13308907 0.1268592
 0.12893952 0.13426379 0.14283438 0.14018274 0.14091526 0.14227207]"
8,0.0,10,0.1,0.2,"[-30.0, 20.0, 0.0]","[0.6, 0.6, 1.0]","[10.53135944  9.95164005  9.32356072  9.95164005  9.83815204  9.44315867
  8.6864719   9.10556046  9.5333875   8.92621534  8.46400885  9.10320849]","[0.10627054 0.10339728 0.1026007  0.10318376 0.11511428 0.11500867
 0.11930554 0.11835361 0.12178785 0.12453005 0.12412658 0.12053313]"
8,0.0,10,0.1,0.2,"[-30.0, 20.0, 0.0]","[1.0, 1.0, 1.0]","[10.53135944  9.95164005  9.32356072  9.95164005  9.67663403  9.36738659
  8.50362515  8.79260886  9.30366066  8.69928445  8.2841843   8.90276879]","[0.11691096 0.10929698 0.10713834 0.10870638 0.12958504 0.12995539
 0.1387252  0.1366782  0.13891512 0.14244589 0.14136933 0.1370804 ]"
8,0.0,10,0.1,0.2,"[0.0, -20.0, 0.0]","[0.6, 0.6, 1.0]","[10.53135944  9.95164005  9.32356072  9.95164005  9.57997861  9.05374578
  8.48364628  9.05192488  9.53792139  9.13097161  8.39797248  8.81707754]","[0.10014746 0.10029642 0.10041153 0.10011158 0.12600683 0.12142475
 0.11924192 0.12079021 0.1260713  0.12304807 0.12421238 0.12624003]"
8,0.0,10,0.1,0.2,"[0.0, -20.0, 0.0]","[1.0, 1.0, 1.0]","[10.53135944  9.95164005  9.32356072  9.95164005  9.10301925  8.60685518
  8.06824316  8.59974698  9.38599706  8.97471399  8.22986484  8.63252246]","[0.10040928 0.10082219 0.10114086 0.10030965 0.15376276 0.14433593
 0.13977799 0.14311207 0.14175939 0.13763158 0.1387039  0.14168928]"
8,0.0,10,0.1,0.2,"[0.0, 0.0, 0.0]","[0.6, 0.6, 1.0]","[10.53135944  9.95164005  9.32356072  9.95164005  9.57997861  9.05374578
  8.48364628  9.05192488  9.34260571  8.82918914  8.27838364  8.82942136]","[0.10014746 0.10029642 0.10041153 0.10011158 0.11753114 0.11796609
 0.11829526 0.11740166 0.12617007 0.12715486 0.12780943 0.1258322 ]"
8,0.0,10,0.1,0.2,"[0.0, 0.0, 0.0]","[1.0, 1.0, 1.0]","[10.53135944  9.95164005  9.32356072  9.95164005  9.10301925  8.60685518
  8.06824316  8.59974698  9.10191398  8.60544999  8.07379747  8.60128164]","[0.10040928 0.10082219 0.10114086 0.10030965 0.13640254 0.13725782
 0.13789722 0.13613533 0.14201663 0.14313991 0.14382692 0.14159686]"
8,0.0,10,0.1,0.2,"[0.0, 20.0, 0.0]","[0.6, 0.6, 1.0]","[10.53135944  9.95164005  9.32356072  9.95164005  9.57997861  9.05374578
  8.48364628  9.05192488  9.50884344  8.84538805  8.46106858  9.14008659]","[0.10014746 0.10029642 0.10041153 0.10011158 0.12126881 0.12382647
 0.1283614  0.12232658 0.12356235 0.1283966  0.12822136 0.12249999]"
8,0.0,10,0.1,0.2,"[0.0, 20.0, 0.0]","[1.0, 1.0, 1.0]","[10.53135944  9.95164005  9.32356072  9.95164005  9.10301925  8.60685518
  8.06824316  8.59974698  9.33658986  8.68772828  8.33880578  8.98684253]","[0.10040928 0.10082219 0.10114086 0.10030965 0.14402539 0.14923359
 0.1583258  0.1462378  0.13818977 0.14422717 0.144163   0.13713597]"
8,0.0,10,0.1,0.2,"[30.0, -20.0, 0.0]","[0.6, 0.6, 1.0]","[10.53135944  9.95164005  9.32356072  9.95164005  9.82426025  9.11979354
  8.71466113  9.44439877  9.5475263   9.09869306  8.43330239  8.91426971]","[0.10395016 0.1047336  0.10726655 0.10391574 0.11741778 0.11796794
 0.11443152 0.11321905 0.12236581 0.12168193 0.12305458 0.12282901]"
8,0.0,10,0.1,0.2,"[30.0, -20.0, 0.0]","[1.0, 1.0, 1.0]","[10.53135944  9.95164005  9.32356072  9.95164005  9.6439628   8.83857683
  8.57851998  9.36958511  9.32957162  8.89912023  8.22006287  8.66422744]","[0.11077735 0.11288729 0.11952814 0.11068144 0.13446928 0.13563112
 0.1282864  0.12625578 0.13953767 0.13862233 0.14054561 0.14058393]"
8,0.0,10,0.1,0.2,"[30.0, 0.0, 0.0]","[0.6, 0.6, 1.0]","[10.53135944  9.95164005  9.32356072  9.95164005  9.82426025  9.11979354
  8.71466113  9.44439877  9.44814049  8.86666326  8.39064579  9.00543711]","[0.10395016 0.1047336  0.10726655 0.10391574 0.11466814 0.11817429
 0.1172837  0.11327731 0.1224924  0.12558517 0.1261925  0.12210645]"
8,0.0,10,0.1,0.2,"[30.0, 0.0, 0.0]","[1.0, 1.0, 1.0]","[10.53135944  9.95164005  9.32356072  9.95164005  9.6439628   8.83857683
  8.57851998  9.36958511  9.19633182  8.61092158  8.20637986  8.81139757]","[0.11077735 0.11288729 0.11952814 0.11068144 0.1292602  0.13679123
 0.13526269 0.12692295 0.14001897 0.1447607  0.14520162 0.13930752]"
8,0.0,10,0.1,0.2,"[30.0, 20.0, 0.0]","[0.6, 0.6, 1.0]","[10.53135944  9.95164005  9.32356072  9.95164005  9.82426025  9.11979354
  8.71466113  9.44439877  9.65340335  8.95460813  8.58431573  9.28912216]","[0.10395016 0.1047336  0.10726655 0.10391574 0.12178083 0.12623208
 0.1284989  0.11950304 0.12058904 0.12639783 0.12681421 0.11978992]"
8,0.0,10,0.1,0.2,"[30.0, 20.0, 0.0]","[1.0, 1.0, 1.0]","[10.53135944  9.95164005  9.32356072  9.95164005  9.6439628   8.83857683
  8.57851998  9.36958511  9.55332072  8.84426803  8.5276391   9.21621231]","[0.11077735 0.11288729 0.11952814 0.11068144 0.14564512 0.15556091
 0.1596122  0.14056048 0.13710688 0.14503366 0.14588123 0.13608945]"
8,8.0,10,0.1,0.2,"[-30.0, -20.0, 0.0]","[0.6, 0.6, 1.0]","[10.53135944  9.95164005  9.32356072  9.95164005 10.33247955  9.58916352
  9.15130891  9.89825066 10.30496953  9.54885484  9.12676017  9.88382539]","[0.10627054 0.10339728 0.1026007  0.10318376 0.11241888 0.11223324
 0.10893608 0.10804218 0.11090155 0.11340195 0.11122903 0.10885377]"
8,8.0,10,0.1,0.2,"[-30.0, -20.0, 0.0]","[1.0, 1.0, 1.0]","[10.53135944  9.95164005  9.32356072  9.95164005 10.02006474  9.14278138
  8.867748    9.72874645 10.01072355  9.16823775  8.85907665  9.69832598]","[0.11691096 0.10929698 0.10713834 0.10870638 0.1372862  0.13638274
 0.12827131 0.12592129 0.12893821 0.13318225 0.12900186 0.12514312]"
8,8.0,10,0.1,0.2,"[-30.0, 0.0, 0.0]","[0.6, 0.6, 1.0]","[10.53135944  9.95164005  9.32356072  9.95164005 10.33247955  9.58916352
  9.15130891  9.89825066 10.39162591  9.68170378  9.20017807  9.91761562]","[0.10627054 0.10339728 0.1026007  0.10318376 0.10754881 0.10956447
 0.10751434 0.10585613 0.10544895 0.10747199 0.10629963 0.10425168]"
8,8.0,10,0.1,0.2,"[-30.0, 0.0, 0.0]","[1.0, 1.0, 1.0]","[10.53135944  9.95164005  9.32356072  9.95164005 10.02006474  9.14278138
  8.867748    9.72874645 10.2251796   9.43753721  9.05406808  9.83899634]","[0.11691096 0.10929698 0.10713834 0.10870638 0.12404639 0.12861749
 0.12410144 0.12007397 0.12585844 0.12933463 0.12661548 0.1234097 ]"
8,8.0,10,0.1,0.2,"[-30.0, 20.0, 0.0]","[0.6, 0.6, 1.0]","[10.53135944  9.95164005  9.32356072  9.95164005 10.33247955  9.58916352
  9.15130891  9.89825066 10.46527958  9.81916252  9.26380233  9.93752826]","[0.10627054 0.10339728 0.1026007  0.10318376 0.10950926 0.11240252
 0.11225657 0.10814014 0.10188667 0.103337   0.1031487  0.10144194]"
8,8.0,10,0.1,0.2,"[-30.0, 20.0, 0.0]","[1.0, 1.0, 1.0]","[10.53135944  9.95164005  9.32356072  9.95164005 10.02006474  9.14278138
  8.867748    9.72874645 10.39217996  9.71339905  9.19838458  9.90426403]","[0.11691096 0.10929698 0.10713834 0.10870638 0.12963299 0.13681071
 0.13696655 0.12611925 0.11196067 0.11410847 0.11353572 0.11115141]"
8,8.0,10,0.1,0.2,"[0.0, -20.0, 0.0]","[0.6, 0.6, 1.0]","[10.53135944  9.95164005  9.32356072  9.95164005 10.42303234  9.73103212
  9.22733438  9.92981574 10.32942762  9.58247026  9.14817278  9.8961721 ]","[0.10014746 0.10029642 0.10041153 0.10011158 0.10824907 0.10747933
 0.10528245 0.10500263 0.10855938 0.11094634 0.10906204 0.10675114]"
8,8.0,10,0.1,0.2,"[0.0, -20.0, 0.0]","[1.0, 1.0, 1.0]","[10.53135944  9.95164005  9.32356072  9.95164005 10.31414133  9.54102592
  9.13010707  9.89407574 10.04043281  9.19998341  8.88754646  9.72244743]","[0.10040928 0.10082219 0.10114086 0.10030965 0.13084488 0.12823794
 0.12307178 0.12263539 0.12798739 0.13221022 0.12827234 0.12441252]"
8,8.0,10,0.1,0.2,"[0.0, 0.0, 0.0]","[0.6, 0.6, 1.0]","[10.53135944  9.95164005  9.32356072  9.95164005 10.42303234  9.73103212
  9.22733438  9.92981574 10.40988529  9.70996789  9.21556307  9.92474328]","[0.10014746 0.10029642 0.10041153 0.10011158 0.10417937 0.1056479
 0.10454877 0.10330615 0.10497636 0.10691148 0.10596687 0.10396886]"
8,8.0,10,0.1,0.2,"[0.0, 0.0, 0.0]","[1.0, 1.0, 1.0]","[10.53135944  9.95164005  9.32356072  9.95164005 10.31414133  9.54102592
  9.13010707  9.89407574 10.25795401  9.48092411  9.08041768  9.85561705]","[0.10040928 0.10082219 0.10114086 0.10030965 0.12002901 0.12316049
 0.12100834 0.11814713 0.12493458 0.12829986 0.12596225 0.12280719]"
8,8.0,10,0.1,0.2,"[0.0, 20.0, 0.0]","[0.6, 0.6, 1.0]","[10.53135944  9.95164005  9.32356072  9.95164005 10.42303234  9.73103212
  9.22733438  9.92981574 10.47687575  9.83614423  9.27286008  9.94210914]","[0.10014746 0.10029642 0.10041153 0.10011158 0.10638911 0.10879691
 0.10952384 0.1058014  0.10167306 0.10309956 0.10306647 0.1013584 ]"
8,8.0,10,0.1,0.2,"[0.0, 20.0, 0.0]","[1.0, 1.0, 1.0]","[10.53135944  9.95164005  9.32356072  9.95164005 10.31414133  9.54102592
  9.13010707  9.89407574 10.42451225  9.7491529   9.22062953  9.92230551]","[0.10040928 0.10082219 0.10114086 0.10030965 0.12601888 0.13179464
 0.13414196 0.12468905 0.1113345  0.1134955  0.1131956  0.11078363]"
8,8.0,10,0.1,0.2,"[30.0, -20.0, 0.0]","[0.6, 0.6, 1.0]","[10.53135944  9.95164005  9.32356072  9.95164005 10.50297015  9.88806474
  9.29671369  9.94826158 10.3564253   9.62252577  9.17175601  9.90810334]","[0.10395016 0.1047336  0.10726655 0.10391574 0.10434445 0.1028619
 0.10187313 0.10218755 0.10539307 0.10763999 0.10607926 0.1038493 ]"
8,8.0,10,0.1,0.2,"[30.0, -20.0, 0.0]","[1.0, 1.0, 1.0]","[10.53135944  9.95164005  9.32356072  9.95164005 10.49371689  9.87075472
  9.28455162  9.94596485 10.09800139  9.23432996  8.94513994  9.78959771]","[0.11077735 0.11288729 0.11952814 0.11068144 0.11152831 0.10696384
 0.10480788 0.10599243 0.12375768 0.12823399 0.12423819 0.12026306]"
8,8.0,10,0.1,0.2,"[30.0, 0.0, 0.0]","[0.6, 0.6, 1.0]","[10.53135944  9.95164005  9.32356072  9.95164005 10.50297015  9.88806474
  9.29671369  9.94826158 10.42741392  9.73927716  9.23069225  9.93074588]","[0.10395016 0.1047336  0.10726655 0.10391574 0.10109344 0.10185046
 0.10178336 0.10096601 0.10447137 0.10631977 0.10559011 0.10364476]"
8,8.0,10,0.1,0.2,"[30.0, 0.0, 0.0]","[1.0, 1.0, 1.0]","[10.53135944  9.95164005  9.32356072  9.95164005 10.49371689  9.87075472
  9.28455162  9.94596485 10.32621081  9.56337744  9.1390346   9.89660561]","[0.11077735 0.11288729 0.11952814 0.11068144 0.10262315 0.10415096
 0.10454168 0.10261969 0.12071402 0.12386047 0.12199497 0.11905205]"
8,8.0,10,0.1,0.2,"[30.0, 20.0, 0.0]","[0.6, 0.6, 1.0]","[10.53135944  9.95164005  9.32356072  9.95164005 10.50297015  9.88806474
  9.29671369  9.94826158 10.48526868  9.85084192  9.28017521  9.94472363]","[0.10395016 0.1047336  0.10726655 0.10391574 0.10355139 0.10524575
 0.10686575 0.10361386 0.10149179 0.102904   0.10299645 0.10128255]"
8,8.0,10,0.1,0.2,"[30.0, 20.0, 0.0]","[1.0, 1.0, 1.0]","[10.53135944  9.95164005  9.32356072  9.95164005 10.49371689  9.87075472
  9.28455162  9.94596485 10.46244589  9.80698365  9.2536023   9.93810008]","[0.11077735 0.11288729 0.11952814 0.11068144 0.1093845  0.11344679
 0.11829271 0.10986661 0.10678979 0.10875469 0.10883215 0.10656723]"
4,-8.0,10,0.2,0.1,"[-30.0, -20.0, 0.0]","[0.6, 0.6, 1.0]","[10.2622412   9.97269997  9.6558587   9.97269997  9.92154617  9.85625551
  9.33506436  9.36244074  9.82204623  9.79734248  9.23971593  9.22157717]","[0.20317978 0.20170779 0.20127647 0.20155923 0.21775147 0.21016329
 0.2147405  0.22312934 0.21797935 0.21150567 0.21713895 0.22515771]"
4,-8.0,10,0.2,0.1,"[-30.0, -20.0, 0.0]","[1.0, 1.0, 1.0]","[10.2622412   9.97269997  9.6558587   9.97269997  9.79359032  9.80726288
  9.21478265  9.14385247  9.65440516  9.70151709  9.07696358  8.98147417]","[0.20876196 0.2047255  0.20353498 0.20431374 0.23925416 0.22444336
 0.23106556 0.24621706 0.23709973 0.22727276 0.23534906 0.24740344]"
4,-8.0,10,0.2,0.1,"[-30.0, 0.0, 0.0]","[0.6, 0.6, 1.0]","[10.2622412   9.97269997  9.6558587   9.97269997  9.92154617  9.85625551
  9.33506436  9.36244074  9.67375354  9.69987764  9.10087129  9.02693265]","[0.20317978 0.20170779 0.20127647 0.20155923 0.2138725  0.20856442
 0.21328728 0.2201348  0.22057573 0.21369258 0.22087292 0.22943031]"
4,-8.0,10,0.2,0.1,"[-30.0, 0.0, 0.0]","[1.0, 1.0, 1.0]","[10.2622412   9.97269997  9.6558587   9.97269997  9.79359032  9.80726288
  9.21478265  9.14385247  9.36462365  9.49548067  8.80598823  8.62119125]","[0.20876196 0.2047255  0.20353498 0.20431374 0.22865725 0.22015447
 0.22702715 0.23777336 0.24274118 0.23222079 0.24300894 0.2558193 ]"
4,-8.0,10,0.2,0.1,"[-30.0, 20.0, 0.0]","[0.6, 0.6, 1.0]","[10.2622412   9.97269997  9.6558587   9.97269997  9.92154617  9.85625551
  9.33506436  9.36244074  9.61075494  9.6391626   9.04615651  8.98286087]","[0.20317978 0.20170779 0.20127647 0.20155923 0.21365824 0.20956385
 0.21516555 0.21988972 0.221971   0.21528775 0.22311949 0.23130455]"
4,-8.0,10,0.2,0.1,"[-30.0, 20.0, 0.0]","[1.0, 1.0, 1.0]","[10.2622412   9.97269997  9.6558587   9.97269997  9.79359032  9.80726288
  9.21478265  9.14385247  9.18621394  9.31454077  8.66010415  8.49303709]","[0.20876196 0.2047255  0.20353498 0.20431374 0.22803316 0.22282661
 0.23213181 0.23707632 0.24774718 0.23724296 0.24896387 0.26169108]"
4,-8.0,10,0.2,0.1,"[0.0, -20.0, 0.0]","[0.6, 0.6, 1.0]","[10.2622412   9.97269997  9.6558587   9.97269997  9.69827488  9.71389435
  9.12534421  9.06276108  9.75194129  9.75397626  9.17375982  9.12412514]","[0.20007744 0.20014495 0.20019144 0.20005323 0.22127417 0.21280616
 0.21882219 0.22817979 0.22012989 0.21325978 0.21969503 0.22822548]"
4,-8.0,10,0.2,0.1,"[0.0, -20.0, 0.0]","[1.0, 1.0, 1.0]","[10.2622412   9.97269997  9.6558587   9.97269997  9.33474415  9.4973572
  8.78388453  8.55410369  9.54499019  9.62505395  8.97366241  8.83784721]","[0.20021506 0.20040249 0.20053153 0.20014783 0.24635935 0.23028867
 0.23984959 0.25626215 0.23913435 0.22904995 0.23822515 0.25064198]"
4,-8.0,10,0.2,0.1,"[0.0, 0.0, 0.0]","[0.6, 0.6, 1.0]","[10.2622412   9.97269997  9.6558587   9.97269997  9.69827488  9.71389435
  9.12534421  9.06276108  9.58394974  9.63706109  9.01817336  8.91673919]","[0.20007744 0.20014495 0.20019144 0.20005323 0.21821512 0.21168281
 0.21851668 0.22684812 0.22335637 0.21597594 0.22409899 0.23325736]"
4,-8.0,10,0.2,0.1,"[0.0, 0.0, 0.0]","[1.0, 1.0, 1.0]","[10.2622412   9.97269997  9.6558587   9.97269997  9.33474415  9.4973572
  8.78388453  8.55410369  9.23772403  9.39169134  8.69414103  8.48900396]","[0.20021506 0.20040249 0.20053153 0.20014783 0.23822705 0.22743538
 0.23900478 0.25248913 0.24581905 0.234927   0.24675108 0.25998709]"
4,-8.0,10,0.2,0.1,"[0.0, 20.0, 0.0]","[0.6, 0.6, 1.0]","[10.2622412   9.97269997  9.6558587   9.97269997  9.69827488  9.71389435
  9.12534421  9.06276108  9.52232812  9.56675915  8.96644812  8.89157093]","[0.20007744 0.20014495 0.20019144 0.20005323 0.21963532 0.21360275
 0.22212037 0.22890576 0.22499117 0.2179097  0.22655461 0.23519763]"
4,-8.0,10,0.2,0.1,"[0.0, 20.0, 0.0]","[1.0, 1.0, 1.0]","[10.2622412   9.97269997  9.6558587   9.97269997  9.33474415  9.4973572
  8.78388453  8.55410369  9.09885318  9.21441712  8.58987612  8.44635608]","[0.20021506 0.20040249 0.20053153 0.20014783 0.24202096 0.23228962
 0.24853996 0.2582858  0.25045721 0.24017331 0.2520604  0.26453016]"
4,-8.0,10,0.2,0.1,"[30.0, -20.0, 0.0]","[0.6, 0.6, 1.0]","[10.2622412   9.97269997  9.6558587   9.97269997  9.67755048  9.66999401
  9.10918095  9.09670355  9.70929099  9.72399704  9.1337802   9.07142496]","[0.20195596 0.20227252 0.20349072 0.20189882 0.22071284 0.21334569
 0.21877651 0.2265159  0.22097396 0.21409563 0.22097672 0.22951468]"
4,-8.0,10,0.2,0.1,"[30.0, -20.0, 0.0]","[1.0, 1.0, 1.0]","[10.2622412   9.97269997  9.6558587   9.97269997  9.21194599  9.30664548
  8.6876995   8.56939768  9.44977436  9.54838879  8.88507683  8.72889974]","[0.20540823 0.20628103 0.2096127  0.20525068 0.24684065 0.23389642
 0.24126218 0.25356157 0.24107739 0.23102059 0.24093279 0.25333303]"
4,-8.0,10,0.2,0.1,"[30.0, 0.0, 0.0]","[0.6, 0.6, 1.0]","[10.2622412   9.97269997  9.6558587   9.97269997  9.67755048  9.66999401
  9.10918095  9.09670355  9.53496671  9.59323896  8.97402336  8.8732659 ]","[0.20195596 0.20227252 0.20349072 0.20189882 0.21901872 0.21294403
 0.2198746  0.22729628 0.2245863  0.21722084 0.22570384 0.23477735]"
4,-8.0,10,0.2,0.1,"[30.0, 0.0, 0.0]","[1.0, 1.0, 1.0]","[10.2622412   9.97269997  9.6558587   9.97269997  9.21194599  9.30664548
  8.6876995   8.56939768  9.13867782  9.28659503  8.6094211   8.42569939]","[0.20540823 0.20628103 0.2096127  0.20525068 0.24249706 0.23294834
 0.24442169 0.25605708 0.24855738 0.23793001 0.24997639 0.26264503]"
4,-8.0,10,0.2,0.1,"[30.0, 20.0, 0.0]","[0.6, 0.6, 1.0]","[10.2622412   9.97269997  9.6558587   9.97269997  9.67755048  9.66999401
  9.10918095  9.09670355  9.48745179  9.52428959  8.93581301  8.87782852]","[0.20195596 0.20227252 0.20349072 0.20189882 0.22213299 0.21572018
 0.22489479 0.23159435 0.22619878 0.21923388 0.22801309 0.23642485]"
4,-8.0,10,0.2,0.1,"[30.0, 20.0, 0.0]","[1.0, 1.0, 1.0]","[10.2622412   9.97269997  9.6558587   9.97269997  9.21194599  9.30664548
  8.6876995   8.56939768  9.05624262  9.12785416  8.55627595  8.47620863]","[0.20540823 0.20628103 0.2096127  0.20525068 0.25130054 0.24033303
 0.25804356 0.2683607  0.25252557 0.24306228 0.25429085 0.26558331]"
4,0.0,10,0.2,0.1,"[-30.0, -20.0, 0.0]","[0.6, 0.6, 1.0]","[10.2622412   9.97269997  9.6558587   9.97269997  9.45160479  9.29772562
  8.8847252   9.06696054  9.19703993  9.07652727  8.61707608  8.73646153]","[0.20317978 0.20170779 0.20127647 0.20155923 0.23517942 0.22657093
 0.22773653 0.23199425 0.24354733 0.23433559 0.23577618 0.24243963]"
4,0.0,10,0.2,0.1,"[-30.0, -20.0, 0.0]","[1.0, 1.0, 1.0]","[10.2622412   9.97269997  9.6558587   9.97269997  9.08609018  9.05116069
  8.51788921  8.55489085  8.9958015   8.90936821  8.37338999  8.42035577]","[0.20876196 0.2047255  0.20353498 0.20431374 0.27291974 0.2518169
 0.25509492 0.26652319 0.27243523 0.25578093 0.25763182 0.26950741]"
4,0.0,10,0.2,0.1,"[-30.0, 0.0, 0.0]","[0.6, 0.6, 1.0]","[10.2622412   9.97269997  9.6558587   9.97269997  9.45160479  9.29772562
  8.8847252   9.06696054  9.04388525  8.85886332  8.49245695  8.69169863]","[0.20317978 0.20170779 0.20127647 0.20155923 0.22677308 0.22224261
 0.22411125 0.22750155 0.24153083 0.23788284 0.23884816 0.2412749 ]"
4,0.0,10,0.2,0.1,"[-30.0, 0.0, 0.0]","[1.0, 1.0, 1.0]","[10.2622412   9.97269997  9.6558587   9.97269997  9.08609018  9.05116069
  8.51788921  8.55489085  8.73409725  8.59553736  8.16490241  8.29808345]","[0.20876196 0.2047255  0.20353498 0.20431374 0.2528504  0.24161274
 0.24586203 0.25488671 0.2676182  0.2597813  0.26158358 0.26733742]"
4,0.0,10,0.2,0.1,"[-30.0, 20.0, 0.0]","[0.6, 0.6, 1.0]","[10.2622412   9.97269997  9.6558587   9.97269997  9.45160479  9.29772562
  8.8847252   9.06696054  9.09684608  8.80645179  8.56499754  8.88339182]","[0.20317978 0.20170779 0.20127647 0.20155923 0.22403488 0.22204061
 0.22558397 0.2270306  0.23727343 0.23950684 0.23917804 0.23589134]"
4,0.0,10,0.2,0.1,"[-30.0, 20.0, 0.0]","[1.0, 1.0, 1.0]","[10.2622412   9.97269997  9.6558587   9.97269997  9.08609018  9.05116069
  8.51788921  8.55489085  8.74934422  8.47170149  8.23949331  8.53705393]","[0.20876196 0.2047255  0.20353498 0.20431374 0.24519005 0.24031751
 0.24822819 0.2528051  0.26062227 0.2631943  0.26261047 0.25867636]"
4,0.0,10,0.2,0.1,"[0.0, -20.0, 0.0]","[0.6, 0.6, 1.0]","[10.2622412   9.97269997  9.6558587   9.97269997  9.26809596  9.00681341
  8.72104681  9.00630443  9.06469568  8.9156964   8.50654185  8.67062239]","[0.20007744 0.20014495 0.20019144 0.20005323 0.23346413 0.23057995
 0.22900716 0.23001861 0.24353222 0.23805756 0.23967457 0.24361134]"
4,0.0,10,0.2,0.1,"[0.0, -20.0, 0.0]","[1.0, 1.0, 1.0]","[10.2622412   9.97269997  9.6558587   9.97269997  8.72734431  8.48235877
  8.21412721  8.48023874  8.79713702  8.67296633  8.22791453  8.3501351 ]","[0.20021506 0.20040249 0.20053153 0.20014783 0.26575208 0.2594292
 0.25589066 0.25819677 0.26598959 0.25753545 0.25955644 0.2658175 ]"
4,0.0,10,0.2,0.1,"[0.0, 0.0, 0.0]","[0.6, 0.6, 1.0]","[10.2622412   9.97269997  9.6558587   9.97269997  9.26809596  9.00681341
  8.72104681  9.00630443  8.93665367  8.68207988  8.41167815  8.68743426]","[0.20007744 0.20014495 0.20019144 0.20005323 0.22836699 0.22868073
 0.22889108 0.22823267 0.24289423 0.24380418 0.24420494 0.24241495]"
4,0.0,10,0.2,0.1,"[0.0, 0.0, 0.0]","[1.0, 1.0, 1.0]","[10.2622412   9.97269997  9.6558587   9.97269997  8.72734431  8.48235877
  8.21412721  8.48023874  8.6098384   8.36450761  8.10879284  8.37104399]","[0.20021506 0.20040249 0.20053153 0.20014783 0.25474574 0.2554418
 0.25590592 0.25443488 0.26429575 0.2656116  0.26608424 0.26355146]"
4,0.0,10,0.2,0.1,"[0.0, 20.0, 0.0]","[0.6, 0.6, 1.0]","[10.2622412   9.97269997  9.6558587   9.97269997  9.26809596  9.00681341
  8.72104681  9.00630443  9.05028016  8.67805956  8.53757831  8.92526988]","[0.20007744 0.20014495 0.20019144 0.20005323 0.2301321  0.23191583
 0.23477504 0.23095652 0.23980544 0.24623206 0.24539297 0.23758331]"
4,0.0,10,0.2,0.1,"[0.0, 20.0, 0.0]","[1.0, 1.0, 1.0]","[10.2622412   9.97269997  9.6558587   9.97269997  8.72734431  8.48235877
  8.21412721  8.48023874  8.76567964  8.37271717  8.2959396   8.68908817]","[0.20021506 0.20040249 0.20053153 0.20014783 0.25832891 0.26235683
 0.26861675 0.26025796 0.26002803 0.26967471 0.26840558 0.25689155]"
4,0.0,10,0.2,0.1,"[30.0, -20.0, 0.0]","[0.6, 0.6, 1.0]","[10.2622412   9.97269997  9.6558587   9.97269997  9.44626327  9.0706442
  8.89421672  9.29821758  9.09889283  8.87696202  8.55892067  8.80962054]","[0.20195596 0.20227252 0.20349072 0.20189882 0.22477842 0.22731363
 0.22401997 0.22111167 0.23780562 0.23727431 0.2381509  0.23765427]"
4,0.0,10,0.2,0.1,"[30.0, -20.0, 0.0]","[1.0, 1.0, 1.0]","[10.2622412   9.97269997  9.6558587   9.97269997  9.06749026  8.57063147
  8.55296434  9.05267408  8.74845136  8.5293085   8.23234529  8.47375832]","[0.20540823 0.20628103 0.2096127  0.20525068 0.24645486 0.25358687
 0.24537369 0.23840104 0.26089839 0.26114877 0.26198939 0.26043239]"
4,0.0,10,0.2,0.1,"[30.0, 0.0, 0.0]","[0.6, 0.6, 1.0]","[10.2622412   9.97269997  9.6558587   9.97269997  9.44626327  9.0706442
  8.89421672  9.29821758  9.03290755  8.69447973  8.51612716  8.86972079]","[0.20195596 0.20227252 0.20349072 0.20189882 0.22465548 0.22873706
 0.22752562 0.22233459 0.23855607 0.2435646  0.24317436 0.23712379]"
4,0.0,10,0.2,0.1,"[30.0, 0.0, 0.0]","[1.0, 1.0, 1.0]","[10.2622412   9.97269997  9.6558587   9.97269997  9.06749026  8.57063147
  8.55296434  9.05267408  8.70053609  8.3172925   8.23416718  8.61610931]","[0.20540823 0.20628103 0.2096127  0.20525068 0.24746612 0.2580424
 0.25454562 0.2419184  0.26180022 0.27121122 0.26986818 0.25880631]"
4,0.0,10,0.2,0.1,"[30.0, 20.0, 0.0]","[0.6, 0.6, 1.0]","[10.2622412   9.97269997  9.6558587   9.97269997  9.44626327  9.0706442
  8.89421672  9.29821758  9.17836199  8.75206498  8.65969256  9.08624333]","[0.20195596 0.20227252 0.20349072 0.20189882 0.23045053 0.23473383
 0.23591922 0.2271805  0.23740197 0.24592905 0.24519973 0.23438518]"
4,0.0,10,0.2,0.1,"[30.0, 20.0, 0.0]","[1.0, 1.0, 1.0]","[10.2622412   9.97269997  9.6558587   9.97269997  9.06749026  8.57063147
  8.55296434  9.05267408  8.95136048  8.46736689  8.47549698  8.92561886]","[0.20540823 0.20628103 0.2096127  0.20525068 0.26193608 0.27326057
 0.27434347 0.25323523 0.26153739 0.27530001 0.27420457 0.25618811]"
4,8.0,10,0.2,0.1,"[-30.0, -20.0, 0.0]","[0.6, 0.6, 1.0]","[10.2622412   9.97269997  9.6558587   9.97269997  9.68034447  9.09581934
  9.10576813  9.67029282  9.5005374   8.87569509  8.92927166  9.5311384 ]","[0.20317978 0.20170779 0.20127647 0.20155923 0.22402331 0.23035778
 0.22029814 0.21427577 0.2267213  0.23549603 0.22549326 0.21798589]"
4,8.0,10,0.2,0.1,"[-30.0, -20.0, 0.0]","[1.0, 1.0, 1.0]","[10.2622412   9.97269997  9.6558587   9.97269997  9.22861045  8.56549086
  8.66488031  9.30507431  9.09352471  8.45784721  8.51273353  9.13664772]","[0.20876196 0.2047255  0.20353498 0.20431374 0.25590356 0.26483633
 0.24620886 0.23663043 0.25246325 0.26343223 0.25053085 0.24101806]"
4,8.0,10,0.2,0.1,"[-30.0, 0.0, 0.0]","[0.6, 0.6, 1.0]","[10.2622412   9.97269997  9.6558587   9.97269997  9.68034447  9.09581934
  9.10576813  9.67029282  9.54527535  8.87867313  8.97814817  9.60095416]","[0.20317978 0.20170779 0.20127647 0.20155923 0.21947177 0.22680111
 0.21855925 0.21245995 0.2245151  0.23459758 0.2248186  0.21637837]"
4,8.0,10,0.2,0.1,"[-30.0, 0.0, 0.0]","[1.0, 1.0, 1.0]","[10.2622412   9.97269997  9.6558587   9.97269997  9.22861045  8.56549086
  8.66488031  9.30507431  9.16387665  8.42930058  8.60869009  9.30372364]","[0.20876196 0.2047255  0.20353498 0.20431374 0.2434498  0.25454057
 0.24109048 0.23171972 0.24805974 0.26189533 0.24845752 0.23652982]"
4,8.0,10,0.2,0.1,"[-30.0, 20.0, 0.0]","[0.6, 0.6, 1.0]","[10.2622412   9.97269997  9.6558587   9.97269997  9.68034447  9.09581934
  9.10576813  9.67029282  9.71667476  9.08167304  9.1414495   9.72896711]","[0.20317978 0.20170779 0.20127647 0.20155923 0.21957937 0.22705633
 0.22080003 0.21343594 0.22014792 0.23003658 0.22180641 0.2136602 ]"
4,8.0,10,0.2,0.1,"[-30.0, 20.0, 0.0]","[1.0, 1.0, 1.0]","[10.2622412   9.97269997  9.6558587   9.97269997  9.22861045  8.56549086
  8.66488031  9.30507431  9.46476911  8.75004611  8.90157557  9.5590961 ]","[0.20876196 0.2047255  0.20353498 0.20431374 0.24357904 0.25486177
 0.2468422  0.23417069 0.23956548 0.25374994 0.24213675 0.23043899]"
4,8.0,10,0.2,0.1,"[0.0, -20.0, 0.0]","[0.6, 0.6, 1.0]","[10.2622412   9.97269997  9.6558587   9.97269997  9.69836574  9.06320107
  9.12543535  9.71396533  9.53381301  8.89421093  8.96591318  9.57399435]","[0.20007744 0.20014495 0.20019144 0.20005323 0.22118057 0.2282839
 0.2188021  0.21254491 0.22537828 0.23449906 0.22462697 0.21689216]"
4,8.0,10,0.2,0.1,"[0.0, -20.0, 0.0]","[1.0, 1.0, 1.0]","[10.2622412   9.97269997  9.6558587   9.97269997  9.33511459  8.55598337
  8.78425551  9.49750978  9.13084652  8.44294038  8.56947876  9.22767346]","[0.20021506 0.20040249 0.20053153 0.20014783 0.24606011 0.25645711
 0.23983865 0.22965059 0.2504225  0.26271972 0.24901323 0.23851629]"
4,8.0,10,0.2,0.1,"[0.0, 0.0, 0.0]","[0.6, 0.6, 1.0]","[10.2622412   9.97269997  9.6558587   9.97269997  9.69836574  9.06320107
  9.12543535  9.71396533  9.59226398  8.92569915  9.02598867  9.64401772]","[0.20007744 0.20014495 0.20019144 0.20005323 0.21818031 0.22692998
 0.2184858  0.2114924  0.2230871  0.23328231 0.22384286 0.21536504]"
4,8.0,10,0.2,0.1,"[0.0, 0.0, 0.0]","[1.0, 1.0, 1.0]","[10.2622412   9.97269997  9.6558587   9.97269997  9.33511459  8.55598337
  8.78425551  9.49750978  9.25521658  8.50639827  8.7105451   9.40790806]","[0.20021506 0.20040249 0.20053153 0.20014783 0.23812863 0.25264725
 0.23891756 0.2269689  0.24518409 0.25953207 0.24614514 0.23398298]"
4,8.0,10,0.2,0.1,"[0.0, 20.0, 0.0]","[0.6, 0.6, 1.0]","[10.2622412   9.97269997  9.6558587   9.97269997  9.69836574  9.06320107
  9.12543535  9.71396533  9.75773095  9.13518441  9.18197111  9.75789092]","[0.20007744 0.20014495 0.20019144 0.20005323 0.21961881 0.22927393
 0.22206638 0.21312295 0.21906961 0.2289584  0.22117738 0.21303993]"
4,8.0,10,0.2,0.1,"[0.0, 20.0, 0.0]","[1.0, 1.0, 1.0]","[10.2622412   9.97269997  9.6558587   9.97269997  9.33511459  8.55598337
  8.78425551  9.49750978  9.55461506  8.8622116   8.99380418  9.63321409]","[0.20021506 0.20040249 0.20053153 0.20014783 0.24204847 0.25921728
 0.24836764 0.23110138 0.23733234 0.25149422 0.24058246 0.22889348]"
4,8.0,10,0.2,0.1,"[30.0, -20.0, 0.0]","[0.6, 0.6, 1.0]","[10.2622412   9.97269997  9.6558587   9.97269997  9.92206082  9.36378561
  9.33517382  9.8561038   9.61971145  8.98956859  9.05134076  9.64640128]","[0.20195596 0.20227252 0.20349072 0.20189882 0.21436625 0.21981765
 0.21349847 0.20887582 0.22214489 0.23090261 0.22189342 0.21447574]"
4,8.0,10,0.2,0.1,"[30.0, -20.0, 0.0]","[1.0, 1.0, 1.0]","[10.2622412   9.97269997  9.6558587   9.97269997  9.79562076  9.14784698
  9.21443278  9.8067205   9.209815    8.50383881  8.66258051  9.33108706]","[0.20540823 0.20628103 0.2096127  0.20525068 0.22993741 0.23684496
 0.22764394 0.22100637 0.24758168 0.26016504 0.2466417  0.2358602 ]"
4,8.0,10,0.2,0.1,"[30.0, 0.0, 0.0]","[0.6, 0.6, 1.0]","[10.2622412   9.97269997  9.6558587   9.97269997  9.92206082  9.36378561
  9.33517382  9.8561038   9.68051839  9.03788666  9.11062788  9.70605995]","[0.20195596 0.20227252 0.20349072 0.20189882 0.21319199 0.22064569
 0.21444521 0.2086016  0.22007518 0.22970193 0.2212708  0.21326539]"
4,8.0,10,0.2,0.1,"[30.0, 0.0, 0.0]","[1.0, 1.0, 1.0]","[10.2622412   9.97269997  9.6558587   9.97269997  9.79562076  9.14784698
  9.21443278  9.8067205   9.37705214  8.64695882  8.83197639  9.51062563]","[0.20540823 0.20628103 0.2096127  0.20525068 0.22677076 0.23918163
 0.23022367 0.22026257 0.24177376 0.25576439 0.24348966 0.23161639]"
4,8.0,10,0.2,0.1,"[30.0, 20.0, 0.0]","[0.6, 0.6, 1.0]","[10.2622412   9.97269997  9.6558587   9.97269997  9.92206082  9.36378561
  9.33517382  9.8561038   9.827035    9.23219716  9.24723908  9.80054682]","[0.20195596 0.20227252 0.20349072 0.20189882 0.21572354 0.22449428
 0.21865493 0.21062725 0.21672255 0.22610842 0.21919119 0.21143909]"
4,8.0,10,0.2,0.1,"[30.0, 20.0, 0.0]","[1.0, 1.0, 1.0]","[10.2622412   9.97269997  9.6558587   9.97269997  9.79562076  9.14784698
  9.21443278  9.8067205   9.66279291  9.00537837  9.09524172  9.7079655 ]","[0.20540823 0.20628103 0.2096127  0.20525068 0.23377502 0.24997677
 0.24166534 0.22567916 0.2348765  0.2487727  0.23895881 0.22743759]"
6,-8.0,10,0.2,0.1,"[-30.0, -20.0, 0.0]","[0.6, 0.6, 1.0]","[10.2622412   9.97269997  9.6558587   9.97269997 10.09892692  9.90095702
  9.50250623  9.70749007 10.04423515  9.86633686  9.45072743  9.63304679]","[0.20317978 0.20170779 0.20127647 0.20155923 0.21107124 0.20753365
 0.20893927 0.21207595 0.21051889 0.20816294 0.21038374 0.21299045]"
6,-8.0,10,0.2,0.1,"[-30.0, -20.0, 0.0]","[1.0, 1.0, 1.0]","[10.2622412   9.97269997  9.6558587   9.97269997 10.03372258  9.8707856
  9.44241551  9.60651723  9.9440929   9.80574638  9.35612069  9.49468004]","[0.20876196 0.2047255  0.20353498 0.20431374 0.22594638 0.21860354
 0.22011789 0.22579789 0.22343967 0.21981111 0.22293878 0.22699651]"
6,-8.0,10,0.2,0.1,"[-30.0, 0.0, 0.0]","[0.6, 0.6, 1.0]","[10.2622412   9.97269997  9.6558587   9.97269997 10.09892692  9.90095702
  9.50250623  9.70749007  9.96902459  9.81531656  9.37986798  9.5354573 ]","[0.20317978 0.20170779 0.20127647 0.20155923 0.20818824 0.20622957
 0.20801309 0.21033086 0.21189011 0.20932704 0.21226737 0.2151485 ]"
6,-8.0,10,0.2,0.1,"[-30.0, 0.0, 0.0]","[1.0, 1.0, 1.0]","[10.2622412   9.97269997  9.6558587   9.97269997 10.03372258  9.8707856
  9.44241551  9.60651723  9.79101764  9.69471076  9.21194394  9.30481036]","[0.20876196 0.2047255  0.20353498 0.20431374 0.21805447 0.21505168
 0.21755712 0.22095057 0.22650156 0.22243356 0.22686388 0.23145413]"
6,-8.0,10,0.2,0.1,"[-30.0, 20.0, 0.0]","[0.6, 0.6, 1.0]","[10.2622412   9.97269997  9.6558587   9.97269997 10.09892692  9.90095702
  9.50250623  9.70749007  9.93520912  9.78482804  9.34946412  9.50450018]","[0.20317978 0.20170779 0.20127647 0.20155923 0.20872206 0.20742529
 0.21012789 0.21096496 0.21256205 0.21013708 0.21335218 0.21608752]"
6,-8.0,10,0.2,0.1,"[-30.0, 20.0, 0.0]","[1.0, 1.0, 1.0]","[10.2622412   9.97269997  9.6558587   9.97269997 10.03372258  9.8707856
  9.44241551  9.60651723  9.69549672  9.60370568  9.13056939  9.221448  ]","[0.20876196 0.2047255  0.20353498 0.20431374 0.21953424 0.21831198
 0.2233538  0.22272917 0.22876579 0.22483799 0.22961209 0.23412269]"
6,-8.0,10,0.2,0.1,"[0.0, -20.0, 0.0]","[0.6, 0.6, 1.0]","[10.2622412   9.97269997  9.6558587   9.97269997  9.98853556  9.8290181
  9.39836069  9.5599848  10.02777144  9.85421055  9.43510823  9.6124013 ]","[0.20007744 0.20014495 0.20019144 0.20005323 0.21271395 0.20877034
 0.21089186 0.21453364 0.21087971 0.20853918 0.21093567 0.21353239]"
6,-8.0,10,0.2,0.1,"[0.0, -20.0, 0.0]","[1.0, 1.0, 1.0]","[10.2622412   9.97269997  9.6558587   9.97269997  9.80698668  9.71653752
  9.2277405   9.31085672  9.9102385   9.77997884  9.32364911  9.45243348]","[0.20021506 0.20040249 0.20053153 0.20014783 0.22940683 0.22134449
 0.22428436 0.23078395 0.22434343 0.22071731 0.22417454 0.22824622]"
6,-8.0,10,0.2,0.1,"[0.0, 0.0, 0.0]","[0.6, 0.6, 1.0]","[10.2622412   9.97269997  9.6558587   9.97269997  9.98853556  9.8290181
  9.39836069  9.5599848   9.94981748  9.80072632  9.36199699  9.51285627]","[0.20007744 0.20014495 0.20019144 0.20005323 0.21031666 0.20779012
 0.21053153 0.21352617 0.21234686 0.20977965 0.21291905 0.2158087 ]"
6,-8.0,10,0.2,0.1,"[0.0, 0.0, 0.0]","[1.0, 1.0, 1.0]","[10.2622412   9.97269997  9.6558587   9.97269997  9.80698668  9.71653752
  9.2277405   9.31085672  9.75059612  9.66209549  9.17507853  9.26020531]","[0.20021506 0.20040249 0.20053153 0.20014783 0.22262068 0.2186009
 0.22321157 0.22783077 0.22767298 0.22356558 0.22834631 0.23298401]"
6,-8.0,10,0.2,0.1,"[0.0, 20.0, 0.0]","[0.6, 0.6, 1.0]","[10.2622412   9.97269997  9.6558587   9.97269997  9.98853556  9.8290181
  9.39836069  9.5599848   9.91754479  9.77003797  9.33335199  9.48602177]","[0.20007744 0.20014495 0.20019144 0.20005323 0.21156486 0.20942939
 0.21336036 0.21507506 0.21302953 0.21061968 0.21400956 0.21673111]"
6,-8.0,10,0.2,0.1,"[0.0, 20.0, 0.0]","[1.0, 1.0, 1.0]","[10.2622412   9.97269997  9.6558587   9.97269997  9.80698668  9.71653752
  9.2277405   9.31085672  9.66331782  9.57210286  9.10326417  9.19500469]","[0.20021506 0.20040249 0.20053153 0.20014783 0.22618845 0.22315259
 0.23117983 0.23233306 0.22987937 0.22602827 0.23098562 0.2354217 ]"
6,-8.0,10,0.2,0.1,"[30.0, -20.0, 0.0]","[0.6, 0.6, 1.0]","[10.2622412   9.97269997  9.6558587   9.97269997  9.97168093  9.80687692
  9.38388389  9.55671504 10.01782403  9.84698303  9.42566468  9.59991972]","[0.20195596 0.20227252 0.20349072 0.20189882 0.21254656 0.20900458
 0.21095033 0.21413836 0.21103696 0.20875857 0.21128506 0.21382851]"
6,-8.0,10,0.2,0.1,"[30.0, -20.0, 0.0]","[1.0, 1.0, 1.0]","[10.2622412   9.97269997  9.6558587   9.97269997  9.72483192  9.62283952
  9.15975227  9.26230888  9.88468285  9.75919614  9.29953461  9.42228596]","[0.20540823 0.20628103 0.2096127  0.20525068 0.22991064 0.22286271
 0.22518536 0.23063966 0.22479986 0.22127138 0.22495785 0.22895669]"
6,-8.0,10,0.2,0.1,"[30.0, 0.0, 0.0]","[0.6, 0.6, 1.0]","[10.2622412   9.97269997  9.6558587   9.97269997  9.97168093  9.80687692
  9.38388389  9.55671504  9.93723651  9.79041839  9.35041784  9.49944306]","[0.20195596 0.20227252 0.20349072 0.20189882 0.21073191 0.20841249
 0.2112111  0.2139291  0.212606   0.21009034 0.21336086 0.21620306]"
6,-8.0,10,0.2,0.1,"[30.0, 0.0, 0.0]","[1.0, 1.0, 1.0]","[10.2622412   9.97269997  9.6558587   9.97269997  9.72483192  9.62283952
  9.15975227  9.26230888  9.71992558  9.63424344  9.14788544  9.23160651]","[0.20540823 0.20628103 0.2096127  0.20525068 0.22467999 0.22115839
 0.22587184 0.22998588 0.22838424 0.22435701 0.22933319 0.23388512]"
6,-8.0,10,0.2,0.1,"[30.0, 20.0, 0.0]","[0.6, 0.6, 1.0]","[10.2622412   9.97269997  9.6558587   9.97269997  9.97168093  9.80687692
  9.38388389  9.55671504  9.90760605  9.76023853  9.32444741  9.4780318 ]","[0.20195596 0.20227252 0.20349072 0.20189882 0.21270777 0.21050025
 0.21466649 0.21634757 0.21329019 0.21094678 0.21442976 0.21708329]"
6,-8.0,10,0.2,0.1,"[30.0, 20.0, 0.0]","[1.0, 1.0, 1.0]","[10.2622412   9.97269997  9.6558587   9.97269997  9.72483192  9.62283952
  9.15975227  9.26230888  9.64464345  9.54829056  9.0880284   9.18775954]","[0.20540823 0.20628103 0.2096127  0.20525068 0.23042412 0.22705944
 0.23571805 0.23707333 0.23047956 0.22681172 0.23178487 0.2360161 ]"
6,0.0,10,0.2,0.1,"[-30.0, -20.0, 0.0]","[0.6, 0.6, 1.0]","[10.2622412   9.97269997  9.6558587   9.97269997  9.7735092   9.53961349
  9.19013425  9.44819797  9.67006401  9.44023558  9.08014594  9.32435502]","[0.20317978 0.20170779 0.20127647 0.20155923 0.22321692 0.21807841
 0.2176969  0.21980084 0.22473225 0.22033231 0.21956386 0.22215027]"
6,0.0,10,0.2,0.1,"[-30.0, -20.0, 0.0]","[1.0, 1.0, 1.0]","[10.2622412   9.97269997  9.6558587   9.97269997  9.54896765  9.36145729
  8.96275357  9.16083949  9.48942595  9.27611597  8.87222646  9.07595879]","[0.20876196 0.2047255  0.20353498 0.20431374 0.25109022 0.23768739
 0.23652786 0.24211407 0.24762156 0.23837831 0.23681056 0.24230081]"
6,0.0,10,0.2,0.1,"[-30.0, 0.0, 0.0]","[0.6, 0.6, 1.0]","[10.2622412   9.97269997  9.6558587   9.97269997  9.7735092   9.53961349
  9.19013425  9.44819797  9.59461723  9.34554902  9.01935598  9.28983866]","[0.20317978 0.20170779 0.20127647 0.20155923 0.21709636 0.21487931
 0.21515049 0.21663532 0.2228676  0.22132992 0.22113786 0.22173375]"
6,0.0,10,0.2,0.1,"[-30.0, 0.0, 0.0]","[1.0, 1.0, 1.0]","[10.2622412   9.97269997  9.6558587   9.97269997  9.54896765  9.36145729
  8.96275357  9.16083949  9.33516587  9.10514817  8.75407348  8.99509605]","[0.20876196 0.2047255  0.20353498 0.20431374 0.234671   0.22906769
 0.22942749 0.23326815 0.2429379  0.23934648 0.23891431 0.24084369]"
6,0.0,10,0.2,0.1,"[-30.0, 20.0, 0.0]","[0.6, 0.6, 1.0]","[10.2622412   9.97269997  9.6558587   9.97269997  9.7735092   9.53961349
  9.19013425  9.44819797  9.62555459  9.34177532  9.05973923  9.36910073]","[0.20317978 0.20170779 0.20127647 0.20155923 0.21513809 0.2147816
 0.21632255 0.21634834 0.22037361 0.22155449 0.2216732  0.21978472]"
6,0.0,10,0.2,0.1,"[-30.0, 20.0, 0.0]","[1.0, 1.0, 1.0]","[10.2622412   9.97269997  9.6558587   9.97269997  9.54896765  9.36145729
  8.96275357  9.16083949  9.35428699  9.07050934  8.81037318  9.11465326]","[0.20876196 0.2047255  0.20353498 0.20431374 0.22917172 0.22864267
 0.2323911  0.23231602 0.23828875 0.24022416 0.24010531 0.23718651]"
6,0.0,10,0.2,0.1,"[0.0, -20.0, 0.0]","[0.6, 0.6, 1.0]","[10.2622412   9.97269997  9.6558587   9.97269997  9.66559791  9.39309551
  9.09489267  9.39273732  9.61708698  9.37882043  9.0385495   9.29827894]","[0.20007744 0.20014495 0.20019144 0.20005323 0.22091792 0.21895782
 0.21785737 0.21855706 0.22323778 0.22107724 0.22095625 0.22206611]"
6,0.0,10,0.2,0.1,"[0.0, -20.0, 0.0]","[1.0, 1.0, 1.0]","[10.2622412   9.97269997  9.6558587   9.97269997  9.33883755  9.07631578
  8.78876331  9.07483668  9.38837429  9.17023183  8.80249415  9.03075582]","[0.20021506 0.20040249 0.20053153 0.20014783 0.24307161 0.23795927
 0.23507787 0.23693449 0.2422096  0.23784042 0.23752199 0.24011948]"
6,0.0,10,0.2,0.1,"[0.0, 0.0, 0.0]","[0.6, 0.6, 1.0]","[10.2622412   9.97269997  9.6558587   9.97269997  9.66559791  9.39309551
  9.09489267  9.39273732  9.55499545  9.28493663  8.99185499  9.286212  ]","[0.20007744 0.20014495 0.20019144 0.20005323 0.21745948 0.21768288
 0.21782886 0.21736331 0.22237175 0.22301512 0.22337578 0.22206379]"
6,0.0,10,0.2,0.1,"[0.0, 0.0, 0.0]","[1.0, 1.0, 1.0]","[10.2622412   9.97269997  9.6558587   9.97269997  9.33883755  9.07631578
  8.78876331  9.07483668  9.2757307   9.0143697   8.73237121  9.01496973]","[0.20021506 0.20040249 0.20053153 0.20014783 0.23406461 0.2346356
 0.23500692 0.23381394 0.2400852  0.24102289 0.2414964  0.2395967 ]"
6,0.0,10,0.2,0.1,"[0.0, 20.0, 0.0]","[0.6, 0.6, 1.0]","[10.2622412   9.97269997  9.6558587   9.97269997  9.66559791  9.39309551
  9.09489267  9.39273732  9.61003537  9.30213827  9.0526511   9.38223234]","[0.20007744 0.20014495 0.20019144 0.20005323 0.21861492 0.2198821
 0.22183583 0.2192078  0.22083797 0.22380958 0.22461153 0.22068809]"
6,0.0,10,0.2,0.1,"[0.0, 20.0, 0.0]","[1.0, 1.0, 1.0]","[10.2622412   9.97269997  9.6558587   9.97269997  9.33883755  9.07631578
  8.78876331  9.07483668  9.36725448  9.04586076  8.84463016  9.17743837]","[0.20021506 0.20040249 0.20053153 0.20014783 0.23707103 0.24035929
 0.2454021  0.23862164 0.23777414 0.24293706 0.24408135 0.23739808]"
6,0.0,10,0.2,0.1,"[30.0, -20.0, 0.0]","[0.6, 0.6, 1.0]","[10.2622412   9.97269997  9.6558587   9.97269997  9.76970884  9.45068334
  9.19683571  9.54003019  9.62660752  9.36739506  9.05657575  9.34172865]","[0.20195596 0.20227252 0.20349072 0.20189882 0.21568792 0.21654436
 0.2151007  0.21405259 0.22064031 0.22078617 0.22113257 0.22031038]"
6,0.0,10,0.2,0.1,"[30.0, -20.0, 0.0]","[1.0, 1.0, 1.0]","[10.2622412   9.97269997  9.6558587   9.97269997  9.53541978  9.17109598
  8.98764109  9.36284218  9.35654547  9.11275078  8.80039258  9.06583473]","[0.20540823 0.20628103 0.2096127  0.20525068 0.23065473 0.23279226
 0.22909154 0.22674023 0.23870307 0.23882165 0.23932713 0.23826736]"
6,0.0,10,0.2,0.1,"[30.0, 0.0, 0.0]","[0.6, 0.6, 1.0]","[10.2622412   9.97269997  9.6558587   9.97269997  9.76970884  9.45068334
  9.19683571  9.54003019  9.58882284  9.29205915  9.03050043  9.34922995]","[0.20195596 0.20227252 0.20349072 0.20189882 0.21553711 0.21751758
 0.21759432 0.21492644 0.22081886 0.22332116 0.22411782 0.22080252]"
6,0.0,10,0.2,0.1,"[30.0, 0.0, 0.0]","[1.0, 1.0, 1.0]","[10.2622412   9.97269997  9.6558587   9.97269997  9.53541978  9.17109598
  8.98764109  9.36284218  9.31435315  9.00677046  8.79193068  9.11284791]","[0.20540823 0.20628103 0.2096127  0.20525068 0.23049563 0.23562973
 0.23595015 0.22920702 0.23888785 0.24353558 0.24468541 0.23868956]"
6,0.0,10,0.2,0.1,"[30.0, 20.0, 0.0]","[0.6, 0.6, 1.0]","[10.2622412   9.97269997  9.6558587   9.97269997  9.76970884  9.45068334
  9.19683571  9.54003019  9.65964933  9.33184283  9.10122826  9.44410367]","[0.20195596 0.20227252 0.20349072 0.20189882 0.21970029 0.22178043
 0.22368136 0.2185203  0.22048623 0.22455504 0.22599144 0.22031602]"
6,0.0,10,0.2,0.1,"[30.0, 20.0, 0.0]","[1.0, 1.0, 1.0]","[10.2622412   9.97269997  9.6558587   9.97269997  9.53541978  9.17109598
  8.98764109  9.36284218  9.45868764  9.10247913  8.9348282   9.28428799]","[0.20540823 0.20628103 0.2096127  0.20525068 0.24196358 0.24741338
 0.25218731 0.23884697 0.2395004  0.24653617 0.24895749 0.23865284]"
6,8.0,10,0.2,0.1,"[-30.0, -20.0, 0.0]","[0.6, 0.6, 1.0]","[10.2622412   9.97269997  9.6558587   9.97269997  9.97280972  9.55634394
  9.3825632   9.80707318  9.9119382   9.47939786  9.32441641  9.76293445]","[0.20317978 0.20170779 0.20127647 0.20155923 0.21392443 0.21570941
 0.21166512 0.20942209 0.2135485  0.21697478 0.21334638 0.21017178]"
6,8.0,10,0.2,0.1,"[-30.0, -20.0, 0.0]","[1.0, 1.0, 1.0]","[10.2622412   9.97269997  9.6558587   9.97269997  9.73267967  9.26039311
  9.14917572  9.62230928  9.65937794  9.18577879  9.07615394  9.55269005]","[0.20876196 0.2047255  0.20353498 0.20431374 0.2337019  0.23525951
 0.22749216 0.22409631 0.23056034 0.23544455 0.23010486 0.22565152]"
6,8.0,10,0.2,0.1,"[-30.0, 0.0, 0.0]","[0.6, 0.6, 1.0]","[10.2622412   9.97269997  9.6558587   9.97269997  9.97280972  9.55634394
  9.3825632   9.80707318  9.94089762  9.50306287  9.35322818  9.7932407 ]","[0.20317978 0.20170779 0.20127647 0.20155923 0.21089704 0.21381727
 0.2106665  0.20809589 0.21260157 0.21634946 0.21297698 0.20954218]"
6,8.0,10,0.2,0.1,"[-30.0, 0.0, 0.0]","[1.0, 1.0, 1.0]","[10.2622412   9.97269997  9.6558587   9.97269997  9.73267967  9.26039311
  9.14917572  9.62230928  9.72911362  9.23854152  9.15258004  9.64108425]","[0.20876196 0.2047255  0.20353498 0.20431374 0.22503077 0.22967652
 0.22450931 0.22030916 0.22825244 0.23378532 0.22862682 0.22358396]"
6,8.0,10,0.2,0.1,"[-30.0, 20.0, 0.0]","[0.6, 0.6, 1.0]","[10.2622412   9.97269997  9.6558587   9.97269997  9.97280972  9.55634394
  9.3825632   9.80707318 10.02068996  9.60389144  9.42824318  9.84873343]","[0.20317978 0.20170779 0.20127647 0.20155923 0.21158121 0.21481061
 0.21287609 0.20912603 0.21074059 0.21425368 0.21164748 0.20842665]"
6,8.0,10,0.2,0.1,"[-30.0, 20.0, 0.0]","[1.0, 1.0, 1.0]","[10.2622412   9.97269997  9.6558587   9.97269997  9.73267967  9.26039311
  9.14917572  9.62230928  9.89100761  9.43158201  9.30546644  9.76303821]","[0.20876196 0.2047255  0.20353498 0.20431374 0.22706679 0.23259535
 0.23082778 0.22323494 0.22426472 0.22940535 0.22554747 0.22092073]"
6,8.0,10,0.2,0.1,"[0.0, -20.0, 0.0]","[0.6, 0.6, 1.0]","[10.2622412   9.97269997  9.6558587   9.97269997  9.98857437  9.56014259
  9.39839961  9.82906463  9.92165751  9.48821273  9.3342785   9.77278092]","[0.20007744 0.20014495 0.20019144 0.20005323 0.212673   0.21467216
 0.21087847 0.20856233 0.21320369 0.21669811 0.21320572 0.20995274]"
6,8.0,10,0.2,0.1,"[0.0, -20.0, 0.0]","[1.0, 1.0, 1.0]","[10.2622412   9.97269997  9.6558587   9.97269997  9.80715257  9.31158473
  9.22790666  9.71667431  9.67672481  9.19652455  9.09671234  9.57749126]","[0.20021506 0.20040249 0.20053153 0.20014783 0.22928054 0.23116339
 0.22426791 0.22078047 0.22988855 0.23498336 0.22971754 0.22505251]"
6,8.0,10,0.2,0.1,"[0.0, 0.0, 0.0]","[0.6, 0.6, 1.0]","[10.2622412   9.97269997  9.6558587   9.97269997  9.98857437  9.56014259
  9.39839961  9.82906463  9.95319926  9.51689319  9.36517696  9.80336339]","[0.20007744 0.20014495 0.20019144 0.20005323 0.21030096 0.21362869
 0.21051905 0.2076434  0.21224495 0.21602819 0.21282497 0.20933846]"
6,8.0,10,0.2,0.1,"[0.0, 0.0, 0.0]","[1.0, 1.0, 1.0]","[10.2622412   9.97269997  9.6558587   9.97269997  9.80715257  9.31158473
  9.22790666  9.71667431  9.75839442  9.26920404  9.18239774  9.66865449]","[0.20021506 0.20040249 0.20053153 0.20014783 0.22257809 0.2281109
 0.22317805 0.21820364 0.22742654 0.2330257  0.22811711 0.22298869]"
6,8.0,10,0.2,0.1,"[0.0, 20.0, 0.0]","[0.6, 0.6, 1.0]","[10.2622412   9.97269997  9.6558587   9.97269997  9.98857437  9.56014259
  9.39839961  9.82906463 10.03041612  9.61629712  9.43749649  9.85570481]","[0.20007744 0.20014495 0.20019144 0.20005323 0.21154633 0.21541034
 0.21333946 0.20903811 0.21047672 0.21403108 0.21159267 0.20830972]"
6,8.0,10,0.2,0.1,"[0.0, 20.0, 0.0]","[1.0, 1.0, 1.0]","[10.2622412   9.97269997  9.6558587   9.97269997  9.80715257  9.31158473
  9.22790666  9.71667431  9.91571875  9.46163727  9.32948965  9.7832013 ]","[0.20021506 0.20040249 0.20053153 0.20014783 0.22616958 0.23328011
 0.23111571 0.2220827  0.22365681 0.22885649 0.22528661 0.22055552]"
6,8.0,10,0.2,0.1,"[30.0, -20.0, 0.0]","[0.6, 0.6, 1.0]","[10.2622412   9.97269997  9.6558587   9.97269997 10.09938453  9.70780892
  9.50208487  9.90086243  9.93909074  9.50740144  9.35127552  9.78764285]","[0.20195596 0.20227252 0.20349072 0.20189882 0.20955883 0.21076935
 0.20826912 0.20672993 0.21263539 0.21614917 0.21283163 0.2095487 ]"
6,8.0,10,0.2,0.1,"[30.0, -20.0, 0.0]","[1.0, 1.0, 1.0]","[10.2622412   9.97269997  9.6558587   9.97269997 10.03553936  9.60728254
  9.44041721  9.87042999  9.70720749  9.22596768  9.12899953  9.60987836]","[0.20540823 0.20628103 0.2096127  0.20525068 0.22181007 0.2221848
 0.21830225 0.2164314  0.22866164 0.2338415  0.22876571 0.22399424]"
6,8.0,10,0.2,0.1,"[30.0, 0.0, 0.0]","[0.6, 0.6, 1.0]","[10.2622412   9.97269997  9.6558587   9.97269997 10.09938453  9.70780892
  9.50208487  9.90086243  9.97227372  9.53982211  9.38327933  9.81783736]","[0.20195596 0.20227252 0.20349072 0.20189882 0.20792473 0.2106268
 0.20854519 0.2062139  0.21168193 0.21546159 0.21245985 0.20896289]"
6,8.0,10,0.2,0.1,"[30.0, 0.0, 0.0]","[1.0, 1.0, 1.0]","[10.2622412   9.97269997  9.6558587   9.97269997 10.03553936  9.60728254
  9.44041721  9.87042999  9.79810259  9.31517593  9.2206416   9.70096345]","[0.20540823 0.20628103 0.2096127  0.20525068 0.21732207 0.22176764
 0.21903204 0.21501217 0.22610232 0.23167394 0.22712837 0.22200065]"
6,8.0,10,0.2,0.1,"[30.0, 20.0, 0.0]","[0.6, 0.6, 1.0]","[10.2622412   9.97269997  9.6558587   9.97269997 10.09938453  9.70780892
  9.50208487  9.90086243 10.04685162  9.63685926  9.45285536  9.86767508]","[0.20195596 0.20227252 0.20349072 0.20189882 0.20972235 0.21312907
 0.21183132 0.20791671 0.21001018 0.21358298 0.21132338 0.20800707]"
6,8.0,10,0.2,0.1,"[30.0, 20.0, 0.0]","[1.0, 1.0, 1.0]","[10.2622412   9.97269997  9.6558587   9.97269997 10.03553936  9.60728254
  9.44041721  9.87042999  9.94965714  9.50354484  9.36095601  9.80848277]","[0.20540823 0.20628103 0.2096127  0.20525068 0.22227757 0.22869488
 0.2279977  0.21963935 0.22258531 0.22780068 0.22456767 0.2197893 ]"
8,-8.0,10,0.2,0.1,"[-30.0, -20.0, 0.0]","[0.6, 0.6, 1.0]","[10.2622412   9.97269997  9.6558587   9.97269997 10.1663264   9.92307247
  9.56595226  9.82841047 10.13719515  9.90328732  9.53840541  9.79033633]","[0.20317978 0.20170779 0.20127647 0.20155923 0.20750109 0.20529904
 0.20576058 0.20733084 0.20714469 0.20611515 0.2072273  0.20821711]"
8,-8.0,10,0.2,0.1,"[-30.0, -20.0, 0.0]","[1.0, 1.0, 1.0]","[10.2622412   9.97269997  9.6558587   9.97269997 10.12499409  9.90115799
  9.52823987  9.76908316 10.07102588  9.86076576  9.47646545  9.70246254]","[0.20876196 0.2047255  0.20353498 0.20431374 0.22043521 0.21543672
 0.21553606 0.21851924 0.21698168 0.21529928 0.21686375 0.218566  ]"
8,-8.0,10,0.2,0.1,"[-30.0, 0.0, 0.0]","[0.6, 0.6, 1.0]","[10.2622412   9.97269997  9.6558587   9.97269997 10.1663264   9.92307247
  9.56595226  9.82841047 10.09715869  9.87516505  9.50053906  9.73927267]","[0.20317978 0.20170779 0.20127647 0.20155923 0.20510872 0.20418725
 0.20506133 0.2060704  0.20787785 0.20678106 0.20826389 0.20934281]"
8,-8.0,10,0.2,0.1,"[-30.0, 0.0, 0.0]","[1.0, 1.0, 1.0]","[10.2622412   9.97269997  9.6558587   9.97269997 10.12499409  9.90115799
  9.52823987  9.76908316  9.98565822  9.79730533  9.39561977  9.5975262 ]","[0.20876196 0.2047255  0.20353498 0.20431374 0.21369754 0.21231125
 0.21355929 0.21494589 0.21865088 0.21678699 0.21903673 0.2209731 ]"
8,-8.0,10,0.2,0.1,"[-30.0, 20.0, 0.0]","[0.6, 0.6, 1.0]","[10.2622412   9.97269997  9.6558587   9.97269997 10.1663264   9.92307247
  9.56595226  9.82841047 10.0800481   9.85996587  9.48491442  9.72254777]","[0.20317978 0.20170779 0.20127647 0.20155923 0.2058397  0.20538598
 0.20712057 0.20692838 0.20818716 0.20720272 0.20883076 0.20980085]"
8,-8.0,10,0.2,0.1,"[-30.0, 20.0, 0.0]","[1.0, 1.0, 1.0]","[10.2622412   9.97269997  9.6558587   9.97269997 10.12499409  9.90115799
  9.52823987  9.76908316  9.93341845  9.74903044  9.35022122  9.54849408]","[0.20876196 0.2047255  0.20353498 0.20431374 0.21579427 0.2157009
 0.21938749 0.21741693 0.21976666 0.21805134 0.22050776 0.22233086]"
8,-8.0,10,0.2,0.1,"[0.0, -20.0, 0.0]","[0.6, 0.6, 1.0]","[10.2622412   9.97269997  9.6558587   9.97269997 10.10538003  9.88148873
  9.50827187  9.74892212 10.1276229   9.89612199  9.52931837  9.77853038]","[0.20007744 0.20014495 0.20019144 0.20005323 0.20931455 0.20685129
 0.20765082 0.20951171 0.20759914 0.20657354 0.2077822  0.20876915]"
8,-8.0,10,0.2,0.1,"[0.0, -20.0, 0.0]","[1.0, 1.0, 1.0]","[10.2622412   9.97269997  9.6558587   9.97269997  9.99941366  9.81255563
  9.40863404  9.60761159 10.05497414  9.84814461  9.4610242   9.68296586]","[0.20021506 0.20040249 0.20053153 0.20014783 0.2224938  0.21704283
 0.2178163  0.22129413 0.21800794 0.21633909 0.21806183 0.21975835]"
8,-8.0,10,0.2,0.1,"[0.0, 0.0, 0.0]","[0.6, 0.6, 1.0]","[10.2622412   9.97269997  9.6558587   9.97269997 10.10538003  9.88148873
  9.50827187  9.74892212 10.08511737  9.86609239  9.48922222  9.72477906]","[0.20007744 0.20014495 0.20019144 0.20005323 0.2070776  0.20589569
 0.20726324 0.2085789  0.20839053 0.20728859 0.20888948 0.20997627]"
8,-8.0,10,0.2,0.1,"[0.0, 0.0, 0.0]","[1.0, 1.0, 1.0]","[10.2622412   9.97269997  9.6558587   9.97269997  9.99941366  9.81255563
  9.40863404  9.60761159  9.96512171  9.78099601  9.37650706  9.57393701]","[0.20021506 0.20040249 0.20053153 0.20014783 0.21616961 0.21434992
 0.21668552 0.21860203 0.21981342 0.21794035 0.22037983 0.22233128]"
8,-8.0,10,0.2,0.1,"[0.0, 20.0, 0.0]","[0.6, 0.6, 1.0]","[10.2622412   9.97269997  9.6558587   9.97269997 10.10538003  9.88148873
  9.50827187  9.74892212 10.06738245  9.84994047  9.47319004  9.70810707]","[0.20007744 0.20014495 0.20019144 0.20005323 0.20826769 0.20745303
 0.2098794  0.20998422 0.20872563 0.20774237 0.20948733 0.21046002]"
8,-8.0,10,0.2,0.1,"[0.0, 20.0, 0.0]","[1.0, 1.0, 1.0]","[10.2622412   9.97269997  9.6558587   9.97269997  9.99941366  9.81255563
  9.40863404  9.60761159  9.91335944  9.7314296   9.33259276  9.52830054]","[0.20021506 0.20040249 0.20053153 0.20014783 0.21955768 0.21871251
 0.22405332 0.22263264 0.2209642  0.21927046 0.22187413 0.2236859 ]"
8,-8.0,10,0.2,0.1,"[30.0, -20.0, 0.0]","[0.6, 0.6, 1.0]","[10.2622412   9.97269997  9.6558587   9.97269997 10.0961388   9.87023886
  9.50017677  9.74468986 10.12411404  9.89353841  9.52596879  9.77412089]","[0.20195596 0.20227252 0.20349072 0.20189882 0.2091928  0.2069414
 0.20766109 0.20932493 0.2076836  0.20670306 0.20797057 0.20891766]"
8,-8.0,10,0.2,0.1,"[30.0, -20.0, 0.0]","[1.0, 1.0, 1.0]","[10.2622412   9.97269997  9.6558587   9.97269997  9.95143115  9.76258231
  9.36816983  9.57067609 10.04581659  9.84043533  9.45234067  9.67239941]","[0.20540823 0.20628103 0.2096127  0.20525068 0.22270724 0.21775496
 0.21828853 0.22136103 0.21824757 0.21665548 0.2184742  0.22010703]"
8,-8.0,10,0.2,0.1,"[30.0, 0.0, 0.0]","[0.6, 0.6, 1.0]","[10.2622412   9.97269997  9.6558587   9.97269997 10.0961388   9.87023886
  9.50017677  9.74468986 10.08024802  9.86226039  9.48469219  9.71921634]","[0.20195596 0.20227252 0.20349072 0.20189882 0.20726802 0.20622638
 0.20763713 0.20879417 0.2085157  0.20745308 0.2091193  0.21017256]"
8,-8.0,10,0.2,0.1,"[30.0, 0.0, 0.0]","[1.0, 1.0, 1.0]","[10.2622412   9.97269997  9.6558587   9.97269997  9.95143115  9.76258231
  9.36816983  9.57067609  9.95330671  9.77070731  9.3658612   9.56188227]","[0.20540823 0.20628103 0.2096127  0.20525068 0.21721425 0.21571175
 0.2181706  0.21979716 0.22015341 0.21834273 0.2208851  0.22278216]"
8,-8.0,10,0.2,0.1,"[30.0, 20.0, 0.0]","[0.6, 0.6, 1.0]","[10.2622412   9.97269997  9.6558587   9.97269997 10.0961388   9.87023886
  9.50017677  9.74468986 10.06299009  9.8460932   9.46921993  9.70372092]","[0.20195596 0.20227252 0.20349072 0.20189882 0.20888072 0.20808384
 0.21065533 0.21066905 0.20885905 0.20791816 0.20972048 0.21065589]"
8,-8.0,10,0.2,0.1,"[30.0, 20.0, 0.0]","[1.0, 1.0, 1.0]","[10.2622412   9.97269997  9.6558587   9.97269997  9.95143115  9.76258231
  9.36816983  9.57067609  9.90450903  9.7220994   9.32530666  9.52186021]","[0.20540823 0.20628103 0.2096127  0.20525068 0.22183044 0.22094323
 0.22669697 0.2251875  0.22129118 0.2196834  0.22234331 0.22407686]"
8,0.0,10,0.2,0.1,"[-30.0, -20.0, 0.0]","[0.6, 0.6, 1.0]","[10.2622412   9.97269997  9.6558587   9.97269997  9.93816866  9.67557189
  9.34671208  9.63365129  9.87793839  9.61536979  9.28275792  9.56491876]","[0.20317978 0.20170779 0.20127647 0.20155923 0.21754774 0.21363348
 0.21281872 0.21419438 0.21729611 0.21442578 0.21331425 0.21474039]"
8,0.0,10,0.2,0.1,"[-30.0, -20.0, 0.0]","[1.0, 1.0, 1.0]","[10.2622412   9.97269997  9.6558587   9.97269997  9.78374431  9.54154058
  9.18952942  9.44718495  9.73848773  9.48133495  9.12475173  9.3856171 ]","[0.20876196 0.2047255  0.20353498 0.20431374 0.24030061 0.22979652
 0.22747157 0.23117198 0.23543528 0.22910007 0.22690278 0.23022111]"
8,0.0,10,0.2,0.1,"[-30.0, 0.0, 0.0]","[0.6, 0.6, 1.0]","[10.2622412   9.97269997  9.6558587   9.97269997  9.93816866  9.67557189
  9.34671208  9.63365129  9.83231109  9.56282041  9.24652017  9.53995398]","[0.20317978 0.20170779 0.20127647 0.20155923 0.21227863 0.21088829
 0.21070634 0.21152318 0.21563342 0.21475656 0.21438715 0.21447255]"
8,0.0,10,0.2,0.1,"[-30.0, 0.0, 0.0]","[1.0, 1.0, 1.0]","[10.2622412   9.97269997  9.6558587   9.97269997  9.78374431  9.54154058
  9.18952942  9.44718495  9.63902198  9.37821451  9.05145506  9.32991476]","[0.20876196 0.2047255  0.20353498 0.20431374 0.22572798 0.22213788
 0.22146596 0.22359139 0.23125943 0.2290993  0.22828054 0.22907368]"
8,0.0,10,0.2,0.1,"[-30.0, 20.0, 0.0]","[0.6, 0.6, 1.0]","[10.2622412   9.97269997  9.6558587   9.97269997  9.93816866  9.67557189
  9.34671208  9.63365129  9.85344188  9.5693745   9.27347452  9.5831671 ]","[0.20317978 0.20170779 0.20127647 0.20155923 0.21074566 0.21094499
 0.21191992 0.21140693 0.21384721 0.214751   0.21498735 0.21348945]"
8,0.0,10,0.2,0.1,"[-30.0, 20.0, 0.0]","[1.0, 1.0, 1.0]","[10.2622412   9.97269997  9.6558587   9.97269997  9.78374431  9.54154058
  9.18952942  9.44718495  9.65702673  9.37385808  9.09468307  9.39983819]","[0.20876196 0.2047255  0.20353498 0.20431374 0.22145052 0.22229499
 0.22486486 0.22326299 0.22778611 0.22930898 0.22947671 0.22712951]"
8,0.0,10,0.2,0.1,"[0.0, -20.0, 0.0]","[0.6, 0.6, 1.0]","[10.2622412   9.97269997  9.6558587   9.97269997  9.86879775  9.59052036
  9.2859687   9.59026322  9.85609343  9.59089109  9.26767496  9.55656879]","[0.20007744 0.20014495 0.20019144 0.20005323 0.2150356  0.21340484
 0.21249194 0.21307095 0.21546896 0.21423651 0.21382657 0.21421129]"
8,0.0,10,0.2,0.1,"[0.0, -20.0, 0.0]","[1.0, 1.0, 1.0]","[10.2622412   9.97269997  9.6558587   9.97269997  9.64850269  9.37700715
  9.07965773  9.37593532  9.68019904  9.42581041  9.08668901  9.35687596]","[0.20021506 0.20040249 0.20053153 0.20014783 0.23249601 0.22789947
 0.22533696 0.22698177 0.2310031  0.22815158 0.22727635 0.22863731]"
8,0.0,10,0.2,0.1,"[0.0, 0.0, 0.0]","[0.6, 0.6, 1.0]","[10.2622412   9.97269997  9.6558587   9.97269997  9.86879775  9.59052036
  9.2859687   9.59026322  9.81915221  9.54210152  9.23979495  9.54234519]","[0.20007744 0.20014495 0.20019144 0.20005323 0.2121504  0.21233487
 0.21245419 0.21206999 0.21461695 0.21515603 0.2154813  0.21436736]"
8,0.0,10,0.2,0.1,"[0.0, 0.0, 0.0]","[1.0, 1.0, 1.0]","[10.2622412   9.97269997  9.6558587   9.97269997  9.64850269  9.37700715
  9.07965773  9.37593532  9.60613567  9.33597181  9.04167686  9.33517065]","[0.20021506 0.20040249 0.20053153 0.20014783 0.22433339 0.2248383
 0.22516405 0.22411138 0.22890737 0.22967885 0.23011237 0.22851681]"
8,0.0,10,0.2,0.1,"[0.0, 20.0, 0.0]","[0.6, 0.6, 1.0]","[10.2622412   9.97269997  9.6558587   9.97269997  9.86879775  9.59052036
  9.2859687   9.59026322  9.85174545  9.5590121   9.27582956  9.59238527]","[0.20007744 0.20014495 0.20019144 0.20005323 0.21312224 0.21417316
 0.2157915  0.21361066 0.21362221 0.21560845 0.21661741 0.21387139]"
8,0.0,10,0.2,0.1,"[0.0, 20.0, 0.0]","[1.0, 1.0, 1.0]","[10.2622412   9.97269997  9.6558587   9.97269997  9.64850269  9.37700715
  9.07965773  9.37593532  9.66492011  9.36728515  9.11529441  9.42952411]","[0.20021506 0.20040249 0.20053153 0.20014783 0.22714139 0.23005349
 0.23455825 0.22849098 0.22740628 0.23094396 0.23256614 0.22776854]"
8,0.0,10,0.2,0.1,"[30.0, -20.0, 0.0]","[0.6, 0.6, 1.0]","[10.2622412   9.97269997  9.6558587   9.97269997  9.93539771  9.63538854
  9.35155928  9.67590067  9.85433482  9.58257706  9.27092349  9.5685233 ]","[0.20195596 0.20227252 0.20349072 0.20189882 0.21131821 0.21154114
 0.21067301 0.21026556 0.21408945 0.21432624 0.21452931 0.21372082]"
8,0.0,10,0.2,0.1,"[30.0, -20.0, 0.0]","[1.0, 1.0, 1.0]","[10.2622412   9.97269997  9.6558587   9.97269997  9.77356617  9.45433165
  9.20789118  9.5427      9.66033352  9.39946977  9.08521129  9.36876026]","[0.20540823 0.20628103 0.2096127  0.20525068 0.22313822 0.22356999
 0.22122964 0.22040609 0.22825008 0.22840945 0.22865459 0.2276936 ]"
8,0.0,10,0.2,0.1,"[30.0, 0.0, 0.0]","[0.6, 0.6, 1.0]","[10.2622412   9.97269997  9.6558587   9.97269997  9.93539771  9.63538854
  9.35155928  9.67590067  9.82863332  9.54147415  9.25274849  9.56420559]","[0.20195596 0.20227252 0.20349072 0.20189882 0.21099723 0.21224615
 0.21267684 0.21090584 0.21403998 0.21576736 0.21670173 0.21429461]"
8,0.0,10,0.2,0.1,"[30.0, 0.0, 0.0]","[1.0, 1.0, 1.0]","[10.2622412   9.97269997  9.6558587   9.97269997  9.77356617  9.45433165
  9.20789118  9.5427      9.62532423  9.33745911  9.07437257  9.38138121]","[0.20540823 0.20628103 0.2096127  0.20525068 0.22224652 0.22555583
 0.22679774 0.22218223 0.2281277  0.23121285 0.23272718 0.22853912]"
8,0.0,10,0.2,0.1,"[30.0, 20.0, 0.0]","[0.6, 0.6, 1.0]","[10.2622412   9.97269997  9.6558587   9.97269997  9.93539771  9.63538854
  9.35155928  9.67590067  9.87100526  9.56935256  9.29554556  9.61720747]","[0.20195596 0.20227252 0.20349072 0.20189882 0.2145313  0.21587442
 0.21791336 0.21400598 0.21392208 0.2166885  0.21837546 0.21435747]"
8,0.0,10,0.2,0.1,"[30.0, 20.0, 0.0]","[1.0, 1.0, 1.0]","[10.2622412   9.97269997  9.6558587   9.97269997  9.77356617  9.45433165
  9.20789118  9.5427      9.71626771  9.40244657  9.16675348  9.48598191]","[0.20540823 0.20628103 0.2096127  0.20525068 0.23220241 0.23577728
 0.24123054 0.23080601 0.22890475 0.23362942 0.23654953 0.22926255]"
8,8.0,10,0.2,0.1,"[-30.0, -20.0, 0.0]","[0.6, 0.6, 1.0]","[10.2622412   9.97269997  9.6558587   9.97269997 10.09661561  9.74452183
  9.49966328  9.87038246 10.06479156  9.70461551  9.46955407  9.84731932]","[0.20317978 0.20170779 0.20127647 0.20155923 0.20998547 0.21022654
 0.20808748 0.20715204 0.20903508 0.21076968 0.2091036  0.20734126]"
8,8.0,10,0.2,0.1,"[-30.0, -20.0, 0.0]","[1.0, 1.0, 1.0]","[10.2622412   9.97269997  9.6558587   9.97269997  9.95531811  9.56970554
  9.3630337   9.76245747  9.9113142   9.52208795  9.32080399  9.72427661]","[0.20876196 0.2047255  0.20353498 0.20431374 0.22486103 0.22394739
 0.21961271 0.2183657  0.22143867 0.22398875 0.22136642 0.2188896 ]"
8,8.0,10,0.2,0.1,"[-30.0, 0.0, 0.0]","[0.6, 0.6, 1.0]","[10.2622412   9.97269997  9.6558587   9.97269997 10.09661561  9.74452183
  9.49966328  9.87038246 10.08177601  9.72092075  9.48603312  9.86348329]","[0.20317978 0.20170779 0.20127647 0.20155923 0.20737135 0.20880139
 0.20731492 0.20598361 0.20853165 0.21041452 0.20892248 0.20702364]"
8,8.0,10,0.2,0.1,"[-30.0, 0.0, 0.0]","[1.0, 1.0, 1.0]","[10.2622412   9.97269997  9.6558587   9.97269997  9.95531811  9.56970554
  9.3630337   9.76245747  9.95720124  9.56567871  9.36858713  9.77375602]","[0.20876196 0.2047255  0.20353498 0.20431374 0.21744745 0.21983006
 0.21735933 0.21505164 0.22013221 0.22292197 0.22052596 0.2178052 ]"
8,8.0,10,0.2,0.1,"[-30.0, 20.0, 0.0]","[0.6, 0.6, 1.0]","[10.2622412   9.97269997  9.6558587   9.97269997 10.09661561  9.74452183
  9.49966328  9.87038246 10.12540968  9.77571264  9.52685957  9.89427689]","[0.20317978 0.20170779 0.20127647 0.20155923 0.20824807 0.21003701
 0.20958318 0.20708403 0.20753097 0.20929695 0.20821415 0.20641446]"
8,8.0,10,0.2,0.1,"[-30.0, 20.0, 0.0]","[1.0, 1.0, 1.0]","[10.2622412   9.97269997  9.6558587   9.97269997  9.95531811  9.56970554
  9.3630337   9.76245747 10.04886946  9.67623989  9.45427831  9.84206043]","[0.20876196 0.2047255  0.20353498 0.20431374 0.2199937  0.22340411
 0.22380037 0.21817019 0.21797637 0.22053761 0.21889602 0.21637121]"
8,8.0,10,0.2,0.1,"[0.0, -20.0, 0.0]","[0.6, 0.6, 1.0]","[10.2622412   9.97269997  9.6558587   9.97269997 10.10539879  9.74898573
  9.50829069  9.88152088 10.0691156   9.70920369  9.47377292  9.85116342]","[0.20007744 0.20014495 0.20019144 0.20005323 0.20929346 0.20966377
 0.20764304 0.2066625  0.20884423 0.21060639 0.20902613 0.20722337]"
8,8.0,10,0.2,0.1,"[0.0, -20.0, 0.0]","[1.0, 1.0, 1.0]","[10.2622412   9.97269997  9.6558587   9.97269997  9.99949652  9.6079259
  9.40871706  9.81266249  9.9196428   9.52950741  9.32979133  9.7338847 ]","[0.20021506 0.20040249 0.20053153 0.20014783 0.22243049 0.22172007
 0.21780512 0.2165211  0.22103981 0.22365736 0.22113954 0.21857505]"
8,8.0,10,0.2,0.1,"[0.0, 0.0, 0.0]","[0.6, 0.6, 1.0]","[10.2622412   9.97269997  9.6558587   9.97269997 10.10539879  9.74898573
  9.50829069  9.88152088 10.08658601  9.72655165  9.49060337  9.86724601]","[0.20007744 0.20014495 0.20019144 0.20005323 0.20706952 0.20868618
 0.20725739 0.20576581 0.20834519 0.21024867 0.20884905 0.20691562]"
8,8.0,10,0.2,0.1,"[0.0, 0.0, 0.0]","[1.0, 1.0, 1.0]","[10.2622412   9.97269997  9.6558587   9.97269997  9.99949652  9.6079259
  9.40871706  9.81266249  9.96864695  9.57814303  9.37981696  9.78391944]","[0.20021506 0.20040249 0.20053153 0.20014783 0.21614794 0.21890162
 0.21667009 0.21399127 0.21970549 0.22253143 0.22028174 0.21750313]"
8,8.0,10,0.2,0.1,"[0.0, 20.0, 0.0]","[0.6, 0.6, 1.0]","[10.2622412   9.97269997  9.6558587   9.97269997 10.10539879  9.74898573
  9.50829069  9.88152088 10.12888189  9.78007324  9.53009811  9.89676913]","[0.20007744 0.20014495 0.20019144 0.20005323 0.20825466 0.21031306
 0.20986982 0.20709232 0.20738435 0.20917536 0.20817772 0.20633953]"
8,8.0,10,0.2,0.1,"[0.0, 20.0, 0.0]","[1.0, 1.0, 1.0]","[10.2622412   9.97269997  9.6558587   9.97269997  9.99949652  9.6079259
  9.40871706  9.81266249 10.05785405  9.68670035  9.46278224  9.84953425]","[0.20021506 0.20040249 0.20053153 0.20014783 0.21953771 0.22356248
 0.22402467 0.21771175 0.21763959 0.22024907 0.21875071 0.21615104]"
8,8.0,10,0.2,0.1,"[30.0, -20.0, 0.0]","[0.6, 0.6, 1.0]","[10.2622412   9.97269997  9.6558587   9.97269997 10.16667072  9.82847472
  9.56552809  9.92300885 10.08166444  9.72381097  9.48574656  9.86117177]","[0.20195596 0.20227252 0.20349072 0.20189882 0.20666433 0.20673686
 0.20535974 0.20473816 0.20824207 0.21000054 0.20853874 0.20673117]"
8,8.0,10,0.2,0.1,"[30.0, -20.0, 0.0]","[1.0, 1.0, 1.0]","[10.2622412   9.97269997  9.6558587   9.97269997 10.12636584  9.76911398
  9.52639618  9.90091127  9.93893645  9.55053145  9.34913863  9.75167073]","[0.20540823 0.20628103 0.2096127  0.20525068 0.2181189  0.21687651
 0.21444197 0.21388635 0.21976492 0.22239648 0.22003393 0.21743749]"
8,8.0,10,0.2,0.1,"[30.0, 0.0, 0.0]","[0.6, 0.6, 1.0]","[10.2622412   9.97269997  9.6558587   9.97269997 10.16667072  9.82847472
  9.56552809  9.92300885 10.09859038  9.74106594  9.50189622  9.87625035]","[0.20195596 0.20227252 0.20349072 0.20189882 0.20496631 0.20627646
 0.20537488 0.20414593 0.2077705  0.20966156 0.20837956 0.20645077]"
8,8.0,10,0.2,0.1,"[30.0, 0.0, 0.0]","[1.0, 1.0, 1.0]","[10.2622412   9.97269997  9.6558587   9.97269997 10.12636584  9.76911398
  9.52639618  9.90091127  9.98899729  9.60192287  9.39908292  9.80005349]","[0.20540823 0.20628103 0.2096127  0.20525068 0.21329393 0.21552648
 0.21444233 0.21219337 0.21845272 0.2212678  0.21921198 0.21642901]"
8,8.0,10,0.2,0.1,"[30.0, 20.0, 0.0]","[0.6, 0.6, 1.0]","[10.2622412   9.97269997  9.6558587   9.97269997 10.16667072  9.82847472
  9.56552809  9.92300885 10.1384518   9.79180043  9.53904288  9.90386892]","[0.20195596 0.20227252 0.20349072 0.20189882 0.20639871 0.20819189
 0.2081395  0.20560541 0.20687547 0.20866185 0.20775994 0.20591977]"
8,8.0,10,0.2,0.1,"[30.0, 20.0, 0.0]","[1.0, 1.0, 1.0]","[10.2622412   9.97269997  9.6558587   9.97269997 10.12636584  9.76911398
  9.52639618  9.90091127 10.0739985   9.70598076  9.47772459  9.8619596 ]","[0.20540823 0.20628103 0.2096127  0.20525068 0.21734013 0.22094502
 0.22220407 0.21628731 0.21652289 0.21914675 0.21781423 0.21518328]"
4,-8.0,10,0.2,0.2,"[-30.0, -20.0, 0.0]","[0.6, 0.6, 1.0]","[10.53135944  9.95164005  9.32356072  9.95164005 10.18130798  9.83527716
  9.01344745  9.34195496 10.07369955  9.77345132  8.91678985  9.19385478]","[0.20317765 0.20170974 0.20130711 0.20160284 0.2172183  0.21005248
 0.21458369 0.22252193 0.21775382 0.21153647 0.21725642 0.22499578]"
4,-8.0,10,0.2,0.2,"[-30.0, -20.0, 0.0]","[1.0, 1.0, 1.0]","[10.53135944  9.95164005  9.32356072  9.95164005 10.0500296   9.78633362
  8.89735698  9.12407328  9.89511379  9.6742912   8.75440243  8.94502487]","[0.20875619 0.20473091 0.20361969 0.20443418 0.23778426 0.22415222
 0.23062192 0.24448845 0.23659093 0.2273263  0.23544412 0.24684654]"
4,-8.0,10,0.2,0.2,"[-30.0, 0.0, 0.0]","[0.6, 0.6, 1.0]","[10.53135944  9.95164005  9.32356072  9.95164005 10.18130798  9.83527716
  9.01344745  9.34195496  9.91955177  9.67383022  8.78103088  8.99884345]","[0.20317765 0.20170974 0.20130711 0.20160284 0.21366346 0.20856102
 0.2132582  0.21986507 0.220655   0.21379436 0.22106106 0.22959098]"
4,-8.0,10,0.2,0.2,"[-30.0, 0.0, 0.0]","[1.0, 1.0, 1.0]","[10.53135944  9.95164005  9.32356072  9.95164005 10.0500296   9.78633362
  8.89735698  9.12407328  9.59187966  9.4618998   8.48809971  8.58301602]","[0.20875619 0.20473091 0.20361969 0.20443418 0.2280683  0.2201507
 0.2269333  0.23698392 0.243012   0.23250252 0.24341287 0.25621922]"
4,-8.0,10,0.2,0.2,"[-30.0, 20.0, 0.0]","[0.6, 0.6, 1.0]","[10.53135944  9.95164005  9.32356072  9.95164005 10.18130798  9.83527716
  9.01344745  9.34195496  9.85618817  9.61264307  8.72914133  8.95831114]","[0.20317765 0.20170974 0.20130711 0.20160284 0.21379656 0.20972897
 0.21536183 0.22001174 0.22201199 0.21537503 0.22312491 0.23118428]"
4,-8.0,10,0.2,0.2,"[-30.0, 20.0, 0.0]","[1.0, 1.0, 1.0]","[10.53135944  9.95164005  9.32356072  9.95164005 10.0500296   9.78633362
  8.89735698  9.12407328  9.41453022  9.28023241  8.35168204  8.46758258]","[0.20875619 0.20473091 0.20361969 0.20443418 0.22840528 0.22327068
 0.23264765 0.23739439 0.24772995 0.23749139 0.24886763 0.26115042]"
4,-8.0,10,0.2,0.2,"[0.0, -20.0, 0.0]","[0.6, 0.6, 1.0]","[10.53135944  9.95164005  9.32356072  9.95164005  9.95157401  9.69281579
  8.81040697  9.04205181 10.00775457  9.73353502  8.85828563  9.10496383]","[0.20007375 0.2001483  0.20020594 0.20005581 0.22125475 0.21282459
 0.21889906 0.22823618 0.21989152 0.21323437 0.21968159 0.22797323]"
4,-8.0,10,0.2,0.2,"[0.0, -20.0, 0.0]","[1.0, 1.0, 1.0]","[10.53135944  9.95164005  9.32356072  9.95164005  9.57794167  9.47623815
  8.48027247  8.53393339  9.79612635  9.60543376  8.66618486  8.82089135]","[0.20020483 0.2004118  0.20057177 0.200155   0.24627108 0.2303392
 0.24005272 0.25637133 0.23858982 0.22895702 0.23802759 0.24990539]"
4,-8.0,10,0.2,0.2,"[0.0, 0.0, 0.0]","[0.6, 0.6, 1.0]","[10.53135944  9.95164005  9.32356072  9.95164005  9.95157401  9.69281579
  8.81040697  9.04205181  9.83532256  9.61692942  8.70783847  8.8974591 ]","[0.20007375 0.2001483  0.20020594 0.20005581 0.21823287 0.21169699
 0.21853774 0.22686316 0.22332036 0.21594271 0.2240604  0.23319075]"
4,-8.0,10,0.2,0.2,"[0.0, 0.0, 0.0]","[1.0, 1.0, 1.0]","[10.53135944  9.95164005  9.32356072  9.95164005  9.57794167  9.47623815
  8.48027247  8.53393339  9.48164296  9.37341945  8.39633452  8.47208159]","[0.20020483 0.2004118  0.20057177 0.200155   0.23826231 0.22747594
 0.239037   0.25248445 0.24567466 0.23480068 0.24655109 0.25972301]"
4,-8.0,10,0.2,0.2,"[0.0, 20.0, 0.0]","[0.6, 0.6, 1.0]","[10.53135944  9.95164005  9.32356072  9.95164005  9.95157401  9.69281579
  8.81040697  9.04205181  9.77192247  9.54656432  8.65773015  8.8720187 ]","[0.20007375 0.2001483  0.20020594 0.20005581 0.2197068  0.21368869
 0.22224465 0.22896897 0.22483652 0.21782023 0.22627917 0.2347345 ]"
4,-8.0,10,0.2,0.2,"[0.0, 20.0, 0.0]","[1.0, 1.0, 1.0]","[10.53135944  9.95164005  9.32356072  9.95164005  9.57794167  9.47623815
  8.48027247  8.53393339  9.33937862  9.19666016  8.29575817  8.42884339]","[0.20020483 0.2004118  0.20057177 0.200155   0.24219362 0.23249292
 0.24879783 0.25839344 0.24986713 0.23988707 0.25129901 0.2631965 ]"
4,-8.0,10,0.2,0.2,"[30.0, -20.0, 0.0]","[0.6, 0.6, 1.0]","[10.53135944  9.95164005  9.32356072  9.95164005  9.93009806  9.64868826
  8.79490661  9.07610714  9.97127462  9.70843949  8.82605234  9.06096638]","[0.20199073 0.20238786 0.20368869 0.20197357 0.22086116 0.21343921
 0.21883055 0.22656591 0.22065844 0.21394968 0.22077148 0.22912308]"
4,-8.0,10,0.2,0.2,"[30.0, -20.0, 0.0]","[1.0, 1.0, 1.0]","[10.53135944  9.95164005  9.32356072  9.95164005  9.45163761  9.28536644
  8.38882891  8.55027877  9.71329216  9.53950672  8.59381113  8.72906664]","[0.20550387 0.20659802 0.2101539  0.20545612 0.24717649 0.23414432
 0.24134593 0.25356032 0.24034604 0.23064981 0.24032545 0.25231927]"
4,-8.0,10,0.2,0.2,"[30.0, 0.0, 0.0]","[0.6, 0.6, 1.0]","[10.53135944  9.95164005  9.32356072  9.95164005  9.93009806  9.64868826
  8.79490661  9.07610714  9.79278128  9.58049689  8.67182185  8.85957975]","[0.20199073 0.20238786 0.20368869 0.20197357 0.21887814 0.21290919
 0.21967471 0.22688673 0.22436523 0.2169793  0.22539834 0.23447372]"
4,-8.0,10,0.2,0.2,"[30.0, 0.0, 0.0]","[1.0, 1.0, 1.0]","[10.53135944  9.95164005  9.32356072  9.95164005  9.45163761  9.28536644
  8.38882891  8.55027877  9.39432982  9.28560657  8.32647279  8.41361497]","[0.20550387 0.20659802 0.2101539  0.20545612 0.24201168 0.23283725
 0.24375299 0.25469653 0.24796955 0.23726475 0.24921081 0.26197765]"
4,-8.0,10,0.2,0.2,"[30.0, 20.0, 0.0]","[0.6, 0.6, 1.0]","[10.53135944  9.95164005  9.32356072  9.95164005  9.93009806  9.64868826
  8.79490661  9.07610714  9.74044495  9.51072778  8.63214369  8.85791793]","[0.20199073 0.20238786 0.20368869 0.20197357 0.22169719 0.21563402
 0.22462202 0.23081289 0.22580701 0.21891772 0.22747298 0.23568273]"
4,-8.0,10,0.2,0.2,"[30.0, 20.0, 0.0]","[1.0, 1.0, 1.0]","[10.53135944  9.95164005  9.32356072  9.95164005  9.45163761  9.28536644
  8.38882891  8.55027877  9.29778984  9.12326141  8.26664589  8.44616329]","[0.20550387 0.20659802 0.2101539  0.20545612 0.24994557 0.24004667
 0.25709947 0.26588378 0.25145783 0.24223233 0.25305807 0.26387354]"
4,0.0,10,0.2,0.2,"[-30.0, -20.0, 0.0]","[0.6, 0.6, 1.0]","[10.53135944  9.95164005  9.32356072  9.95164005  9.69819364  9.27718686
  8.57796535  9.04647231  9.42176899  9.03881849  8.31158267  8.71632342]","[0.20317765 0.20170974 0.20130711 0.20160284 0.23316106 0.22557262
 0.22711215 0.231158   0.24011909 0.23316481 0.23549482 0.24104011]"
4,0.0,10,0.2,0.2,"[-30.0, -20.0, 0.0]","[1.0, 1.0, 1.0]","[10.53135944  9.95164005  9.32356072  9.95164005  9.3229516   9.03122013
  8.22401876  8.53601461  9.19481994  8.85878978  8.06570572  8.38822852]","[0.20875619 0.20473091 0.20361969 0.20443418 0.26751523 0.24919077
 0.25332894 0.26404058 0.26491494 0.25282069 0.25641789 0.26623816]"
4,0.0,10,0.2,0.2,"[-30.0, 0.0, 0.0]","[0.6, 0.6, 1.0]","[10.53135944  9.95164005  9.32356072  9.95164005  9.69819364  9.27718686
  8.57796535  9.04647231  9.27028916  8.81855625  8.19551678  8.68249314]","[0.20317765 0.20170974 0.20130711 0.20160284 0.22575935 0.22182179
 0.2240171  0.22716914 0.2402701  0.23783074 0.23903941 0.24065456]"
4,0.0,10,0.2,0.2,"[-30.0, 0.0, 0.0]","[1.0, 1.0, 1.0]","[10.53135944  9.95164005  9.32356072  9.95164005  9.3229516   9.03122013
  8.22401876  8.53601461  8.9340992   8.53602767  7.87245343  8.29010792]","[0.20875619 0.20473091 0.20361969 0.20443418 0.24992426 0.24039995
 0.24545466 0.25377136 0.26472233 0.25946261 0.26182069 0.26590728]"
4,0.0,10,0.2,0.2,"[-30.0, 20.0, 0.0]","[0.6, 0.6, 1.0]","[10.53135944  9.95164005  9.32356072  9.95164005  9.69819364  9.27718686
  8.57796535  9.04647231  9.33702209  8.77459866  8.27431753  8.88201893]","[0.20317765 0.20170974 0.20130711 0.20160284 0.22409373 0.22227667
 0.22620122 0.22732892 0.23689384 0.23940635 0.23869291 0.23532115]"
4,0.0,10,0.2,0.2,"[-30.0, 20.0, 0.0]","[1.0, 1.0, 1.0]","[10.53135944  9.95164005  9.32356072  9.95164005  9.3229516   9.03122013
  8.22401876  8.53601461  8.98291313  8.43297505  7.96782594  8.5536194 ]","[0.20875619 0.20473091 0.20361969 0.20443418 0.24499735 0.24068612
 0.2495717  0.25337055 0.2596223  0.26289884 0.26158957 0.2573724 ]"
4,0.0,10,0.2,0.2,"[0.0, -20.0, 0.0]","[0.6, 0.6, 1.0]","[10.53135944  9.95164005  9.32356072  9.95164005  9.50948219  8.98615611
  8.41954103  8.98564394  9.30005026  8.89631181  8.21331669  8.65061212]","[0.20007375 0.2001483  0.20020594 0.20005581 0.2332839  0.23053518
 0.22914992 0.23011655 0.24191765 0.23734457 0.23964431 0.24321453]"
4,0.0,10,0.2,0.2,"[0.0, -20.0, 0.0]","[1.0, 1.0, 1.0]","[10.53135944  9.95164005  9.32356072  9.95164005  8.95395738  8.46231275
  7.92983455  8.46018009  9.02508798  8.65508151  7.94658904  8.33290266]","[0.20020483 0.2004118  0.20057177 0.200155   0.26524122 0.25927365
 0.25621058 0.25839238 0.26291422 0.2561022  0.25925693 0.26485699]"
4,0.0,10,0.2,0.2,"[0.0, 0.0, 0.0]","[0.6, 0.6, 1.0]","[10.53135944  9.95164005  9.32356072  9.95164005  9.50948219  8.98615611
  8.41954103  8.98564394  9.16895881  8.66244064  8.12036553  8.66645037]","[0.20007375 0.2001483  0.20020594 0.20005581 0.22834972 0.22864172
 0.22886447 0.22826307 0.24269564 0.24346765 0.24388786 0.24239031]"
4,0.0,10,0.2,0.2,"[0.0, 0.0, 0.0]","[1.0, 1.0, 1.0]","[10.53135944  9.95164005  9.32356072  9.95164005  8.95395738  8.46231275
  7.92983455  8.46018009  8.83435471  8.34655677  7.82839558  8.35135088]","[0.20020483 0.2004118  0.20057177 0.200155   0.25467545 0.25529742
 0.25576992 0.25448111 0.26382562 0.26486931 0.26533784 0.26336671]"
4,0.0,10,0.2,0.2,"[0.0, 20.0, 0.0]","[0.6, 0.6, 1.0]","[10.53135944  9.95164005  9.32356072  9.95164005  9.50948219  8.98615611
  8.41954103  8.98564394  9.28660659  8.65853601  8.24229158  8.9044182 ]","[0.20007375 0.2001483  0.20020594 0.20005581 0.23032081 0.23200365
 0.23483624 0.23107321 0.23950633 0.24517012 0.24365169 0.23700295]"
4,0.0,10,0.2,0.2,"[0.0, 20.0, 0.0]","[1.0, 1.0, 1.0]","[10.53135944  9.95164005  9.32356072  9.95164005  8.95395738  8.46231275
  7.92983455  8.46018009  8.99636016  8.35492399  8.00899883  8.66889691]","[0.20020483 0.2004118  0.20057177 0.200155   0.25875145 0.26243799
 0.26853147 0.26045345 0.25925769 0.26751314 0.26506559 0.25568078]"
4,0.0,10,0.2,0.2,"[30.0, -20.0, 0.0]","[0.6, 0.6, 1.0]","[10.53135944  9.95164005  9.32356072  9.95164005  9.69287558  9.0504174
  8.58776768  9.27780248  9.34104098  8.87654404  8.26466925  8.77498891]","[0.20199073 0.20238786 0.20368869 0.20197357 0.22519127 0.22730936
 0.22383422 0.22125547 0.23741953 0.23629064 0.23770407 0.2379771 ]"
4,0.0,10,0.2,0.2,"[30.0, -20.0, 0.0]","[1.0, 1.0, 1.0]","[10.53135944  9.95164005  9.32356072  9.95164005  9.30448753  8.55282095
  8.26014872  9.03311485  8.98812934  8.54603984  7.94947532  8.42896008]","[0.20550387 0.20659802 0.2101539  0.20545612 0.24727781 0.25329901
 0.24457097 0.23857733 0.26011409 0.25899191 0.26081275 0.26096033]"
4,0.0,10,0.2,0.2,"[30.0, 0.0, 0.0]","[0.6, 0.6, 1.0]","[10.53135944  9.95164005  9.32356072  9.95164005  9.69287558  9.0504174
  8.58776768  9.27780248  9.26199245  8.68456844  8.2133107   8.82680724]","[0.20199073 0.20238786 0.20368869 0.20197357 0.2243107  0.22814068
 0.22655639 0.22190906 0.23852351 0.24232561 0.24181367 0.23721464]"
4,0.0,10,0.2,0.2,"[30.0, 0.0, 0.0]","[1.0, 1.0, 1.0]","[10.53135944  9.95164005  9.32356072  9.95164005  9.30448753  8.55282095
  8.26014872  9.03311485  8.90782229  8.30429891  7.92509841  8.55159712]","[0.20550387 0.20659802 0.2101539  0.20545612 0.24631968 0.25613911
 0.25172449 0.24068569 0.26150073 0.26852943 0.26682713 0.25872598]"
4,0.0,10,0.2,0.2,"[30.0, 20.0, 0.0]","[0.6, 0.6, 1.0]","[10.53135944  9.95164005  9.32356072  9.95164005  9.69287558  9.0504174
  8.58776768  9.27780248  9.40549372  8.73023458  8.34886099  9.04723073]","[0.20199073 0.20238786 0.20368869 0.20197357 0.22936597 0.23364715
 0.2343967  0.22629512 0.23624261 0.24355992 0.241944   0.2332279 ]"
4,0.0,10,0.2,0.2,"[30.0, 20.0, 0.0]","[1.0, 1.0, 1.0]","[10.53135944  9.95164005  9.32356072  9.95164005  9.30448753  8.55282095
  8.26014872  9.03311485  9.1554118   8.42973042  8.15614006  8.87352078]","[0.20550387 0.20659802 0.2101539  0.20545612 0.25886724 0.2699931
 0.27008014 0.25083463 0.25832393 0.27008143 0.26717078 0.25320318]"
4,8.0,10,0.2,0.2,"[-30.0, -20.0, 0.0]","[0.6, 0.6, 1.0]","[10.53135944  9.95164005  9.32356072  9.95164005  9.93291194  9.0749949
  8.79128508  9.64900519  9.75183121  8.85601504  8.62568443  9.51621182]","[0.20317765 0.20170974 0.20130711 0.20160284 0.22342275 0.2297027
 0.22022893 0.21422682 0.2262227  0.23513532 0.22548782 0.21785464]"
4,8.0,10,0.2,0.2,"[-30.0, -20.0, 0.0]","[1.0, 1.0, 1.0]","[10.53135944  9.95164005  9.32356072  9.95164005  9.46836988  8.54535788
  8.36490525  9.28365725  9.33149098  8.43088078  8.22665268  9.12982509]","[0.20875619 0.20473091 0.20361969 0.20443418 0.25412476 0.26280682
 0.24596378 0.23648318 0.25142762 0.26261265 0.25033723 0.24059235]"
4,8.0,10,0.2,0.2,"[-30.0, 0.0, 0.0]","[0.6, 0.6, 1.0]","[10.53135944  9.95164005  9.32356072  9.95164005  9.93291194  9.0749949
  8.79128508  9.64900519  9.80111247  8.86431461  8.67501171  9.58651544]","[0.20317765 0.20170974 0.20130711 0.20160284 0.21922317 0.22655885
 0.21862155 0.21247752 0.22431088 0.23445488 0.22472179 0.21626563]"
4,8.0,10,0.2,0.2,"[-30.0, 0.0, 0.0]","[1.0, 1.0, 1.0]","[10.53135944  9.95164005  9.32356072  9.95164005  9.46836988  8.54535788
  8.36490525  9.28365725  9.41493883  8.41825645  8.32590975  9.29888828]","[0.20875619 0.20473091 0.20361969 0.20443418 0.2426838  0.25372024
 0.24122485 0.23176609 0.24759817 0.2615749  0.24808719 0.23614587]"
4,8.0,10,0.2,0.2,"[-30.0, 20.0, 0.0]","[0.6, 0.6, 1.0]","[10.53135944  9.95164005  9.32356072  9.95164005  9.93291194  9.0749949
  8.79128508  9.64900519  9.97717437  9.06982006  8.83223618  9.71216248]","[0.20317765 0.20170974 0.20130711 0.20160284 0.21971044 0.22732816
 0.22116975 0.21361149 0.22003239 0.2296409  0.22150755 0.21358146]"
4,8.0,10,0.2,0.2,"[-30.0, 20.0, 0.0]","[1.0, 1.0, 1.0]","[10.53135944  9.95164005  9.32356072  9.95164005  9.46836988  8.54535788
  8.36490525  9.28365725  9.72527663  8.74813085  8.60736982  9.54731655]","[0.20875619 0.20473091 0.20361969 0.20443418 0.24389879 0.25553499
 0.24780631 0.23463394 0.23921716 0.25274594 0.2413809  0.23019776]"
4,8.0,10,0.2,0.2,"[0.0, -20.0, 0.0]","[0.6, 0.6, 1.0]","[10.53135944  9.95164005  9.32356072  9.95164005  9.95166302  9.04249461
  8.81050173  9.69288717  9.78194824  8.87363291  8.65591757  9.55233737]","[0.20007375 0.2001483  0.20020594 0.20005581 0.22117812 0.22832805
 0.21889108 0.21261871 0.22514508 0.2343343  0.22474632 0.21693094]"
4,8.0,10,0.2,0.2,"[0.0, -20.0, 0.0]","[1.0, 1.0, 1.0]","[10.53135944  9.95164005  9.32356072  9.95164005  9.57830431  8.53582451
  8.480658    9.47639108  9.36824757  8.4245453   8.2738371   9.20662117]","[0.20020483 0.2004118  0.20057177 0.200155   0.24602153 0.25654123
 0.24007034 0.22984399 0.24983378 0.26212026 0.24908362 0.23852185]"
4,8.0,10,0.2,0.2,"[0.0, 0.0, 0.0]","[0.6, 0.6, 1.0]","[10.53135944  9.95164005  9.32356072  9.95164005  9.95166302  9.04249461
  8.81050173  9.69288717  9.84211776  8.90474793  8.71386366  9.62244603]","[0.20007375 0.2001483  0.20020594 0.20005581 0.21821105 0.22696773
 0.21851627 0.21152198 0.22312298 0.23330929 0.22386686 0.2154034 ]"
4,8.0,10,0.2,0.2,"[0.0, 0.0, 0.0]","[1.0, 1.0, 1.0]","[10.53135944  9.95164005  9.32356072  9.95164005  9.57830431  8.53582451
  8.480658    9.47639108  9.49595851  8.4865027   8.40900645  9.38622555]","[0.20020483 0.2004118  0.20057177 0.200155   0.23820149 0.25271264
 0.23897731 0.22705109 0.24520775 0.25948855 0.24609086 0.23401017]"
4,8.0,10,0.2,0.2,"[0.0, 20.0, 0.0]","[0.6, 0.6, 1.0]","[10.53135944  9.95164005  9.32356072  9.95164005  9.95166302  9.04249461
  8.81050173  9.69288717 10.01251213  9.11441478  8.86496064  9.73655348]","[0.20007375 0.2001483  0.20020594 0.20005581 0.21971467 0.22941104
 0.22221049 0.21319769 0.21910043 0.22864079 0.22092239 0.2130295 ]"
4,8.0,10,0.2,0.2,"[0.0, 20.0, 0.0]","[1.0, 1.0, 1.0]","[10.53135944  9.95164005  9.32356072  9.95164005  9.57830431  8.53582451
  8.480658    9.47639108  9.80394349  8.84223038  8.68308072  9.6116936 ]","[0.20020483 0.2004118  0.20057177 0.200155   0.24229234 0.25953779
 0.24868639 0.23128156 0.23726098 0.25062888 0.23994479 0.22881415]"
4,8.0,10,0.2,0.2,"[30.0, -20.0, 0.0]","[0.6, 0.6, 1.0]","[10.53135944  9.95164005  9.32356072  9.95164005 10.18184219  9.34339534
  9.01355527  9.83508265  9.86401038  8.96300728  8.73196729  9.61837536]","[0.20199073 0.20238786 0.20368869 0.20197357 0.21460113 0.21984377
 0.21346919 0.20899583 0.22217183 0.23099164 0.22212611 0.21464236]"
4,8.0,10,0.2,0.2,"[30.0, -20.0, 0.0]","[1.0, 1.0, 1.0]","[10.53135944  9.95164005  9.32356072  9.95164005 10.05211878  9.12834944
  8.89698801  9.78563938  9.43662     8.47391424  8.3476332   9.29266804]","[0.20550387 0.20659802 0.2101539  0.20545612 0.23057245 0.23689577
 0.22755274 0.22133525 0.24760961 0.26022692 0.24715245 0.23631742]"
4,8.0,10,0.2,0.2,"[30.0, 0.0, 0.0]","[0.6, 0.6, 1.0]","[10.53135944  9.95164005  9.32356072  9.95164005 10.18184219  9.34339534
  9.01355527  9.83508265  9.92514173  9.00758229  8.78856954  9.67876125]","[0.20199073 0.20238786 0.20368869 0.20197357 0.21316468 0.22031752
 0.21422876 0.20858575 0.22029979 0.2298916  0.22137071 0.21339302]"
4,8.0,10,0.2,0.2,"[30.0, 0.0, 0.0]","[1.0, 1.0, 1.0]","[10.53135944  9.95164005  9.32356072  9.95164005 10.05211878  9.12834944
  8.89698801  9.78563938  9.60234479  8.60389624  8.50852003  9.47403357]","[0.20550387 0.20659802 0.2101539  0.20545612 0.22668333 0.23822841
 0.22961401 0.22022693 0.2423221  0.25624692 0.2437482  0.23195513]"
4,8.0,10,0.2,0.2,"[30.0, 20.0, 0.0]","[0.6, 0.6, 1.0]","[10.53135944  9.95164005  9.32356072  9.95164005 10.18184219  9.34339534
  9.01355527  9.83508265 10.0779374   9.20293808  8.92292597  9.77597055]","[0.20199073 0.20238786 0.20368869 0.20197357 0.21545397 0.22388123
 0.21837705 0.21054827 0.21683073 0.22582876 0.21893485 0.21144556]"
4,8.0,10,0.2,0.2,"[30.0, 20.0, 0.0]","[1.0, 1.0, 1.0]","[10.53135944  9.95164005  9.32356072  9.95164005 10.05211878  9.12834944
  8.89698801  9.78563938  9.9023633   8.96626315  8.76999357  9.67936252]","[0.20550387 0.20659802 0.2101539  0.20545612 0.23301975 0.24823245
 0.24088743 0.22547196 0.23496877 0.2479502  0.23831546 0.22741999]"
6,-8.0,10,0.2,0.2,"[-30.0, -20.0, 0.0]","[0.6, 0.6, 1.0]","[10.53135944  9.95164005  9.32356072  9.95164005 10.36355714  9.87995072
  9.17530326  9.68666442 10.30573712  9.84436592  9.12382467  9.61012958]","[0.20317765 0.20170974 0.20130711 0.20160284 0.21085368 0.20747496
 0.20890422 0.21189499 0.2104601  0.20820167 0.21050304 0.21301169]"
6,-8.0,10,0.2,0.2,"[-30.0, -20.0, 0.0]","[1.0, 1.0, 1.0]","[10.53135944  9.95164005  9.32356072  9.95164005 10.29663516  9.84980846
  9.11726093  9.58591634 10.20136717  9.78283728  9.03109907  9.46999105]","[0.20875619 0.20473091 0.20361969 0.20443418 0.22533451 0.21843978
 0.22001659 0.22528499 0.22330034 0.21984664 0.22307069 0.22695008]"
6,-8.0,10,0.2,0.2,"[-30.0, 0.0, 0.0]","[0.6, 0.6, 1.0]","[10.53135944  9.95164005  9.32356072  9.95164005 10.36355714  9.87995072
  9.17530326  9.68666442 10.22770403  9.79266304  9.05468104  9.51204814]","[0.20317765 0.20170974 0.20130711 0.20160284 0.20813399 0.20624081
 0.20804807 0.21029585 0.2119255  0.20937489 0.21237427 0.21522945]"
6,-8.0,10,0.2,0.2,"[-30.0, 0.0, 0.0]","[1.0, 1.0, 1.0]","[10.53135944  9.95164005  9.32356072  9.95164005 10.29663516  9.84980846
  9.11726093  9.58591634 10.04241884  9.67011583  8.89043353  9.27939896]","[0.20875619 0.20473091 0.20361969 0.20443418 0.21790552 0.21508585
 0.21765186 0.22084914 0.2265668  0.22250932 0.22700386 0.23156983]"
6,-8.0,10,0.2,0.2,"[-30.0, 20.0, 0.0]","[0.6, 0.6, 1.0]","[10.53135944  9.95164005  9.32356072  9.95164005 10.36355714  9.87995072
  9.17530326  9.68666442 10.19320644  9.762041    9.02552985  9.48185846]","[0.20317765 0.20170974 0.20130711 0.20160284 0.20885957 0.20757748
 0.21035483 0.21114457 0.21259686 0.21016231 0.21338502 0.21608594]"
6,-8.0,10,0.2,0.2,"[-30.0, 20.0, 0.0]","[1.0, 1.0, 1.0]","[10.53135944  9.95164005  9.32356072  9.95164005 10.29663516  9.84980846
  9.11726093  9.58591634  9.94600649  9.57930651  8.81347131  9.19952996]","[0.20875619 0.20473091 0.20361969 0.20443418 0.21990364 0.21871544
 0.22394948 0.22321271 0.2287515  0.22485573 0.22956861 0.23396962]"
6,-8.0,10,0.2,0.2,"[0.0, -20.0, 0.0]","[0.6, 0.6, 1.0]","[10.53135944  9.95164005  9.32356072  9.95164005 10.24997217  9.80796878
  9.07448147  9.53907571 10.29098154  9.83354522  9.11064359  9.59244146]","[0.20007375 0.2001483  0.20020594 0.20005581 0.21271871 0.20878441
 0.21094127 0.21458863 0.21079584 0.20853279 0.2109741  0.21348965]"
6,-8.0,10,0.2,0.2,"[0.0, -20.0, 0.0]","[1.0, 1.0, 1.0]","[10.53135944  9.95164005  9.32356072  9.95164005 10.06335045  9.69547892
  8.9094817   9.29013566 10.17070182  9.7596877   9.00339554  9.43339173]","[0.20020483 0.2004118  0.20057177 0.200155   0.22941325 0.22138605
 0.22442319 0.23092994 0.22418111 0.2206902  0.22418153 0.228111  ]"
6,-8.0,10,0.2,0.2,"[0.0, 0.0, 0.0]","[0.6, 0.6, 1.0]","[10.53135944  9.95164005  9.32356072  9.95164005 10.24997217  9.80796878
  9.07448147  9.53907571 10.21109222  9.78028928  9.04011655  9.4931171 ]","[0.20007375 0.2001483  0.20020594 0.20005581 0.21033177 0.20780113
 0.21055263 0.2135449  0.21232019 0.20975376 0.21291033 0.21577943]"
6,-8.0,10,0.2,0.2,"[0.0, 0.0, 0.0]","[1.0, 1.0, 1.0]","[10.53135944  9.95164005  9.32356072  9.95164005 10.06335045  9.69547892
  8.9094817   9.29013566 10.00728487  9.64246547  8.86018595  9.24164055]","[0.20020483 0.2004118  0.20057177 0.200155   0.22265934 0.21863369
 0.22326484 0.22787103 0.22761585 0.22350053 0.22827449 0.23289604]"
6,-8.0,10,0.2,0.2,"[0.0, 20.0, 0.0]","[0.6, 0.6, 1.0]","[10.53135944  9.95164005  9.32356072  9.95164005 10.24997217  9.80796878
  9.07448147  9.53907571 10.17792045  9.74963181  9.01245118  9.46624508]","[0.20007375 0.2001483  0.20020594 0.20005581 0.21159853 0.20949967
 0.21348013 0.2151243  0.21298604 0.21055727 0.213915   0.21660275]"
6,-8.0,10,0.2,0.2,"[0.0, 20.0, 0.0]","[1.0, 1.0, 1.0]","[10.53135944  9.95164005  9.32356072  9.95164005 10.06335045  9.69547892
  8.9094817   9.29013566  9.91767124  9.55271642  8.79109643  9.17637212]","[0.20020483 0.2004118  0.20057177 0.200155   0.22627742 0.22334619
 0.2315028  0.23245804 0.22971726 0.22587403 0.23071936 0.23505403]"
6,-8.0,10,0.2,0.2,"[30.0, -20.0, 0.0]","[0.6, 0.6, 1.0]","[10.53135944  9.95164005  9.32356072  9.95164005 10.23254058  9.78571047
  9.06050656  9.53581317 10.28286     9.82766945  9.1033895   9.58266924]","[0.20199073 0.20238786 0.20368869 0.20197357 0.21267916 0.20906814
 0.21102624 0.21426731 0.21093486 0.20871075 0.21125025 0.213731  ]"
6,-8.0,10,0.2,0.2,"[30.0, -20.0, 0.0]","[1.0, 1.0, 1.0]","[10.53135944  9.95164005  9.32356072  9.95164005  9.97879479  9.60167614
  8.84445413  9.24203918 10.148955    9.74191664  8.98419769  9.40910556]","[0.20550387 0.20659802 0.2101539  0.20545612 0.23027932 0.22304292
 0.2253903  0.23099543 0.22458769 0.22115716 0.22481344 0.2287015 ]"
6,-8.0,10,0.2,0.2,"[30.0, 0.0, 0.0]","[0.6, 0.6, 1.0]","[10.53135944  9.95164005  9.32356072  9.95164005 10.23254058  9.78571047
  9.06050656  9.53581317 10.20079758  9.77206176  9.03122057  9.48243744]","[0.20199073 0.20238786 0.20368869 0.20197357 0.2107082  0.20839215
 0.21115539 0.21383243 0.21252792 0.209997   0.2132534  0.21608486]"
6,-8.0,10,0.2,0.2,"[30.0, 0.0, 0.0]","[1.0, 1.0, 1.0]","[10.53135944  9.95164005  9.32356072  9.95164005  9.97879479  9.60167614
  8.84445413  9.24203918  9.98158535  9.61978612  8.83888021  9.21816227]","[0.20550387 0.20659802 0.2101539  0.20545612 0.22460144 0.22109994
 0.22568903 0.22967688 0.2281849  0.22412555 0.22904309 0.23359828]"
6,-8.0,10,0.2,0.2,"[30.0, 20.0, 0.0]","[0.6, 0.6, 1.0]","[10.53135944  9.95164005  9.32356072  9.95164005 10.23254058  9.78571047
  9.06050656  9.53581317 10.16959864  9.74174245  9.0055454   9.45965607]","[0.20199073 0.20238786 0.20368869 0.20197357 0.21251902 0.21045391
 0.21461562 0.21608913 0.2131829  0.21080929 0.21423573 0.2168597 ]"
6,-8.0,10,0.2,0.2,"[30.0, 20.0, 0.0]","[1.0, 1.0, 1.0]","[10.53135944  9.95164005  9.32356072  9.95164005  9.97879479  9.60167614
  8.84445413  9.24203918  9.9011926   9.53321374  8.7790165   9.16923659]","[0.20550387 0.20659802 0.2101539  0.20545612 0.22986729 0.22692459
 0.23554027 0.23628868 0.23016541 0.22647704 0.23131882 0.23547114]"
6,0.0,10,0.2,0.2,"[-30.0, -20.0, 0.0]","[0.6, 0.6, 1.0]","[10.53135944  9.95164005  9.32356072  9.95164005 10.02903405  9.51886713
  8.8732658   9.42754663  9.91442629  9.41086647  8.76300967  9.30291101]","[0.20317765 0.20170974 0.20130711 0.20160284 0.22142661 0.21718497
 0.21715138 0.21905511 0.22220826 0.21940389 0.21946014 0.22127997]"
6,0.0,10,0.2,0.2,"[-30.0, -20.0, 0.0]","[1.0, 1.0, 1.0]","[10.53135944  9.95164005  9.32356072  9.95164005  9.79845682  9.34107645
  8.65385286  9.14116032  9.7136002   9.23650464  8.55470574  9.04672809]","[0.20875619 0.20473091 0.20361969 0.20443418 0.24617512 0.23521934
 0.23496823 0.23995847 0.24160484 0.23591979 0.23604316 0.24000062]"
6,0.0,10,0.2,0.2,"[-30.0, 0.0, 0.0]","[0.6, 0.6, 1.0]","[10.53135944  9.95164005  9.32356072  9.95164005 10.02903405  9.51886713
  8.8732658   9.42754663  9.84047523  9.31601141  8.70675219  9.27354174]","[0.20317765 0.20170974 0.20130711 0.20160284 0.21621305 0.21451343
 0.21508096 0.21634809 0.22189014 0.22110094 0.2212575  0.22141271]"
6,0.0,10,0.2,0.2,"[-30.0, 0.0, 0.0]","[1.0, 1.0, 1.0]","[10.53135944  9.95164005  9.32356072  9.95164005  9.79845682  9.34107645
  8.65385286  9.14116032  9.56261076  9.06456843  8.44726776  8.97950259]","[0.20875619 0.20473091 0.20361969 0.20443418 0.23216907 0.22802452
 0.22918323 0.23239843 0.24070747 0.23876498 0.23903331 0.24004009]"
6,0.0,10,0.2,0.2,"[-30.0, 20.0, 0.0]","[0.6, 0.6, 1.0]","[10.53135944  9.95164005  9.32356072  9.95164005 10.02903405  9.51886713
  8.8732658   9.42754663  9.87892342  9.31704599  8.7503054   9.35698362]","[0.20317765 0.20170974 0.20130711 0.20160284 0.21520174 0.21500019
 0.21685759 0.21660329 0.22006878 0.22130365 0.22131716 0.21951045]"
6,0.0,10,0.2,0.2,"[-30.0, 20.0, 0.0]","[1.0, 1.0, 1.0]","[10.53135944  9.95164005  9.32356072  9.95164005  9.79845682  9.34107645
  8.65385286  9.14116032  9.60413167  9.04522801  8.51628389  9.11357276]","[0.20875619 0.20473091 0.20361969 0.20443418 0.22927821 0.22918216
 0.23379527 0.23297211 0.23755759 0.23957927 0.23917223 0.23648014]"
6,0.0,10,0.2,0.2,"[0.0, -20.0, 0.0]","[0.6, 0.6, 1.0]","[10.53135944  9.95164005  9.32356072  9.95164005  9.91807203  9.37230643
  8.78108249  9.37194596  9.86804603  9.35860387  8.72727243  9.27793236]","[0.20007375 0.2001483  0.20020594 0.20005581 0.22075363 0.21890813
 0.21795833 0.21861587 0.22211804 0.22058333 0.22096898 0.22180898]"
6,0.0,10,0.2,0.2,"[0.0, -20.0, 0.0]","[1.0, 1.0, 1.0]","[10.53135944  9.95164005  9.32356072  9.95164005  9.5823449   9.05587584
  8.48534168  9.05438774  9.63262761  9.15088581  8.50073847  9.0120919 ]","[0.20020483 0.2004118  0.20057177 0.200155   0.24258743 0.23779741
 0.23533507 0.23706831 0.23969847 0.23668588 0.2373458  0.23938958]"
6,0.0,10,0.2,0.2,"[0.0, 0.0, 0.0]","[0.6, 0.6, 1.0]","[10.53135944  9.95164005  9.32356072  9.95164005  9.91807203  9.37230643
  8.78108249  9.37194596  9.80458599  9.26462138  8.6814982   9.26544703]","[0.20007375 0.2001483  0.20020594 0.20005581 0.21743223 0.21763396
 0.21778542 0.21737344 0.22218916 0.22274089 0.22311166 0.22200688]"
6,0.0,10,0.2,0.2,"[0.0, 0.0, 0.0]","[1.0, 1.0, 1.0]","[10.53135944  9.95164005  9.32356072  9.95164005  9.5823449   9.05587584
  8.48534168  9.05438774  9.51814916  8.99484356  8.43093928  8.9949497 ]","[0.20020483 0.2004118  0.20057177 0.200155   0.23397174 0.23447698
 0.23485509 0.23382109 0.23968969 0.24042434 0.24087599 0.23941882]"
6,0.0,10,0.2,0.2,"[0.0, 20.0, 0.0]","[0.6, 0.6, 1.0]","[10.53135944  9.95164005  9.32356072  9.95164005  9.91807203  9.37230643
  8.78108249  9.37194596  9.86161006  9.28184584  8.74026514  9.36147152]","[0.20007375 0.2001483  0.20020594 0.20005581 0.21874761 0.21990979
 0.22181817 0.21927133 0.22066427 0.22308482 0.22339611 0.22027824]"
6,0.0,10,0.2,0.2,"[0.0, 20.0, 0.0]","[1.0, 1.0, 1.0]","[10.53135944  9.95164005  9.32356072  9.95164005  9.5823449   9.05587584
  8.48534168  9.05438774  9.61358769  9.02647739  8.5392409   9.15717257]","[0.20020483 0.2004118  0.20057177 0.200155   0.23740596 0.24037787
 0.24526182 0.23874987 0.2371952  0.24124625 0.24136184 0.2363824 ]"
6,0.0,10,0.2,0.2,"[30.0, -20.0, 0.0]","[0.6, 0.6, 1.0]","[10.53135944  9.95164005  9.32356072  9.95164005 10.02525022  9.4302071
  8.88020263  9.51939503  9.88117753  9.35541792  8.74515229  9.31590969]","[0.20199073 0.20238786 0.20368869 0.20197357 0.21606726 0.216555
 0.21496859 0.21419526 0.22035226 0.22021796 0.22078768 0.22036102]"
6,0.0,10,0.2,0.2,"[30.0, -20.0, 0.0]","[1.0, 1.0, 1.0]","[10.53135944  9.95164005  9.32356072  9.95164005  9.78499575  9.15210454
  8.67954064  9.3428296   9.61057859  9.11095806  8.4995493   9.03804938]","[0.20550387 0.20659802 0.2101539  0.20545612 0.23163583 0.2327514
 0.22865718 0.22708518 0.23798464 0.23752786 0.2384896  0.23826777]"
6,0.0,10,0.2,0.2,"[30.0, 0.0, 0.0]","[0.6, 0.6, 1.0]","[10.53135944  9.95164005  9.32356072  9.95164005 10.02525022  9.4302071
  8.88020263  9.51939503  9.83643775  9.2751668   8.71459241  9.31858563]","[0.20199073 0.20238786 0.20368869 0.20197357 0.21523864 0.21699737
 0.21675017 0.21454649 0.22077012 0.22254974 0.2230682  0.22066452]"
6,0.0,10,0.2,0.2,"[30.0, 0.0, 0.0]","[1.0, 1.0, 1.0]","[10.53135944  9.95164005  9.32356072  9.95164005  9.78499575  9.15210454
  8.67954064  9.3428296   9.54764495  8.98790716  8.47423028  9.06984938]","[0.20550387 0.20659802 0.2101539  0.20545612 0.22959637 0.23408711
 0.23354785 0.22812219 0.23863808 0.24179479 0.24231765 0.23827463]"
6,0.0,10,0.2,0.2,"[30.0, 20.0, 0.0]","[0.6, 0.6, 1.0]","[10.53135944  9.95164005  9.32356072  9.95164005 10.02525022  9.4302071
  8.88020263  9.51939503  9.9057621   9.30938082  8.7809022   9.41419508]","[0.20199073 0.20238786 0.20368869 0.20197357 0.21872478 0.22079041
 0.22229118 0.21769889 0.2197264  0.2229644  0.22359513 0.21937305]"
6,0.0,10,0.2,0.2,"[30.0, 20.0, 0.0]","[1.0, 1.0, 1.0]","[10.53135944  9.95164005  9.32356072  9.95164005  9.78499575  9.15210454
  8.67954064  9.3428296   9.68720775  9.06972462  8.60907865  9.2439597 ]","[0.20550387 0.20659802 0.2101539  0.20545612 0.23919541 0.24455194
 0.24832025 0.23655749 0.23711777 0.24267959 0.24336454 0.23613393]"
6,8.0,10,0.2,0.2,"[-30.0, -20.0, 0.0]","[0.6, 0.6, 1.0]","[10.53135944  9.95164005  9.32356072  9.95164005 10.23367886  9.53534254
  9.05909621  9.78591888 10.17321789  9.4605179   9.00499988  9.74380767]","[0.20317765 0.20170974 0.20130711 0.20160284 0.21368834 0.21549562
 0.21165024 0.20940038 0.2133826  0.21688647 0.21339314 0.2101406 ]"
6,8.0,10,0.2,0.2,"[-30.0, -20.0, 0.0]","[1.0, 1.0, 1.0]","[10.53135944  9.95164005  9.32356072  9.95164005  9.98668021  9.23960838
  8.83331939  9.60109141  9.91436082  9.16702069  8.76689071  9.53627926]","[0.20875619 0.20473091 0.20361969 0.20443418 0.23302091 0.23461979
 0.22744111 0.22403672 0.2302389  0.23523573 0.23010763 0.22554198]"
6,8.0,10,0.2,0.2,"[-30.0, 0.0, 0.0]","[0.6, 0.6, 1.0]","[10.53135944  9.95164005  9.32356072  9.95164005 10.23367886  9.53534254
  9.05909621  9.78591888 10.20359609  9.4851966   9.03322871  9.77415628]","[0.20317765 0.20170974 0.20130711 0.20160284 0.21083478 0.21378858
 0.21072329 0.20811518 0.21252641 0.21629323 0.21297415 0.20951488]"
6,8.0,10,0.2,0.2,"[-30.0, 0.0, 0.0]","[1.0, 1.0, 1.0]","[10.53135944  9.95164005  9.32356072  9.95164005  9.98668021  9.23960838
  8.83331939  9.60109141  9.98870819  9.2236604   8.84211254  9.6248354 ]","[0.20875619 0.20473091 0.20361969 0.20443418 0.22484759 0.22957619
 0.2246626  0.22036459 0.22809737 0.23364467 0.22854257 0.22349014]"
6,8.0,10,0.2,0.2,"[-30.0, 20.0, 0.0]","[0.6, 0.6, 1.0]","[10.53135944  9.95164005  9.32356072  9.95164005 10.23367886  9.53534254
  9.05909621  9.78591888 10.28508415  9.5857811   9.10521858  9.82890603]","[0.20317765 0.20170974 0.20130711 0.20160284 0.21170532 0.21503654
 0.21313981 0.20925825 0.21071543 0.2141522  0.21158174 0.20840215]"
6,8.0,10,0.2,0.2,"[-30.0, 20.0, 0.0]","[1.0, 1.0, 1.0]","[10.53135944  9.95164005  9.32356072  9.95164005  9.98668021  9.23960838
  8.83331939  9.60109141 10.15392872  9.41662402  8.9884421   9.7445586 ]","[0.20875619 0.20473091 0.20361969 0.20443418 0.22742088 0.23323974
 0.23156811 0.2236064  0.22418936 0.22914172 0.225353   0.22084952]"
6,8.0,10,0.2,0.2,"[0.0, -20.0, 0.0]","[0.6, 0.6, 1.0]","[10.53135944  9.95164005  9.32356072  9.95164005 10.25001019  9.53923456
  9.07452194  9.80801559 10.18133598  9.46768265  9.01262569  9.75171688]","[0.20007375 0.2001483  0.20020594 0.20005581 0.21268729 0.21470602
 0.21093487 0.20861929 0.21312432 0.21667632 0.21327761 0.20996618]"
6,8.0,10,0.2,0.2,"[0.0, -20.0, 0.0]","[1.0, 1.0, 1.0]","[10.53135944  9.95164005  9.32356072  9.95164005 10.06351291  9.29086846
  8.90965442  9.6956163   9.92961609  9.17662907  8.78308083  9.55648587]","[0.20020483 0.2004118  0.20057177 0.200155   0.22931364 0.23124787
 0.2244239  0.22094094 0.22973174 0.23488843 0.22979506 0.22506502]"
6,8.0,10,0.2,0.2,"[0.0, 0.0, 0.0]","[0.6, 0.6, 1.0]","[10.53135944  9.95164005  9.32356072  9.95164005 10.25001019  9.53923456
  9.07452194  9.80801559 10.21367982  9.4961678   9.04241234  9.78225587]","[0.20007375 0.2001483  0.20020594 0.20005581 0.21032247 0.21365437
 0.21054437 0.20766393 0.21225026 0.21603427 0.21284344 0.20934879]"
6,8.0,10,0.2,0.2,"[0.0, 0.0, 0.0]","[1.0, 1.0, 1.0]","[10.53135944  9.95164005  9.32356072  9.95164005 10.06351291  9.29086846
  8.90965442  9.6956163  10.01327052  9.24856799  8.86549527  9.64734577]","[0.20020483 0.2004118  0.20057177 0.200155   0.22263464 0.228171
 0.22324326 0.21826272 0.22744522 0.23302287 0.22810986 0.22300125]"
6,8.0,10,0.2,0.2,"[0.0, 20.0, 0.0]","[0.6, 0.6, 1.0]","[10.53135944  9.95164005  9.32356072  9.95164005 10.25001019  9.53923456
  9.07452194  9.80801559 10.29306429  9.5955229   9.11236027  9.83460844]","[0.20007375 0.2001483  0.20020594 0.20005581 0.21159331 0.21550204
 0.21346817 0.20909497 0.2105032  0.21395839 0.211521   0.20829866]"
6,8.0,10,0.2,0.2,"[0.0, 20.0, 0.0]","[1.0, 1.0, 1.0]","[10.53135944  9.95164005  9.32356072  9.95164005 10.06351291  9.29086846
  8.90965442  9.6956163  10.17502723  9.440927    9.00778986  9.76193928]","[0.20020483 0.2004118  0.20057177 0.200155   0.22629689 0.23352755
 0.23146507 0.22223903 0.22367788 0.2286483  0.22508992 0.22051543]"
6,8.0,10,0.2,0.2,"[30.0, -20.0, 0.0]","[0.6, 0.6, 1.0]","[10.53135944  9.95164005  9.32356072  9.95164005 10.364021    9.68700647
  9.17486339  9.87982927 10.1964294   9.48380953  9.02638008  9.76417332]","[0.20199073 0.20238786 0.20368869 0.20197357 0.20974048 0.21089905
 0.20833959 0.20683819 0.2126655  0.21622477 0.21295567 0.2096271 ]"
6,8.0,10,0.2,0.2,"[30.0, -20.0, 0.0]","[1.0, 1.0, 1.0]","[10.53135944  9.95164005  9.32356072  9.95164005 10.29846884  9.58674295
  9.11519239  9.84935285  9.95653336  9.2019837   8.80935935  9.58364223]","[0.20550387 0.20659802 0.2101539  0.20545612 0.22228949 0.22253349
 0.21849492 0.21672446 0.22868686 0.23390062 0.2289386  0.22413613]"
6,8.0,10,0.2,0.2,"[30.0, 0.0, 0.0]","[0.6, 0.6, 1.0]","[10.53135944  9.95164005  9.32356072  9.95164005 10.364021    9.68700647
  9.17486339  9.87982927 10.23021103  9.51534868  9.05716202  9.79455525]","[0.20199073 0.20238786 0.20368869 0.20197357 0.20794245 0.21055765
 0.20848897 0.20621168 0.21178287 0.21555011 0.21251853 0.20902494]"
6,8.0,10,0.2,0.2,"[30.0, 0.0, 0.0]","[1.0, 1.0, 1.0]","[10.53135944  9.95164005  9.32356072  9.95164005 10.29846884  9.58674295
  9.11519239  9.84935285 10.04790696  9.28734234  8.89683581  9.67480227]","[0.20550387 0.20659802 0.2101539  0.20545612 0.21737095 0.22157078
 0.21887743 0.21501172 0.22628969 0.23181318 0.22719239 0.22210912]"
6,8.0,10,0.2,0.2,"[30.0, 20.0, 0.0]","[0.6, 0.6, 1.0]","[10.53135944  9.95164005  9.32356072  9.95164005 10.364021    9.68700647
  9.17486339  9.87982927 10.30784452  9.613182    9.12535306  9.84532654]","[0.20199073 0.20238786 0.20368869 0.20197357 0.20960325 0.21293914
 0.21178606 0.20788081 0.21009517 0.21354695 0.21125871 0.20802053]"
6,8.0,10,0.2,0.2,"[30.0, 20.0, 0.0]","[1.0, 1.0, 1.0]","[10.53135944  9.95164005  9.32356072  9.95164005 10.29846884  9.58674295
  9.11519239  9.84935285 10.20589724  9.4773383   9.03472152  9.78475336]","[0.20550387 0.20659802 0.2101539  0.20545612 0.22194084 0.22815135
 0.22785105 0.2195359  0.22267984 0.22761785 0.22435279 0.21976968]"
8,-8.0,10,0.2,0.2,"[-30.0, -20.0, 0.0]","[0.6, 0.6, 1.0]","[10.53135944  9.95164005  9.32356072  9.95164005 10.43280378  9.90204842
  9.23663368  9.80746512 10.40232873  9.88192171  9.20951746  9.76872851]","[0.20317765 0.20170974 0.20130711 0.20160284 0.20738659 0.20526286
 0.20575096 0.20726533 0.20711622 0.20614749 0.20732376 0.2082467 ]"
8,-8.0,10,0.2,0.2,"[-30.0, -20.0, 0.0]","[1.0, 1.0, 1.0]","[10.53135944  9.95164005  9.32356072  9.95164005 10.39037096  9.88015355
  9.20018831  9.74822882 10.33371941  9.83898143  9.14906907  9.68015734]","[0.20875619 0.20473091 0.20361969 0.20443418 0.22012927 0.21534826
 0.21551994 0.21834678 0.21696189 0.21537305 0.21702108 0.21862866]"
8,-8.0,10,0.2,0.2,"[-30.0, 0.0, 0.0]","[0.6, 0.6, 1.0]","[10.53135944  9.95164005  9.32356072  9.95164005 10.43280378  9.90204842
  9.23663368  9.80746512 10.36090197  9.8535705   9.17266691  9.71745094]","[0.20317765 0.20170974 0.20130711 0.20160284 0.20508728 0.20419986
 0.20509953 0.20607306 0.20788967 0.20680852 0.20833823 0.20938508]"
8,-8.0,10,0.2,0.2,"[-30.0, 0.0, 0.0]","[1.0, 1.0, 1.0]","[10.53135944  9.95164005  9.32356072  9.95164005 10.39037096  9.88015355
  9.20018831  9.74822882 10.24523395  9.77485682  9.07031265  9.5747343 ]","[0.20875619 0.20473091 0.20361969 0.20443418 0.21364766 0.21235756
 0.21367549 0.21496131 0.21871822 0.21686355 0.21916416 0.22107529]"
8,-8.0,10,0.2,0.2,"[-30.0, 20.0, 0.0]","[0.6, 0.6, 1.0]","[10.53135944  9.95164005  9.32356072  9.95164005 10.43280378  9.90204842
  9.23663368  9.80746512 10.34336547  9.8383257   9.15763087  9.70092417]","[0.20317765 0.20170974 0.20130711 0.20160284 0.20593682 0.20551472
 0.20732764 0.20706843 0.20820735 0.20720879 0.20885804 0.20981253]"
8,-8.0,10,0.2,0.2,"[-30.0, 20.0, 0.0]","[1.0, 1.0, 1.0]","[10.53135944  9.95164005  9.32356072  9.95164005 10.39037096  9.88015355
  9.20018831  9.74822882 10.19195461  9.7265793   9.02701779  9.52671795]","[0.20875619 0.20473091 0.20361969 0.20443418 0.21607426 0.21607021
 0.21997429 0.21781738 0.21982485 0.21808694 0.22053749 0.22234129]"
8,-8.0,10,0.2,0.2,"[0.0, -20.0, 0.0]","[0.6, 0.6, 1.0]","[10.53135944  9.95164005  9.32356072  9.95164005 10.37009423  9.86044194
  9.18079567  9.72793952 10.39316254  9.87520444  9.20133728  9.75780367]","[0.20007375 0.2001483  0.20020594 0.20005581 0.20933272 0.20686694
 0.20769127 0.20956608 0.20757367 0.20659508 0.20785177 0.20878416]"
8,-8.0,10,0.2,0.2,"[0.0, -20.0, 0.0]","[1.0, 1.0, 1.0]","[10.53135944  9.95164005  9.32356072  9.95164005 10.26115814  9.79150747
  9.08442504  9.58671097 10.31892137  9.827508    9.13568699  9.66290631]","[0.20020483 0.2004118  0.20057177 0.200155   0.22252422 0.21707965
 0.2179257  0.22143635 0.2179404  0.21634305 0.21811773 0.2197386 ]"
8,-8.0,10,0.2,0.2,"[0.0, 0.0, 0.0]","[0.6, 0.6, 1.0]","[10.53135944  9.95164005  9.32356072  9.95164005 10.37009423  9.86044194
  9.18079567  9.72793952 10.34948697  9.8452129   9.16256505  9.70406424]","[0.20007375 0.2001483  0.20020594 0.20005581 0.2070904  0.20590687
 0.20728533 0.208596   0.20839467 0.20729393 0.20892174 0.20998918]"
8,-8.0,10,0.2,0.2,"[0.0, 0.0, 0.0]","[1.0, 1.0, 1.0]","[10.53135944  9.95164005  9.32356072  9.95164005 10.26115814  9.79150747
  9.08442504  9.58671097 10.22689162  9.76067692  9.0542114   9.55419307]","[0.20020483 0.2004118  0.20057177 0.200155   0.2162046  0.21438231
 0.21674458 0.21864569 0.21979501 0.21791419 0.22036687 0.2223055 ]"
8,-8.0,10,0.2,0.2,"[0.0, 20.0, 0.0]","[0.6, 0.6, 1.0]","[10.53135944  9.95164005  9.32356072  9.95164005 10.37009423  9.86044194
  9.18079567  9.72793952 10.33118164  9.82900527  9.14702236  9.68732366]","[0.20007375 0.2001483  0.20020594 0.20005581 0.20829584 0.2075291
 0.21001522 0.21003677 0.2087344  0.20772317 0.20946939 0.21043668]"
8,-8.0,10,0.2,0.2,"[0.0, 20.0, 0.0]","[1.0, 1.0, 1.0]","[10.53135944  9.95164005  9.32356072  9.95164005 10.26115814  9.79150747
  9.08442504  9.58671097 10.17371605  9.71121115  9.01198502  9.50860742]","[0.20020483 0.2004118  0.20057177 0.200155   0.21962546 0.21891203
 0.2244071  0.22276477 0.22092345 0.21918716 0.22175136 0.22355689]"
8,-8.0,10,0.2,0.2,"[30.0, -20.0, 0.0]","[0.6, 0.6, 1.0]","[10.53135944  9.95164005  9.32356072  9.95164005 10.36053086  9.84912273
  9.1729621   9.72369472 10.39031019  9.8731233   9.19877744  9.75436209]","[0.20199073 0.20238786 0.20368869 0.20197357 0.20930513 0.20699303
 0.20772728 0.20944251 0.20765353 0.2067038  0.20800439 0.20890967]"
8,-8.0,10,0.2,0.2,"[30.0, -20.0, 0.0]","[1.0, 1.0, 1.0]","[10.53135944  9.95164005  9.32356072  9.95164005 10.21174903  9.74145344
  9.04563476  9.54997557 10.31111204  9.82089702  9.12877075  9.65442374]","[0.20550387 0.20659802 0.2101539  0.20545612 0.22300566 0.21789412
 0.21846721 0.22168321 0.21817008 0.21662306 0.21846523 0.22004323]"
8,-8.0,10,0.2,0.2,"[30.0, 0.0, 0.0]","[0.6, 0.6, 1.0]","[10.53135944  9.95164005  9.32356072  9.95164005 10.36053086  9.84912273
  9.1729621   9.72369472 10.3455028   9.84215653  9.15907754  9.6996343 ]","[0.20199073 0.20238786 0.20368869 0.20197357 0.20727283 0.20621549
 0.20761544 0.20876862 0.20850295 0.20742754 0.20910445 0.21014804]"
8,-8.0,10,0.2,0.2,"[30.0, 0.0, 0.0]","[1.0, 1.0, 1.0]","[10.53135944  9.95164005  9.32356072  9.95164005 10.21174903  9.74145344
  9.04563476  9.54997557 10.21706422  9.75229257  9.0459035   9.54446817]","[0.20550387 0.20659802 0.2101539  0.20545612 0.21722604 0.21568156
 0.21809873 0.21971454 0.22008873 0.21824971 0.22077694 0.22267547]"
8,-8.0,10,0.2,0.2,"[30.0, 20.0, 0.0]","[0.6, 0.6, 1.0]","[10.53135944  9.95164005  9.32356072  9.95164005 10.36053086  9.84912273
  9.1729621   9.72369472 10.32748877  9.82588565  9.14390157  9.6837059 ]","[0.20199073 0.20238786 0.20368869 0.20197357 0.2087858  0.20807443
 0.21067856 0.2105668  0.20884551 0.2078641  0.20965307 0.21059098]"
8,-8.0,10,0.2,0.2,"[30.0, 20.0, 0.0]","[1.0, 1.0, 1.0]","[10.53135944  9.95164005  9.32356072  9.95164005 10.21174903  9.74145344
  9.04563476  9.54997557 10.16603652  9.70352621  9.00616565  9.50298917]","[0.20550387 0.20659802 0.2101539  0.20545612 0.22155025 0.22090566
 0.22673008 0.22487433 0.22119669 0.21952482 0.2221263  0.22386801]"
8,0.0,10,0.2,0.2,"[-30.0, -20.0, 0.0]","[0.6, 0.6, 1.0]","[10.53135944  9.95164005  9.32356072  9.95164005 10.19826095  9.65471063
  9.02465103  9.61287554 10.13149897  9.59000666  8.96085279  9.54354097]","[0.20317765 0.20170974 0.20130711 0.20160284 0.21591043 0.21281916
 0.21233123 0.21351539 0.21522317 0.21364222 0.21328069 0.21408292]"
8,0.0,10,0.2,0.2,"[-30.0, -20.0, 0.0]","[1.0, 1.0, 1.0]","[10.53135944  9.95164005  9.32356072  9.95164005 10.03964794  9.52091731
  8.87295399  9.42705236  9.97725347  9.44867911  8.80317669  9.35900199]","[0.20875619 0.20473091 0.20361969 0.20443418 0.23580115 0.2275312
 0.2260875  0.22924438 0.23045786 0.22705334 0.22638551 0.22844284]"
8,0.0,10,0.2,0.2,"[-30.0, 0.0, 0.0]","[0.6, 0.6, 1.0]","[10.53135944  9.95164005  9.32356072  9.95164005 10.19826095  9.65471063
  9.02465103  9.61287554 10.0870681   9.53799007  8.92745083  9.52136414]","[0.20317765 0.20170974 0.20130711 0.20160284 0.21150424 0.21057458
 0.21066537 0.21127952 0.21481402 0.21448677 0.21446487 0.21425227]"
8,0.0,10,0.2,0.2,"[-30.0, 0.0, 0.0]","[1.0, 1.0, 1.0]","[10.53135944  9.95164005  9.32356072  9.95164005 10.03964794  9.52091731
  8.87295399  9.42705236  9.88114664  9.34702155  8.73735695  9.31144051]","[0.20875619 0.20473091 0.20361969 0.20443418 0.22355741 0.22125282
 0.22133255 0.22288326 0.2294444  0.22848676 0.22834587 0.22852903]"
8,0.0,10,0.2,0.2,"[-30.0, 20.0, 0.0]","[0.6, 0.6, 1.0]","[10.53135944  9.95164005  9.32356072  9.95164005 10.19826095  9.65471063
  9.02465103  9.61287554 10.11276623  9.54744588  8.95607957  9.56691967]","[0.20317765 0.20170974 0.20130711 0.20160284 0.21085937 0.2111798
 0.21243602 0.21166605 0.21358835 0.21445842 0.21465904 0.21330687]"
8,0.0,10,0.2,0.2,"[-30.0, 20.0, 0.0]","[1.0, 1.0, 1.0]","[10.53135944  9.95164005  9.32356072  9.95164005 10.03964794  9.52091731
  8.87295399  9.42705236  9.91394895  9.35278396  8.78818225  9.39014029]","[0.20875619 0.20473091 0.20361969 0.20443418 0.22177058 0.22294254
 0.2262929  0.22398443 0.22722563 0.22863238 0.22864407 0.22666918]"
8,0.0,10,0.2,0.2,"[0.0, -20.0, 0.0]","[0.6, 0.6, 1.0]","[10.53135944  9.95164005  9.32356072  9.95164005 10.12693263  9.56964095
  8.96585845  9.56938214 10.11403469  9.57054155  8.94883412  9.53628569]","[0.20007375 0.2001483  0.20020594 0.20005581 0.21487767 0.21335368
 0.21257517 0.21311304 0.21455474 0.21383354 0.21384687 0.21400154]"
8,0.0,10,0.2,0.2,"[0.0, -20.0, 0.0]","[1.0, 1.0, 1.0]","[10.53135944  9.95164005  9.32356072  9.95164005  9.90056617  9.35634513
  8.76653709  9.35526667  9.93261421  9.40576793  8.77475982  9.33744449]","[0.20020483 0.2004118  0.20057177 0.200155   0.23203679 0.22774363
 0.22556666 0.22709056 0.22887042 0.22719028 0.22717302 0.22804672]"
8,0.0,10,0.2,0.2,"[0.0, 0.0, 0.0]","[0.6, 0.6, 1.0]","[10.53135944  9.95164005  9.32356072  9.95164005 10.12693263  9.56964095
  8.96585845  9.56938214 10.07636787  9.52176187  8.92153344  9.52185318]","[0.20007375 0.2001483  0.20020594 0.20005581 0.21211989 0.21228458
 0.21240783 0.21207214 0.2144386  0.21490702 0.21524223 0.21429488]"
8,0.0,10,0.2,0.2,"[0.0, 0.0, 0.0]","[1.0, 1.0, 1.0]","[10.53135944  9.95164005  9.32356072  9.95164005  9.90056617  9.35634513
  8.76653709  9.35526667  9.85747837  9.3157918   8.72989016  9.31492831]","[0.20020483 0.2004118  0.20057177 0.200155   0.22423589 0.22468329
 0.2250175  0.2241049  0.22856231 0.22916921 0.22958143 0.22835609]"
8,0.0,10,0.2,0.2,"[0.0, 20.0, 0.0]","[0.6, 0.6, 1.0]","[10.53135944  9.95164005  9.32356072  9.95164005 10.12693263  9.56964095
  8.96585845  9.56938214 10.1101296   9.53868749  8.95631249  9.57183084]","[0.20007375 0.2001483  0.20020594 0.20005581 0.21322998 0.21418088
 0.21575155 0.21365349 0.21348789 0.21501599 0.21562972 0.21353333]"
8,0.0,10,0.2,0.2,"[0.0, 20.0, 0.0]","[1.0, 1.0, 1.0]","[10.53135944  9.95164005  9.32356072  9.95164005  9.90056617  9.35634513
  8.76653709  9.35526667  9.91895504  9.34728577  8.80095672  9.40917602]","[0.20020483 0.2004118  0.20057177 0.200155   0.22743657 0.23005878
 0.2344215  0.2285959  0.22694811 0.22953853 0.23027542 0.22691116]"
8,0.0,10,0.2,0.2,"[30.0, -20.0, 0.0]","[0.6, 0.6, 1.0]","[10.53135944  9.95164005  9.32356072  9.95164005 10.19550143  9.61473479
  9.02967454  9.65512931 10.11443523  9.56626321  8.95233147  9.54612299]","[0.20199073 0.20238786 0.20368869 0.20197357 0.21170614 0.21158797
 0.21060972 0.21043192 0.21381689 0.21390848 0.21424948 0.21368423]"
8,0.0,10,0.2,0.2,"[30.0, -20.0, 0.0]","[1.0, 1.0, 1.0]","[10.53135944  9.95164005  9.32356072  9.95164005 10.02952795  9.43467588
  8.8919289   9.52239188  9.92005542  9.3889765   8.77443278  9.34652522]","[0.20550387 0.20659802 0.2101539  0.20545612 0.22421228 0.22368708
 0.22104507 0.22086518 0.22760374 0.22749225 0.22802806 0.22756638]"
8,0.0,10,0.2,0.2,"[30.0, 0.0, 0.0]","[0.6, 0.6, 1.0]","[10.53135944  9.95164005  9.32356072  9.95164005 10.19550143  9.61473479
  9.02967454  9.65512931 10.08463189  9.52245208  8.93163461  9.53887383]","[0.20199073 0.20238786 0.20368869 0.20197357 0.2107493  0.21179454
 0.21194267 0.21057701 0.21398276 0.21517725 0.21582547 0.21409901]"
8,0.0,10,0.2,0.2,"[30.0, 0.0, 0.0]","[1.0, 1.0, 1.0]","[10.53135944  9.95164005  9.32356072  9.95164005 10.02952795  9.43467588
  8.8919289   9.52239188  9.87189531  9.31683363  8.75298789  9.34898022]","[0.20550387 0.20659802 0.2101539  0.20545612 0.2215286  0.22425646
 0.22473223 0.22125288 0.22791619 0.2299055  0.23079394 0.22806544]"
8,0.0,10,0.2,0.2,"[30.0, 20.0, 0.0]","[0.6, 0.6, 1.0]","[10.53135944  9.95164005  9.32356072  9.95164005 10.19550143  9.61473479
  9.02967454  9.65512931 10.12586577  9.54732599  8.97156516  9.59161132]","[0.20199073 0.20238786 0.20368869 0.20197357 0.21363747 0.21496962
 0.21665103 0.21325172 0.21334611 0.21543032 0.21641321 0.2135546 ]"
8,0.0,10,0.2,0.2,"[30.0, 20.0, 0.0]","[1.0, 1.0, 1.0]","[10.53135944  9.95164005  9.32356072  9.95164005 10.02952795  9.43467588
  8.8919289   9.52239188  9.95856503  9.37351498  8.83932045  9.45301921]","[0.20550387 0.20659802 0.2101539  0.20545612 0.22968694 0.23321695
 0.23774993 0.22870278 0.22704643 0.23055178 0.23195302 0.22715623]"
8,8.0,10,0.2,0.2,"[-30.0, -20.0, 0.0]","[0.6, 0.6, 1.0]","[10.53135944  9.95164005  9.32356072  9.95164005 10.36101277  9.72348075
  9.17240879  9.84927541 10.32894639  9.6842601   9.14391505  9.82680836]","[0.20317765 0.20170974 0.20130711 0.20160284 0.20986621 0.21013583
 0.20808505 0.20714763 0.20897385 0.21076942 0.20918224 0.20735433]"
8,8.0,10,0.2,0.2,"[-30.0, -20.0, 0.0]","[1.0, 1.0, 1.0]","[10.53135944  9.95164005  9.32356072  9.95164005 10.2156581   9.5487391
  9.04020919  9.74130819 10.17203818  9.50269852  9.00117844  9.70499193]","[0.20875619 0.20473091 0.20361969 0.20443418 0.2245088  0.2236751
 0.21959946 0.2183493  0.22130336 0.2239365  0.22142729 0.21886779]"
8,8.0,10,0.2,0.2,"[-30.0, 0.0, 0.0]","[0.6, 0.6, 1.0]","[10.53135944  9.95164005  9.32356072  9.95164005 10.36101277  9.72348075
  9.17240879  9.84927541 10.34661928  9.7008698   9.16000258  9.84303516]","[0.20317765 0.20170974 0.20130711 0.20160284 0.20734942 0.20881163
 0.2073637  0.20600184 0.20851415 0.21041628 0.20896526 0.20703473]"
8,8.0,10,0.2,0.2,"[-30.0, 0.0, 0.0]","[1.0, 1.0, 1.0]","[10.53135944  9.95164005  9.32356072  9.95164005 10.2156581   9.5487391
  9.04020919  9.74130819 10.21993914  9.5472864   9.04773097  9.75446893]","[0.20875619 0.20473091 0.20361969 0.20443418 0.21738522 0.21985338
 0.21749375 0.21510471 0.22007704 0.22287766 0.22052836 0.21778636]"
8,8.0,10,0.2,0.2,"[-30.0, 20.0, 0.0]","[0.6, 0.6, 1.0]","[10.53135944  9.95164005  9.32356072  9.95164005 10.36101277  9.72348075
  9.17240879  9.84927541 10.39131087  9.75555023  9.19931684  9.87361567]","[0.20317765 0.20170974 0.20130711 0.20160284 0.20834534 0.21022094
 0.20981967 0.20720021 0.20754217 0.20927976 0.20821529 0.20642095]"
8,8.0,10,0.2,0.2,"[-30.0, 20.0, 0.0]","[1.0, 1.0, 1.0]","[10.53135944  9.95164005  9.32356072  9.95164005 10.2156581   9.5487391
  9.04020919  9.74130819 10.31352145  9.65738391  9.12989804  9.82193837]","[0.20875619 0.20473091 0.20361969 0.20443418 0.22026123 0.22391296
 0.22444416 0.21848783 0.21796989 0.2204507  0.21882754 0.21635057]"
8,8.0,10,0.2,0.2,"[0.0, -20.0, 0.0]","[0.6, 0.6, 1.0]","[10.53135944  9.95164005  9.32356072  9.95164005 10.37011262  9.72800357
  9.18081524  9.8604743  10.33257656  9.68801163  9.14721659  9.82991712]","[0.20007375 0.2001483  0.20020594 0.20005581 0.20931703 0.20969353
 0.20768755 0.20671515 0.20882366 0.21063575 0.20910958 0.20725376]"
8,8.0,10,0.2,0.2,"[0.0, -20.0, 0.0]","[1.0, 1.0, 1.0]","[10.53135944  9.95164005  9.32356072  9.95164005 10.2612393   9.58702748
  9.08451136  9.79161488 10.17926467  9.50898714  9.00829913  9.71286765]","[0.20020483 0.2004118  0.20057177 0.200155   0.22247584 0.22179023
 0.21792461 0.21666252 0.22097857 0.22365736 0.22121845 0.21859559]"
8,8.0,10,0.2,0.2,"[0.0, 0.0, 0.0]","[0.6, 0.6, 1.0]","[10.53135944  9.95164005  9.32356072  9.95164005 10.37011262  9.72800357
  9.18081524  9.8604743  10.35056141  9.7053441   9.16351897  9.84604   ]","[0.20007375 0.2001483  0.20020594 0.20005581 0.20708573 0.20870633
 0.20728153 0.20578266 0.20836496 0.21027727 0.20889413 0.20694071]"
8,8.0,10,0.2,0.2,"[0.0, 0.0, 0.0]","[1.0, 1.0, 1.0]","[10.53135944  9.95164005  9.32356072  9.95164005 10.2612393   9.58702748
  9.08451136  9.79161488 10.22947631  9.55728905  9.05650766  9.7627673 ]","[0.20020483 0.2004118  0.20057177 0.200155   0.21619234 0.21895281
 0.21673486 0.21404026 0.21972347 0.22254263 0.2202991  0.21751867]"
8,8.0,10,0.2,0.2,"[0.0, 20.0, 0.0]","[0.6, 0.6, 1.0]","[10.53135944  9.95164005  9.32356072  9.95164005 10.37011262  9.72800357
  9.18081524  9.8604743  10.39414525  9.75896373  9.20179948  9.87563197]","[0.20007375 0.2001483  0.20020594 0.20005581 0.2082909  0.21039985
 0.21001    0.20715036 0.20742129 0.20917202 0.20817117 0.20635088]"
8,8.0,10,0.2,0.2,"[0.0, 20.0, 0.0]","[1.0, 1.0, 1.0]","[10.53135944  9.95164005  9.32356072  9.95164005 10.2612393   9.58702748
  9.08451136  9.79161488 10.32120172  9.66582251  9.13674714  9.82838886]","[0.20020483 0.2004118  0.20057177 0.200155   0.21962852 0.22378907
 0.22439107 0.21786355 0.21767502 0.2201823  0.21866544 0.21613646]"
8,8.0,10,0.2,0.2,"[30.0, -20.0, 0.0]","[0.6, 0.6, 1.0]","[10.53135944  9.95164005  9.32356072  9.95164005 10.4331505   9.80753449
  9.23619194  9.9019667  10.34465264  9.70173159  9.15802585  9.83921894]","[0.20199073 0.20238786 0.20368869 0.20197357 0.20679068 0.20683363
 0.2054228  0.20482603 0.20825443 0.21004812 0.20862    0.20677306]"
8,8.0,10,0.2,0.2,"[30.0, -20.0, 0.0]","[1.0, 1.0, 1.0]","[10.53135944  9.95164005  9.32356072  9.95164005 10.39174837  9.74826874
  9.19828048  9.87983736 10.1968541   9.5277004   9.02469961  9.72837091]","[0.20550387 0.20659802 0.2101539  0.20545612 0.21847635 0.21715467
 0.21462942 0.21414225 0.2198294  0.22250092 0.22018389 0.21755033]"
8,8.0,10,0.2,0.2,"[30.0, 0.0, 0.0]","[0.6, 0.6, 1.0]","[10.53135944  9.95164005  9.32356072  9.95164005 10.4331505   9.80753449
  9.23619194  9.9019667  10.36195575  9.71874241  9.17359777  9.85434802]","[0.20199073 0.20238786 0.20368869 0.20197357 0.20498522 0.20625739
 0.20535115 0.20414661 0.20781927 0.20970666 0.20842315 0.20648464]"
8,8.0,10,0.2,0.2,"[30.0, 0.0, 0.0]","[1.0, 1.0, 1.0]","[10.53135944  9.95164005  9.32356072  9.95164005 10.39174837  9.74826874
  9.19828048  9.87983736 10.24770546  9.57796122  9.0727142   9.77682459]","[0.20550387 0.20659802 0.2101539  0.20545612 0.2133562  0.21548237
 0.21438881 0.21220787 0.21858635 0.22137556 0.21928939 0.21652219]"
8,8.0,10,0.2,0.2,"[30.0, 20.0, 0.0]","[0.6, 0.6, 1.0]","[10.53135944  9.95164005  9.32356072  9.95164005 10.4331505   9.80753449
  9.23619194  9.9019667  10.40332304  9.7698325   9.20987053  9.88230556]","[0.20199073 0.20238786 0.20368869 0.20197357 0.2063349  0.20812676
 0.20815484 0.20559005 0.20692852 0.20866088 0.20774073 0.20593092]"
8,8.0,10,0.2,0.2,"[30.0, 20.0, 0.0]","[1.0, 1.0, 1.0]","[10.53135944  9.95164005  9.32356072  9.95164005 10.39174837  9.74826874
  9.19828048  9.87983736 10.33612359  9.68292198  9.14972915  9.8397249 ]","[0.20550387 0.20659802 0.2101539  0.20545612 0.2171748  0.22077773
 0.22226557 0.21626014 0.21663608 0.21913385 0.21775477 0.21521609]"
4,-8.0,14,0.1,0.1,"[-30.0, -20.0, 0.0]","[0.6, 0.6, 1.0]","[14.36713768 13.96177995 13.51820218 13.96177995 14.22693349 13.95540747
 13.38650498 13.58217571 14.19772612 13.95167884 13.35911469 13.50855541]","[0.10045922 0.10024622 0.10018397 0.10022481 0.10205951 0.10075954
 0.10168743 0.10375671 0.10188232 0.10065341 0.10177522 0.10400263]"
4,-8.0,14,0.1,0.1,"[-30.0, -20.0, 0.0]","[1.0, 1.0, 1.0]","[14.36713768 13.96177995 13.51820218 13.96177995 14.1476332  13.94974932
 13.31239828 13.38443373 14.0912796  13.94072445 13.25962235 13.25541224]","[0.10127261 0.10068316 0.10051057 0.10062375 0.10437493 0.10186747
 0.10330593 0.10685182 0.10356993 0.10147133 0.10331624 0.10694663]"
4,-8.0,14,0.1,0.1,"[-30.0, 0.0, 0.0]","[0.6, 0.6, 1.0]","[14.36713768 13.96177995 13.51820218 13.96177995 14.22693349 13.95540747
 13.38650498 13.58217571 14.15818736 13.94556608 13.32164358 13.41157436]","[0.10045922 0.10024622 0.10018397 0.10022481 0.10159095 0.10055962
 0.10151192 0.10339994 0.10208221 0.10070673 0.10211322 0.10469159]"
4,-8.0,14,0.1,0.1,"[-30.0, 0.0, 0.0]","[1.0, 1.0, 1.0]","[14.36713768 13.96177995 13.51820218 13.96177995 14.1476332  13.94974932
 13.31239828 13.38443373 13.99883342 13.92207341 13.17169755 13.04978898]","[0.10127261 0.10068316 0.10051057 0.10062375 0.1030256  0.10129961
 0.10279939 0.10580056 0.10405715 0.10161384 0.10407308 0.10841142]"
4,-8.0,14,0.1,0.1,"[-30.0, 20.0, 0.0]","[0.6, 0.6, 1.0]","[14.36713768 13.96177995 13.51820218 13.96177995 14.22693349 13.95540747
 13.38650498 13.58217571 14.15377479 13.94511027 13.31731535 13.40938996]","[0.10045922 0.10024622 0.10018397 0.10022481 0.1015536  0.10067665
 0.10172707 0.10335564 0.10210593 0.10073965 0.10224955 0.10478579]"
4,-8.0,14,0.1,0.1,"[-30.0, 20.0, 0.0]","[1.0, 1.0, 1.0]","[14.36713768 13.96177995 13.51820218 13.96177995 14.1476332  13.94974932
 13.31239828 13.38443373 13.967886   13.91580661 13.14230425 12.997363  ]","[0.10127261 0.10068316 0.10051057 0.10062375 0.10292196 0.10163697
 0.10342437 0.10567911 0.10476964 0.10216322 0.10498614 0.10953611]"
4,-8.0,14,0.1,0.1,"[0.0, -20.0, 0.0]","[0.6, 0.6, 1.0]","[14.36713768 13.96177995 13.51820218 13.96177995 14.15826878 13.94541887
 13.32166106 13.41148564 14.18474897 13.94971664 13.34680716 13.47854175]","[0.10001115 0.10002087 0.10002756 0.10000766 0.10232568 0.10075671
 0.10206623 0.10477164 0.10195442 0.10068567 0.10190689 0.1042218 ]"
4,-8.0,14,0.1,0.1,"[0.0, -20.0, 0.0]","[1.0, 1.0, 1.0]","[14.36713768 13.96177995 13.51820218 13.96177995 13.99753206 13.92151959
 13.17039646 13.04576607 14.05474511 13.93444619 13.22494091 13.17468522]","[0.10003096 0.10005796 0.10007655 0.10002129 0.10530849 0.10228819
 0.10451794 0.10918843 0.10384758 0.10159894 0.10370355 0.10760631]"
4,-8.0,14,0.1,0.1,"[0.0, 0.0, 0.0]","[0.6, 0.6, 1.0]","[14.36713768 13.96177995 13.51820218 13.96177995 14.15826878 13.94541887
 13.32166106 13.41148564 14.14309926 13.94298301 13.30737659 13.37807621]","[0.10001115 0.10002087 0.10002756 0.10000766 0.10200809 0.10063716
 0.10204343 0.10464249 0.1021898  0.10075183 0.10228182 0.10498282]"
4,-8.0,14,0.1,0.1,"[0.0, 0.0, 0.0]","[1.0, 1.0, 1.0]","[14.36713768 13.96177995 13.51820218 13.96177995 13.99753206 13.92151959
 13.17039646 13.04576607 13.95200576 13.91148074 13.12754905 12.95481964]","[0.10003096 0.10005796 0.10007655 0.10002129 0.10433662 0.10192949
 0.10444149 0.10876943 0.10495226 0.10226798 0.10508872 0.10983477]"
4,-8.0,14,0.1,0.1,"[0.0, 20.0, 0.0]","[0.6, 0.6, 1.0]","[14.36713768 13.96177995 13.51820218 13.96177995 14.15826878 13.94541887
 13.32166106 13.41148564 14.13830454 13.9423605  13.3027388  13.37652138]","[0.10001115 0.10002087 0.10002756 0.10000766 0.10215226 0.10084867
 0.1024235  0.10484934 0.10224184 0.10079519 0.10244325 0.10512122]"
4,-8.0,14,0.1,0.1,"[0.0, 20.0, 0.0]","[1.0, 1.0, 1.0]","[14.36713768 13.96177995 13.51820218 13.96177995 13.99753206 13.92151959
 13.17039646 13.04576607 13.91729557 13.90298459 13.09498088 12.90257706]","[0.10003096 0.10005796 0.10007655 0.10002129 0.10477845 0.10255692
 0.10559804 0.10943306 0.10650911 0.10357064 0.1068356  0.11189906]"
4,-8.0,14,0.1,0.1,"[30.0, -20.0, 0.0]","[0.6, 0.6, 1.0]","[14.36713768 13.96177995 13.51820218 13.96177995 14.16836445 13.94779184
 13.3310406  13.45054032 14.17689481 13.94868655 13.33933038 13.4604495 ]","[0.10028208 0.10032778 0.10050426 0.10027383 0.10213657 0.10068737
 0.10195481 0.10439    0.10198191 0.1007034  0.10199211 0.1043455 ]"
4,-8.0,14,0.1,0.1,"[30.0, -20.0, 0.0]","[1.0, 1.0, 1.0]","[14.36713768 13.96177995 13.51820218 13.96177995 13.98654411 13.92129055
 13.1599655  13.04804423 14.02941678 13.92988728 13.20076413 13.11909349]","[0.1007825  0.10090919 0.10139715 0.10075963 0.10464233 0.10173498
 0.10406721 0.10848337 0.10398015 0.10165505 0.10394763 0.10801249]"
4,-8.0,14,0.1,0.1,"[30.0, 0.0, 0.0]","[0.6, 0.6, 1.0]","[14.36713768 13.96177995 13.51820218 13.96177995 14.16836445 13.94779184
 13.3310406  13.45054032 14.1341228  13.94128407 13.29888261 13.35921844]","[0.10028208 0.10032778 0.10050426 0.10027383 0.10198272 0.10065843
 0.10209182 0.10449739 0.10225137 0.10078341 0.1023956  0.10516103]"
4,-8.0,14,0.1,0.1,"[30.0, 0.0, 0.0]","[1.0, 1.0, 1.0]","[14.36713768 13.96177995 13.51820218 13.96177995 13.98654411 13.92129055
 13.1599655  13.04804423 13.92219604 13.90384233 13.09947638 12.89742453]","[0.1007825  0.10090919 0.10139715 0.10075963 0.10414641 0.1016334
 0.10447278 0.10880195 0.10575625 0.10291562 0.1059898  0.11100278]"
4,-8.0,14,0.1,0.1,"[30.0, 20.0, 0.0]","[0.6, 0.6, 1.0]","[14.36713768 13.96177995 13.51820218 13.96177995 14.16836445 13.94779184
 13.3310406  13.45054032 14.1295578  13.94055408 13.29450568 13.35967252]","[0.10028208 0.10032778 0.10050426 0.10027383 0.1023135  0.10096533
 0.10262419 0.10495127 0.10233419 0.10083707 0.10257435 0.10533383]"
4,-8.0,14,0.1,0.1,"[30.0, 20.0, 0.0]","[1.0, 1.0, 1.0]","[14.36713768 13.96177995 13.51820218 13.96177995 13.98654411 13.92129055
 13.1599655  13.04804423 13.88778271 13.89392976 13.06745882 12.85346247]","[0.1007825  0.10090919 0.10139715 0.10075963 0.10515888 0.1025441
 0.10610556 0.11025428 0.10685906 0.10371776 0.10724384 0.1125877 ]"
4,0.0,14,0.1,0.1,"[-30.0, -20.0, 0.0]","[0.6, 0.6, 1.0]","[14.36713768 13.96177995 13.51820218 13.96177995 13.78097814 13.47891846
 12.96555518 13.34634826 13.57216305 13.29702624 12.76595892 13.09228133]","[0.10045922 0.10024622 0.10018397 0.10022481 0.10676205 0.10538452
 0.10585361 0.10637178 0.10854802 0.10698752 0.10748229 0.10849708]"
4,0.0,14,0.1,0.1,"[-30.0, -20.0, 0.0]","[1.0, 1.0, 1.0]","[14.36713768 13.96177995 13.51820218 13.96177995 13.42051069 13.23123991
 12.62301574 12.89867174 13.02251818 12.91685004 12.23327896 12.37061443]","[0.10127261 0.10068316 0.10051057 0.10062375 0.11424209 0.11034552
 0.11131297 0.11306828 0.11809639 0.11365064 0.11515464 0.11841588]"
4,0.0,14,0.1,0.1,"[-30.0, 0.0, 0.0]","[0.6, 0.6, 1.0]","[14.36713768 13.96177995 13.51820218 13.96177995 13.78097814 13.47891846
 12.96555518 13.34634826 13.51884821 13.1865998  12.71804984 13.08561254]","[0.10045922 0.10024622 0.10018397 0.10022481 0.10580036 0.1048868
 0.10544426 0.10587851 0.10827101 0.10764621 0.1078848  0.10830649]"
4,0.0,14,0.1,0.1,"[-30.0, 0.0, 0.0]","[1.0, 1.0, 1.0]","[14.36713768 13.96177995 13.51820218 13.96177995 13.42051069 13.23123991
 12.62301574 12.89867174 12.90359095 12.65944258 12.13197179 12.40306912]","[0.10127261 0.10068316 0.10051057 0.10062375 0.11101982 0.10871901
 0.1099386  0.11137698 0.11690346 0.11512905 0.11583051 0.11716076]"
4,0.0,14,0.1,0.1,"[-30.0, 20.0, 0.0]","[0.6, 0.6, 1.0]","[14.36713768 13.96177995 13.51820218 13.96177995 13.78097814 13.47891846
 12.96555518 13.34634826 13.56143416 13.18434255 12.76022925 13.19688149]","[0.10045922 0.10024622 0.10018397 0.10022481 0.10545121 0.10483556
 0.10557561 0.10580074 0.10757402 0.10767233 0.10779832 0.1073639 ]"
4,0.0,14,0.1,0.1,"[-30.0, 20.0, 0.0]","[1.0, 1.0, 1.0]","[14.36713768 13.96177995 13.51820218 13.96177995 13.42051069 13.23123991
 12.62301574 12.89867174 12.96867389 12.584495   12.20402223 12.65341379]","[0.10127261 0.10068316 0.10051057 0.10062375 0.10994985 0.10863141
 0.11048902 0.11118808 0.11527999 0.11583478 0.11588199 0.11473371]"
4,0.0,14,0.1,0.1,"[0.0, -20.0, 0.0]","[0.6, 0.6, 1.0]","[14.36713768 13.96177995 13.51820218 13.96177995 13.67964099 13.29345772
 12.87139014 13.29339961 13.5183481  13.19992308 12.71764445 13.0906845 ]","[0.10001115 0.10002087 0.10002756 0.10000766 0.10672082 0.10642911
 0.10626307 0.1063661  0.10840917 0.10762441 0.10794669 0.10835176]"
4,0.0,14,0.1,0.1,"[0.0, -20.0, 0.0]","[1.0, 1.0, 1.0]","[14.36713768 13.96177995 13.51820218 13.96177995 13.24797189 12.87395987
 12.46543451 12.87371163 12.88358525 12.68874507 12.11183986 12.3573629 ]","[0.10003096 0.10005796 0.10007655 0.10002129 0.11322117 0.11214674
 0.11156649 0.11193423 0.11789577 0.11537772 0.1163978  0.11812532]"
4,0.0,14,0.1,0.1,"[0.0, 0.0, 0.0]","[0.6, 0.6, 1.0]","[14.36713768 13.96177995 13.51820218 13.96177995 13.67964099 13.29345772
 12.87139014 13.29339961 13.46932929 13.08714009 12.67370618 13.09090478]","[0.10001115 0.10002087 0.10002756 0.10000766 0.10621569 0.10625164
 0.10627592 0.10619999 0.10837127 0.10850708 0.10856968 0.10830015]"
4,0.0,14,0.1,0.1,"[0.0, 0.0, 0.0]","[1.0, 1.0, 1.0]","[14.36713768 13.96177995 13.51820218 13.96177995 13.24797189 12.87395987
 12.46543451 12.87371163 12.78241089 12.41667692 12.02849883 12.42608994]","[0.10003096 0.10005796 0.10007655 0.10002129 0.11134501 0.11146414
 0.11154589 0.1112916  0.11736948 0.1176741  0.11779073 0.11719375]"
4,0.0,14,0.1,0.1,"[0.0, 20.0, 0.0]","[0.6, 0.6, 1.0]","[14.36713768 13.96177995 13.51820218 13.96177995 13.67964099 13.29345772
 12.87139014 13.29339961 13.5169278  13.08783978 12.7202946  13.20370775]","[0.10001115 0.10002087 0.10002756 0.10000766 0.10637061 0.10656721
 0.10686711 0.10646443 0.10793628 0.10872301 0.10869635 0.1075403 ]"
4,0.0,14,0.1,0.1,"[0.0, 20.0, 0.0]","[1.0, 1.0, 1.0]","[14.36713768 13.96177995 13.51820218 13.96177995 13.24797189 12.87395987
 12.46543451 12.87371163 12.87649925 12.35335045 12.12620583 12.69922624]","[0.10003096 0.10005796 0.10007655 0.10002129 0.11197211 0.11263882
 0.11371675 0.11228101 0.11654529 0.11908149 0.11850732 0.11524152]"
4,0.0,14,0.1,0.1,"[30.0, -20.0, 0.0]","[0.6, 0.6, 1.0]","[14.36713768 13.96177995 13.51820218 13.96177995 13.7801824  13.34671467
 12.96680994 13.47897645 13.56141021 13.19292709 12.76024152 13.18849435]","[0.10028208 0.10032778 0.10050426 0.10027383 0.10549773 0.10585137
 0.1054609  0.10473546 0.10760462 0.10758198 0.10772153 0.1074168 ]"
4,0.0,14,0.1,0.1,"[30.0, -20.0, 0.0]","[1.0, 1.0, 1.0]","[14.36713768 13.96177995 13.51820218 13.96177995 13.41749734 12.90045422
 12.62802169 13.23143862 12.96933384 12.6438851  12.20266841 12.59425494]","[0.1007825  0.10090919 0.10139715 0.10075963 0.11020103 0.11132112
 0.10995641 0.10828621 0.11546115 0.1151887  0.11551904 0.1152096 ]"
4,0.0,14,0.1,0.1,"[30.0, 0.0, 0.0]","[0.6, 0.6, 1.0]","[14.36713768 13.96177995 13.51820218 13.96177995 13.7801824  13.34671467
 12.96680994 13.47897645 13.51749366 13.08202194 12.72068071 13.19138795]","[0.10028208 0.10032778 0.10050426 0.10027383 0.10552207 0.10603584
 0.10589322 0.10490144 0.10784595 0.10865856 0.108531   0.10753506]"
4,0.0,14,0.1,0.1,"[30.0, 0.0, 0.0]","[1.0, 1.0, 1.0]","[14.36713768 13.96177995 13.51820218 13.96177995 13.41749734 12.90045422
 12.62802169 13.23143862 12.89764525 12.3969302  12.14441066 12.67213185]","[0.1007825  0.10090919 0.10139715 0.10075963 0.1101663  0.11187143
 0.11131663 0.10875772 0.11582852 0.11798731 0.11742852 0.11489761]"
4,0.0,14,0.1,0.1,"[30.0, 20.0, 0.0]","[0.6, 0.6, 1.0]","[14.36713768 13.96177995 13.51820218 13.96177995 13.7801824  13.34671467
 12.96680994 13.47897645 13.56971111 13.08994517 12.77095775 13.30152319]","[0.10028208 0.10032778 0.10050426 0.10027383 0.10617687 0.10669762
 0.10685554 0.1054595  0.10769446 0.10901892 0.10882188 0.10698008]"
4,0.0,14,0.1,0.1,"[30.0, 20.0, 0.0]","[1.0, 1.0, 1.0]","[14.36713768 13.96177995 13.51820218 13.96177995 13.41749734 12.90045422
 12.62802169 13.23143862 13.01234798 12.37149178 12.25669661 12.9286638 ]","[0.1007825  0.10090919 0.10139715 0.10075963 0.11236893 0.11413306
 0.11453766 0.11058256 0.11590582 0.1197072  0.11855528 0.1136846 ]"
4,8.0,14,0.1,0.1,"[-30.0, -20.0, 0.0]","[0.6, 0.6, 1.0]","[14.36713768 13.96177995 13.51820218 13.96177995 14.1682278  13.45047297
 13.33126668 13.94784044 14.13130676 13.36315587 13.2965105  13.94103648]","[0.10045922 0.10024622 0.10018397 0.10022481 0.10252216 0.10480572
 0.1021015  0.10079691 0.10241409 0.10520551 0.10225838 0.10069942]"
4,8.0,14,0.1,0.1,"[-30.0, -20.0, 0.0]","[1.0, 1.0, 1.0]","[14.36713768 13.96177995 13.51820218 13.96177995 13.986318   13.04767472
 13.16048956 13.92153711 13.89342764 12.86064331 13.07235901 13.89625755]","[0.10127261 0.10068316 0.10051057 0.10062375 0.10580081 0.1098045
 0.10452837 0.10205252 0.10694858 0.11218006 0.10655772 0.1034631 ]"
4,8.0,14,0.1,0.1,"[-30.0, 0.0, 0.0]","[0.6, 0.6, 1.0]","[14.36713768 13.96177995 13.51820218 13.96177995 14.1682278  13.45047297
 13.33126668 13.94784044 14.1360018  13.36317862 13.30075683 13.94168769]","[0.10045922 0.10024622 0.10018397 0.10022481 0.10204241 0.10443247
 0.10192172 0.10059886 0.10225822 0.10512733 0.10228376 0.10069312]"
4,8.0,14,0.1,0.1,"[-30.0, 0.0, 0.0]","[1.0, 1.0, 1.0]","[14.36713768 13.96177995 13.51820218 13.96177995 13.986318   13.04767472
 13.16048956 13.92153711 13.92774776 12.90708918 13.10459488 13.90556773]","[0.10127261 0.10068316 0.10051057 0.10062375 0.10432775 0.1086078
 0.10396903 0.10146228 0.10573741 0.11084074 0.10574369 0.10276714]"
4,8.0,14,0.1,0.1,"[-30.0, 20.0, 0.0]","[0.6, 0.6, 1.0]","[14.36713768 13.96177995 13.51820218 13.96177995 14.1682278  13.45047297
 13.33126668 13.94784044 14.17869066 13.46426868 13.34073656 13.94892166]","[0.10045922 0.10024622 0.10018397 0.10022481 0.10203081 0.10443345
 0.10213859 0.1006938  0.10189968 0.10439991 0.1020806  0.10065463]"
4,8.0,14,0.1,0.1,"[-30.0, 20.0, 0.0]","[1.0, 1.0, 1.0]","[14.36713768 13.96177995 13.51820218 13.96177995 13.986318   13.04767472
 13.16048956 13.92153711 14.03449577 13.12913814 13.20458388 13.93075155]","[0.10127261 0.10068316 0.10051057 0.10062375 0.10431522 0.1086375
 0.10464988 0.10175741 0.10379597 0.10805865 0.10412367 0.10159915]"
4,8.0,14,0.1,0.1,"[0.0, -20.0, 0.0]","[0.6, 0.6, 1.0]","[14.36713768 13.96177995 13.51820218 13.96177995 14.15827135 13.41151575
 13.32166363 13.94542744 14.13996292 13.38010112 13.30465454 13.94276344]","[0.10001115 0.10002087 0.10002756 0.10000766 0.10231606 0.10478253
 0.10206099 0.10072563 0.10230036 0.10503266 0.10221674 0.10068761]"
4,8.0,14,0.1,0.1,"[0.0, -20.0, 0.0]","[1.0, 1.0, 1.0]","[14.36713768 13.96177995 13.51820218 13.96177995 13.99755112 13.04591505
 13.17041558 13.92155978 13.92241712 12.91104393 13.10022083 13.90487349]","[0.10003096 0.10005796 0.10007655 0.10002129 0.1052779  0.10922361
 0.10450814 0.10219811 0.10595155 0.11093762 0.10570834 0.10277134]"
4,8.0,14,0.1,0.1,"[0.0, 0.0, 0.0]","[0.6, 0.6, 1.0]","[14.36713768 13.96177995 13.51820218 13.96177995 14.15827135 13.41151575
 13.32166363 13.94542744 14.14490424 13.38201331 13.30907443 13.94331626]","[0.10001115 0.10002087 0.10002756 0.10000766 0.10200355 0.10465129
 0.10203938 0.1006142  0.1021669  0.10498434 0.10226048 0.10069012]"
4,8.0,14,0.1,0.1,"[0.0, 0.0, 0.0]","[1.0, 1.0, 1.0]","[14.36713768 13.96177995 13.51820218 13.96177995 13.99755112 13.04591505
 13.17041558 13.92155978 13.95716349 12.96497009 13.13239946 13.9128471 ]","[0.10003096 0.10005796 0.10007655 0.10002129 0.10432417 0.10879799
 0.1044305  0.10186322 0.1048885  0.10976111 0.10502862 0.10217884]"
4,8.0,14,0.1,0.1,"[0.0, 20.0, 0.0]","[0.6, 0.6, 1.0]","[14.36713768 13.96177995 13.51820218 13.96177995 14.15827135 13.41151575
 13.32166363 13.94542744 14.1864914  13.48221078 13.34798814 13.94990362]","[0.10001115 0.10002087 0.10002756 0.10000766 0.10214591 0.10488704
 0.10241783 0.10079323 0.1018373  0.10430769 0.10208523 0.10066393]"
4,8.0,14,0.1,0.1,"[0.0, 20.0, 0.0]","[1.0, 1.0, 1.0]","[14.36713768 13.96177995 13.51820218 13.96177995 13.99755112 13.04591505
 13.17041558 13.92155978 14.05961891 13.18434034 13.22802351 13.93509501]","[0.10003096 0.10005796 0.10007655 0.10002129 0.10476823 0.10955372
 0.10558046 0.10239489 0.10360503 0.1077286  0.10405953 0.10159704]"
4,8.0,14,0.1,0.1,"[30.0, -20.0, 0.0]","[0.6, 0.6, 1.0]","[14.36713768 13.96177995 13.51820218 13.96177995 14.22710298 13.58219991
 13.38625411 13.95540024 14.1554657  13.41323188 13.31921401 13.94546896]","[0.10028208 0.10032778 0.10050426 0.10027383 0.10163167 0.10335419
 0.10153665 0.10059091 0.10213271 0.10473633 0.1021157  0.10065591]"
4,8.0,14,0.1,0.1,"[30.0, -20.0, 0.0]","[1.0, 1.0, 1.0]","[14.36713768 13.96177995 13.51820218 13.96177995 14.14821141 13.38454923
 13.31157065 13.94972115 13.97266626 13.00708514 13.14781025 13.91732685]","[0.1007825  0.10090919 0.10139715 0.10075963 0.10314978 0.10567217
 0.10287478 0.10139312 0.10478699 0.1093316  0.10468593 0.10202702]"
4,8.0,14,0.1,0.1,"[30.0, 0.0, 0.0]","[0.6, 0.6, 1.0]","[14.36713768 13.96177995 13.51820218 13.96177995 14.22710298 13.58219991
 13.38625411 13.95540024 14.16005105 13.41566857 13.32325391 13.94586434]","[0.10028208 0.10032778 0.10050426 0.10027383 0.10150297 0.10346785
 0.10166408 0.10056539 0.10202455 0.10472703 0.10218028 0.100667  ]"
4,8.0,14,0.1,0.1,"[30.0, 0.0, 0.0]","[1.0, 1.0, 1.0]","[14.36713768 13.96177995 13.51820218 13.96177995 14.14821141 13.38454923
 13.31157065 13.94972115 14.00388975 13.06040856 13.17625981 13.9231741 ]","[0.1007825  0.10090919 0.10139715 0.10075963 0.10277405 0.10599834
 0.10323451 0.10131513 0.10393315 0.10841957 0.1041942  0.10157115]"
4,8.0,14,0.1,0.1,"[30.0, 20.0, 0.0]","[0.6, 0.6, 1.0]","[14.36713768 13.96177995 13.51820218 13.96177995 14.22710298 13.58219991
 13.38625411 13.95540024 14.19952775 13.51226304 13.36018411 13.9518504 ]","[0.10028208 0.10032778 0.10050426 0.10027383 0.10180749 0.10392587
 0.10217513 0.10081997 0.10173119 0.1041186  0.10203651 0.10065209]"
4,8.0,14,0.1,0.1,"[30.0, 20.0, 0.0]","[1.0, 1.0, 1.0]","[14.36713768 13.96177995 13.51820218 13.96177995 14.14821141 13.38454923
 13.31157065 13.94972115 14.09614249 13.26483999 13.26219984 13.9412555 ]","[0.1007825  0.10090919 0.10139715 0.10075963 0.10365473 0.10734727
 0.10470272 0.10203717 0.10327361 0.10713424 0.10382661 0.10150892]"
6,-8.0,14,0.1,0.1,"[-30.0, -20.0, 0.0]","[0.6, 0.6, 1.0]","[14.36713768 13.96177995 13.51820218 13.96177995 14.32659059 13.95910971
 13.48024714 13.85940846 14.31502746 13.95752965 13.46938872 13.83213856]","[0.10045922 0.10024622 0.10018397 0.10022481 0.1007652  0.1002949
 0.10050388 0.10106577 0.10052871 0.10018357 0.10051059 0.10106464]"
6,-8.0,14,0.1,0.1,"[-30.0, -20.0, 0.0]","[1.0, 1.0, 1.0]","[14.36713768 13.96177995 13.51820218 13.96177995 14.30626725 13.95754772
 13.46173556 13.81047889 14.28500492 13.95453317 13.44183645 13.76132259]","[0.10127261 0.10068316 0.10051057 0.10062375 0.10173245 0.10075829
 0.10099918 0.10197338 0.10108267 0.10051149 0.10101277 0.10191754]"
6,-8.0,14,0.1,0.1,"[-30.0, 0.0, 0.0]","[0.6, 0.6, 1.0]","[14.36713768 13.96177995 13.51820218 13.96177995 14.32659059 13.95910971
 13.48024714 13.85940846 14.29614401 13.95453171 13.45142923 13.78854045]","[0.10045922 0.10024622 0.10018397 0.10022481 0.10041575 0.10013432
 0.10039087 0.10085506 0.10070998 0.10028894 0.10075335 0.10145619]"
6,-8.0,14,0.1,0.1,"[-30.0, 0.0, 0.0]","[1.0, 1.0, 1.0]","[14.36713768 13.96177995 13.51820218 13.96177995 14.30626725 13.95754772
 13.46173556 13.81047889 14.24216716 13.94703411 13.40071848 13.66477523]","[0.10127261 0.10068316 0.10051057 0.10062375 0.10075352 0.1003095
 0.10068205 0.10137911 0.10183578 0.10107542 0.10187637 0.1031235 ]"
6,-8.0,14,0.1,0.1,"[-30.0, 20.0, 0.0]","[0.6, 0.6, 1.0]","[14.36713768 13.96177995 13.51820218 13.96177995 14.32659059 13.95910971
 13.48024714 13.85940846 14.29281328 13.95411102 13.44812001 13.78235137]","[0.10045922 0.10024622 0.10018397 0.10022481 0.10047228 0.10027585
 0.10063892 0.10092126 0.10072732 0.10031043 0.10082346 0.10152813]"
6,-8.0,14,0.1,0.1,"[-30.0, 20.0, 0.0]","[1.0, 1.0, 1.0]","[14.36713768 13.96177995 13.51820218 13.96177995 14.30626725 13.95754772
 13.46173556 13.81047889 14.22179882 13.94302372 13.38082694 13.62414097]","[0.10127261 0.10068316 0.10051057 0.10062375 0.10091287 0.1007058
 0.10137796 0.10156728 0.10198506 0.10114003 0.10211471 0.10349476]"
6,-8.0,14,0.1,0.1,"[0.0, -20.0, 0.0]","[0.6, 0.6, 1.0]","[14.36713768 13.96177995 13.51820218 13.96177995 14.29487506 13.95431791
 13.45019595 13.78568571 14.31218277 13.95693794 13.46666929 13.82596344]","[0.10001115 0.10002087 0.10002756 0.10000766 0.10096511 0.10036215
 0.10075248 0.10157212 0.10053868 0.10019184 0.10054565 0.10110884]"
6,-8.0,14,0.1,0.1,"[0.0, -20.0, 0.0]","[1.0, 1.0, 1.0]","[14.36713768 13.96177995 13.51820218 13.96177995 14.23832365 13.94627851
 13.39694225 13.65631775 14.2770633  13.95281283 13.4342     13.74453065]","[0.10003096 0.10005796 0.10007655 0.10002129 0.10262043 0.1013879
 0.10201472 0.10349714 0.10135734 0.10076634 0.10133131 0.10227528]"
6,-8.0,14,0.1,0.1,"[0.0, 0.0, 0.0]","[0.6, 0.6, 1.0]","[14.36713768 13.96177995 13.51820218 13.96177995 14.29487506 13.95431791
 13.45019595 13.78568571 14.29252826 13.95380973 13.44797851 13.78075795]","[0.10001115 0.10002087 0.10002756 0.10000766 0.10068853 0.10024805
 0.10071512 0.10146044 0.10073071 0.10030169 0.10079988 0.10152142]"
6,-8.0,14,0.1,0.1,"[0.0, 0.0, 0.0]","[1.0, 1.0, 1.0]","[14.36713768 13.96177995 13.51820218 13.96177995 14.23832365 13.94627851
 13.39694225 13.65631775 14.23080962 13.94439398 13.3898327  13.64164959]","[0.10003096 0.10005796 0.10007655 0.10002129 0.10183104 0.1010643
 0.10190643 0.10317175 0.10193032 0.10112822 0.10201755 0.10333449]"
6,-8.0,14,0.1,0.1,"[0.0, 20.0, 0.0]","[0.6, 0.6, 1.0]","[14.36713768 13.96177995 13.51820218 13.96177995 14.29487506 13.95431791
 13.45019595 13.78568571 14.28900063 13.95333888 13.44449116 13.77433787]","[0.10001115 0.10002087 0.10002756 0.10000766 0.10083151 0.10044278
 0.10104486 0.10163603 0.10075463 0.10032636 0.10087639 0.10160386]"
6,-8.0,14,0.1,0.1,"[0.0, 20.0, 0.0]","[1.0, 1.0, 1.0]","[14.36713768 13.96177995 13.51820218 13.96177995 14.23832365 13.94627851
 13.39694225 13.65631775 14.20886252 13.939717   13.36851059 13.59923981]","[0.10003096 0.10005796 0.10007655 0.10002129 0.10223941 0.10161464
 0.10284562 0.10368144 0.10210658 0.10120597 0.10228268 0.10374703]"
6,-8.0,14,0.1,0.1,"[30.0, -20.0, 0.0]","[0.6, 0.6, 1.0]","[14.36713768 13.96177995 13.51820218 13.96177995 14.29720164 13.9550237
 13.45221057 13.79320546 14.31022934 13.95669081 13.4647992  13.82142057]","[0.10028208 0.10032778 0.10050426 0.10027383 0.10080941 0.10025378
 0.10063276 0.10138816 0.10054423 0.10020093 0.10057613 0.10114314]"
6,-8.0,14,0.1,0.1,"[30.0, -20.0, 0.0]","[1.0, 1.0, 1.0]","[14.36713768 13.96177995 13.51820218 13.96177995 14.22208677 13.9432865
 13.38097219 13.6280012  14.27079902 13.95159496 13.42815214 13.73087992]","[0.1007825  0.10090919 0.10139715 0.10075963 0.10255882 0.1013267
 0.10204953 0.10355562 0.10167257 0.10107144 0.10169073 0.10266466]"
6,-8.0,14,0.1,0.1,"[30.0, 0.0, 0.0]","[0.6, 0.6, 1.0]","[14.36713768 13.96177995 13.51820218 13.96177995 14.29720164 13.9550237
 13.45221057 13.79320546 14.28992914 13.95336558 13.44549285 13.77501667]","[0.10028208 0.10032778 0.10050426 0.10027383 0.10060836 0.10019067
 0.10067332 0.10137519 0.10074631 0.100315   0.10083962 0.10157339]"
6,-8.0,14,0.1,0.1,"[30.0, 0.0, 0.0]","[1.0, 1.0, 1.0]","[14.36713768 13.96177995 13.51820218 13.96177995 14.22208677 13.9432865
 13.38097219 13.6280012  14.22189495 13.94238582 13.381268   13.6232168 ]","[0.1007825  0.10090919 0.10139715 0.10075963 0.10197534 0.10114338
 0.10216194 0.10351175 0.1019995  0.10116786 0.10212963 0.10350308]"
6,-8.0,14,0.1,0.1,"[30.0, 20.0, 0.0]","[0.6, 0.6, 1.0]","[14.36713768 13.96177995 13.51820218 13.96177995 14.29720164 13.9550237
 13.45221057 13.79320546 14.28635709 13.95286274 13.44197466 13.76871077]","[0.10028208 0.10032778 0.10050426 0.10027383 0.10084064 0.10044097
 0.10107917 0.10165688 0.10077759 0.10034301 0.10092091 0.10166456]"
6,-8.0,14,0.1,0.1,"[30.0, 20.0, 0.0]","[1.0, 1.0, 1.0]","[14.36713768 13.96177995 13.51820218 13.96177995 14.22208677 13.9432865
 13.38097219 13.6280012  14.19917522 13.93724308 13.35929602 13.58060658]","[0.1007825  0.10090919 0.10139715 0.10075963 0.10264246 0.10185354
 0.10332707 0.10433624 0.10220206 0.10125807 0.10241404 0.1039469 ]"
6,0.0,14,0.1,0.1,"[-30.0, -20.0, 0.0]","[0.6, 0.6, 1.0]","[14.36713768 13.96177995 13.51820218 13.96177995 13.93388629 13.5915199
 13.10938468 13.50414979 13.81591801 13.48520944 12.99587139 13.36772203]","[0.10045922 0.10024622 0.10018397 0.10022481 0.10510127 0.10414568
 0.10434678 0.10476449 0.10586833 0.10493954 0.1051265  0.10572897]"
6,0.0,14,0.1,0.1,"[-30.0, -20.0, 0.0]","[1.0, 1.0, 1.0]","[14.36713768 13.96177995 13.51820218 13.96177995 13.67313458 13.40401433
 12.86012847 13.1810874  13.46206746 13.22412416 12.64893058 12.91376244]","[0.10127261 0.10068316 0.10051057 0.10062375 0.11063278 0.10791731
 0.10831686 0.10960768 0.11175623 0.10927244 0.10989329 0.11167848]"
6,0.0,14,0.1,0.1,"[-30.0, 0.0, 0.0]","[0.6, 0.6, 1.0]","[14.36713768 13.96177995 13.51820218 13.96177995 13.93388629 13.5915199
 13.10938468 13.50414979 13.77080259 13.40787338 12.95547497 13.35394608]","[0.10045922 0.10024622 0.10018397 0.10022481 0.10429126 0.10372529
 0.10401375 0.10435255 0.10573168 0.10538745 0.10547711 0.10567957]"
6,0.0,14,0.1,0.1,"[-30.0, 0.0, 0.0]","[1.0, 1.0, 1.0]","[14.36713768 13.96177995 13.51820218 13.96177995 13.67313458 13.40401433
 12.86012847 13.1810874  13.3597777  13.04712084 12.56255818 12.90520842]","[0.10127261 0.10068316 0.10051057 0.10062375 0.10806932 0.10660482
 0.10725967 0.10828027 0.11118552 0.11022789 0.11052212 0.11119384]"
6,0.0,14,0.1,0.1,"[-30.0, 20.0, 0.0]","[0.6, 0.6, 1.0]","[14.36713768 13.96177995 13.51820218 13.96177995 13.93388629 13.5915199
 13.10938468 13.50414979 13.80596922 13.41160154 12.99055008 13.43077457]","[0.10045922 0.10024622 0.10018397 0.10022481 0.10402069 0.10370306
 0.10415611 0.10430658 0.10521693 0.10537098 0.10539286 0.10506277]"
6,0.0,14,0.1,0.1,"[-30.0, 20.0, 0.0]","[1.0, 1.0, 1.0]","[14.36713768 13.96177995 13.51820218 13.96177995 13.67313458 13.40401433
 12.86012847 13.1810874  13.41385936 13.00947066 12.62377037 13.07510648]","[0.10127261 0.10068316 0.10051057 0.10062375 0.10727014 0.10658194
 0.10777321 0.10817623 0.11008452 0.11056304 0.11046176 0.10969251]"
6,0.0,14,0.1,0.1,"[0.0, -20.0, 0.0]","[0.6, 0.6, 1.0]","[14.36713768 13.96177995 13.51820218 13.96177995 13.84914086 13.45832675
 13.03088763 13.45826063 13.78493335 13.43369987 12.9686303  13.36369671]","[0.10001115 0.10002087 0.10002756 0.10000766 0.10507871 0.10483097
 0.10469017 0.10477816 0.10570761 0.10523408 0.10539521 0.10565231]"
6,0.0,14,0.1,0.1,"[0.0, -20.0, 0.0]","[1.0, 1.0, 1.0]","[14.36713768 13.96177995 13.51820218 13.96177995 13.52128955 13.13980797
 12.72267075 13.13951031 13.38097304 13.1015507  12.58065199 12.89886119]","[0.10003096 0.10005796 0.10007655 0.10002129 0.10991644 0.10907974
 0.10861967 0.10891184 0.11140651 0.11001229 0.11052006 0.11149635]"
6,0.0,14,0.1,0.1,"[0.0, 0.0, 0.0]","[0.6, 0.6, 1.0]","[14.36713768 13.96177995 13.51820218 13.96177995 13.84914086 13.45832675
 13.03088763 13.45826063 13.74362381 13.35471471 12.93177589 13.35679845]","[0.10001115 0.10002087 0.10002756 0.10000766 0.10464557 0.1046753
 0.10469482 0.10463263 0.10572603 0.10582581 0.10587533 0.10567586]"
6,0.0,14,0.1,0.1,"[0.0, 0.0, 0.0]","[1.0, 1.0, 1.0]","[14.36713768 13.96177995 13.51820218 13.96177995 13.52128955 13.13980797
 12.72267075 13.13951031 13.29449135 12.91678398 12.51022789 12.92184873]","[0.10003096 0.10005796 0.10007655 0.10002129 0.10844362 0.10853697
 0.10859878 0.10840258 0.11124983 0.11144182 0.11151898 0.11114293]"
6,0.0,14,0.1,0.1,"[0.0, 20.0, 0.0]","[0.6, 0.6, 1.0]","[14.36713768 13.96177995 13.51820218 13.96177995 13.84914086 13.45832675
 13.03088763 13.45826063 13.78372437 13.36258004 12.97112492 13.43599535]","[0.10001115 0.10002087 0.10002756 0.10000766 0.10478322 0.1049485
 0.10519956 0.10486134 0.1053725  0.10591402 0.10591251 0.10516657]"
6,0.0,14,0.1,0.1,"[0.0, 20.0, 0.0]","[1.0, 1.0, 1.0]","[14.36713768 13.96177995 13.51820218 13.96177995 13.52128955 13.13980797
 12.72267075 13.13951031 13.37464764 12.89921965 12.59398533 13.10803952]","[0.10003096 0.10005796 0.10007655 0.10002129 0.10894008 0.10946862
 0.11030182 0.10918514 0.11057805 0.1120627  0.111769   0.10991217]"
6,0.0,14,0.1,0.1,"[30.0, -20.0, 0.0]","[0.6, 0.6, 1.0]","[14.36713768 13.96177995 13.51820218 13.96177995 13.93309608 13.50457994
 13.11070294 13.59158909 13.80603732 13.42855971 12.99018965 13.4136573 ]","[0.10028208 0.10032778 0.10050426 0.10027383 0.10407858 0.10434016
 0.10402023 0.10360986 0.10524419 0.1052212  0.10533122 0.10518393]"
6,0.0,14,0.1,0.1,"[30.0, -20.0, 0.0]","[1.0, 1.0, 1.0]","[14.36713768 13.96177995 13.51820218 13.96177995 13.66986335 13.18323899
 12.86582737 13.40426299 13.41473729 13.06964278 12.62101961 13.01364555]","[0.1007825  0.10090919 0.10139715 0.10075963 0.1075096  0.1082591
 0.10725459 0.10628069 0.1101917  0.10999172 0.11025379 0.11016906]"
6,0.0,14,0.1,0.1,"[30.0, 0.0, 0.0]","[0.6, 0.6, 1.0]","[14.36713768 13.96177995 13.51820218 13.96177995 13.93309608 13.50457994
 13.11070294 13.59158909 13.76969741 13.35230829 12.95765648 13.41062405]","[0.10028208 0.10032778 0.10050426 0.10027383 0.10407139 0.1044762
 0.10435964 0.10373317 0.10543253 0.10592683 0.10591965 0.10530132]"
6,0.0,14,0.1,0.1,"[30.0, 0.0, 0.0]","[1.0, 1.0, 1.0]","[14.36713768 13.96177995 13.51820218 13.96177995 13.66986335 13.18323899
 12.86582737 13.40426299 13.35456957 12.90333369 12.57310943 13.05473173]","[0.1007825  0.10090919 0.10139715 0.10075963 0.10742078 0.10865095
 0.10827932 0.10662453 0.11049831 0.11170349 0.11151057 0.11007098]"
6,0.0,14,0.1,0.1,"[30.0, 20.0, 0.0]","[0.6, 0.6, 1.0]","[14.36713768 13.96177995 13.51820218 13.96177995 13.93309608 13.50457994
 13.11070294 13.59158909 13.81387199 13.36740977 13.00018522 13.48772471]","[0.10028208 0.10032778 0.10050426 0.10027383 0.10461779 0.10503279
 0.10516622 0.1042061  0.10525784 0.10609119 0.1060587  0.10492745]"
6,0.0,14,0.1,0.1,"[30.0, 20.0, 0.0]","[1.0, 1.0, 1.0]","[14.36713768 13.96177995 13.51820218 13.96177995 13.66986335 13.18323899
 12.86582737 13.40426299 13.45289411 12.9185094  12.66944647 13.23104668]","[0.1007825  0.10090919 0.10139715 0.10075963 0.10915682 0.11044025
 0.11083068 0.10810143 0.11034037 0.112455   0.11201309 0.10928701]"
6,8.0,14,0.1,0.1,"[-30.0, -20.0, 0.0]","[0.6, 0.6, 1.0]","[14.36713768 13.96177995 13.51820218 13.96177995 14.29703996 13.79322172
 13.45244834 13.9550561  14.28698061 13.77042046 13.44301    13.9530558 ]","[0.10045922 0.10024622 0.10018397 0.10022481 0.10098619 0.10157666
 0.10071245 0.10030767 0.10081352 0.10164244 0.10078394 0.10025387]"
6,8.0,14,0.1,0.1,"[-30.0, -20.0, 0.0]","[1.0, 1.0, 1.0]","[14.36713768 13.96177995 13.51820218 13.96177995 14.22142104 13.62801496
 13.38200269 13.94348293 14.20096791 13.5854135  13.36282733 13.93814081]","[0.10127261 0.10068316 0.10051057 0.10062375 0.10306256 0.10410439
 0.10227767 0.10147717 0.10224075 0.10383489 0.10214315 0.10111724]"
6,8.0,14,0.1,0.1,"[-30.0, 0.0, 0.0]","[0.6, 0.6, 1.0]","[14.36713768 13.96177995 13.51820218 13.96177995 14.29703996 13.79322172
 13.45244834 13.9550561  14.29068628 13.77675301 13.44630814 13.95352106]","[0.10045922 0.10024622 0.10018397 0.10022481 0.10063257 0.10135764
 0.10059736 0.10015014 0.10074991 0.10158633 0.10079229 0.10025303]"
6,8.0,14,0.1,0.1,"[-30.0, 0.0, 0.0]","[1.0, 1.0, 1.0]","[14.36713768 13.96177995 13.51820218 13.96177995 14.22142104 13.62801496
 13.38200269 13.94348293 14.22409291 13.62811886 13.383779   13.94297345]","[0.10127261 0.10068316 0.10051057 0.10062375 0.1020465  0.10346238
 0.10194417 0.10102914 0.10199382 0.1034735  0.10203281 0.10108267]"
6,8.0,14,0.1,0.1,"[-30.0, 20.0, 0.0]","[0.6, 0.6, 1.0]","[14.36713768 13.96177995 13.51820218 13.96177995 14.29703996 13.79322172
 13.45244834 13.9550561  14.31091141 13.82274019 13.46521999 13.95677279]","[0.10045922 0.10024622 0.10018397 0.10022481 0.10070234 0.10146184
 0.10084722 0.10026717 0.10051256 0.1011928  0.10061858 0.1001626 ]"
6,8.0,14,0.1,0.1,"[-30.0, 20.0, 0.0]","[1.0, 1.0, 1.0]","[14.36713768 13.96177995 13.51820218 13.96177995 14.22142104 13.62801496
 13.38200269 13.94348293 14.27272896 13.73422648 13.42905271 13.95184592]","[0.10127261 0.10068316 0.10051057 0.10062375 0.10225356 0.10377321
 0.10266533 0.10136466 0.10161256 0.10271919 0.10176705 0.1010337 ]"
6,8.0,14,0.1,0.1,"[0.0, -20.0, 0.0]","[0.6, 0.6, 1.0]","[14.36713768 13.96177995 13.51820218 13.96177995 14.29487314 13.78567446
 13.45019402 13.95432278 14.28963493 13.77601137 13.44544871 13.95351199]","[0.10001115 0.10002087 0.10002756 0.10000766 0.10096043 0.1015884
 0.10074965 0.10033646 0.10077944 0.10159381 0.100778   0.10025141]"
6,8.0,14,0.1,0.1,"[0.0, -20.0, 0.0]","[1.0, 1.0, 1.0]","[14.36713768 13.96177995 13.51820218 13.96177995 14.23831791 13.65628051
 13.39693649 13.9463029  14.21067868 13.6040018  13.37174585 13.94048826]","[0.10003096 0.10005796 0.10007655 0.10002129 0.1026067  0.10354431
 0.10200834 0.10131572 0.10213139 0.10366499 0.10208618 0.10109366]"
6,8.0,14,0.1,0.1,"[0.0, 0.0, 0.0]","[0.6, 0.6, 1.0]","[14.36713768 13.96177995 13.51820218 13.96177995 14.29487314 13.78567446
 13.45019402 13.95432278 14.29328949 13.78241613 13.44869439 13.95394641]","[0.10001115 0.10002087 0.10002756 0.10000766 0.1006864  0.10147272
 0.10071342 0.10022978 0.10072125 0.10154546 0.1007914  0.10025333]"
6,8.0,14,0.1,0.1,"[0.0, 0.0, 0.0]","[1.0, 1.0, 1.0]","[14.36713768 13.96177995 13.51820218 13.96177995 14.23831791 13.65628051
 13.39693649 13.9463029  14.23302732 13.64626631 13.39191776 13.94488022]","[0.10003096 0.10005796 0.10007655 0.10002129 0.10182528 0.10320737
 0.10190189 0.10101301 0.10190556 0.1033322  0.10199494 0.10106942]"
6,8.0,14,0.1,0.1,"[0.0, 20.0, 0.0]","[0.6, 0.6, 1.0]","[14.36713768 13.96177995 13.51820218 13.96177995 14.29487314 13.78567446
 13.45019402 13.95432278 14.3128675  13.82718535 13.46699012 13.95700611]","[0.10001115 0.10002087 0.10002756 0.10000766 0.1008274  0.10167475
 0.10104247 0.10039517 0.10049263 0.10116873 0.1006269  0.10016657]"
6,8.0,14,0.1,0.1,"[0.0, 20.0, 0.0]","[1.0, 1.0, 1.0]","[14.36713768 13.96177995 13.51820218 13.96177995 14.23831791 13.65628051
 13.39693649 13.9463029  14.27903679 13.74749678 13.43466796 13.95299965]","[0.10003096 0.10005796 0.10007655 0.10002129 0.1022302  0.10379358
 0.1028387  0.10148062 0.10104397 0.10212194 0.10125049 0.10052368]"
6,8.0,14,0.1,0.1,"[30.0, -20.0, 0.0]","[0.6, 0.6, 1.0]","[14.36713768 13.96177995 13.51820218 13.96177995 14.32669395 13.85929454
 13.48003055 13.95910555 14.29347373 13.78400573 13.44900851 13.95427146]","[0.10028208 0.10032778 0.10050426 0.10027383 0.10056988 0.10090069
 0.10041855 0.10019034 0.10073881 0.10153211 0.10076378 0.10024588]"
6,8.0,14,0.1,0.1,"[30.0, -20.0, 0.0]","[1.0, 1.0, 1.0]","[14.36713768 13.96177995 13.51820218 13.96177995 14.30668859 13.81000017
 13.46084454 13.95753031 14.22367235 13.62886846 13.38376676 13.94368651]","[0.1007825  0.10090919 0.10139715 0.10075963 0.10118582 0.10151032
 0.1007628  0.10046702 0.10198947 0.10344434 0.10199316 0.10104919]"
6,8.0,14,0.1,0.1,"[30.0, 0.0, 0.0]","[0.6, 0.6, 1.0]","[14.36713768 13.96177995 13.51820218 13.96177995 14.32669395 13.85929454
 13.48003055 13.95910555 14.29692246 13.79014668 13.45206492 13.95465743]","[0.10028208 0.10032778 0.10050426 0.10027383 0.10038175 0.10089439
 0.10046138 0.10013327 0.10068651 0.10149351 0.10078294 0.10025047]"
6,8.0,14,0.1,0.1,"[30.0, 0.0, 0.0]","[1.0, 1.0, 1.0]","[14.36713768 13.96177995 13.51820218 13.96177995 14.30668859 13.81000017
 13.46084454 13.95753031 14.24441814 13.66915079 13.40243904 13.94744437]","[0.1007825  0.10090919 0.10139715 0.10075963 0.10065756 0.10149095
 0.10088136 0.10030648 0.10178882 0.10315032 0.10192559 0.10103603]"
6,8.0,14,0.1,0.1,"[30.0, 20.0, 0.0]","[0.6, 0.6, 1.0]","[14.36713768 13.96177995 13.51820218 13.96177995 14.32669395 13.85929454
 13.48003055 13.95910555 14.31571717 13.83328252 13.46963359 13.9575924 ]","[0.10028208 0.10032778 0.10050426 0.10027383 0.10060019 0.10119637
 0.10086187 0.10034413 0.10046862 0.10113723 0.10062899 0.10016777]"
6,8.0,14,0.1,0.1,"[30.0, 20.0, 0.0]","[1.0, 1.0, 1.0]","[14.36713768 13.96177995 13.51820218 13.96177995 14.30668859 13.81000017
 13.46084454 13.95753031 14.28697717 13.76396228 13.44199756 13.95468777]","[0.1007825  0.10090919 0.10139715 0.10075963 0.10127072 0.10234212
 0.10200215 0.10089541 0.10097773 0.10202368 0.1012303  0.10051583]"
8,-8.0,14,0.1,0.1,"[-30.0, -20.0, 0.0]","[0.6, 0.6, 1.0]","[14.36713768 13.96177995 13.51820218 13.96177995 14.35125669 13.9601741
 13.50337714 13.92429087 14.34622271 13.95930555 13.49863889 13.9131584 ]","[0.10045922 0.10024622 0.10018397 0.10022481 0.1004428  0.10017644
 0.10021694 0.10044045 0.10020269 0.10008264 0.10021224 0.10037927]"
8,-8.0,14,0.1,0.1,"[-30.0, -20.0, 0.0]","[1.0, 1.0, 1.0]","[14.36713768 13.96177995 13.51820218 13.96177995 14.34347568 13.95932313
 13.49641984 13.90683699 14.33409091 13.95765967 13.4875976  13.88632403]","[0.10127261 0.10068316 0.10051057 0.10062375 0.101271   0.10065838
 0.10064225 0.10105559 0.10047759 0.10026966 0.10045971 0.10075348]"
8,-8.0,14,0.1,0.1,"[-30.0, 0.0, 0.0]","[0.6, 0.6, 1.0]","[14.36713768 13.96177995 13.51820218 13.96177995 14.35125669 13.9601741
 13.50337714 13.92429087 14.33756598 13.95765899 13.49038442 13.89430655]","[0.10045922 0.10024622 0.10018397 0.10022481 0.10013368 0.1000316
 0.10012657 0.1002786  0.1003203  0.10017163 0.10036636 0.1005886 ]"
8,-8.0,14,0.1,0.1,"[-30.0, 0.0, 0.0]","[1.0, 1.0, 1.0]","[14.36713768 13.96177995 13.51820218 13.96177995 14.34347568 13.95932313
 13.49641984 13.90683699 14.31433151 13.953587   13.4685432  13.8439002 ]","[0.10127261 0.10068316 0.10051057 0.10062375 0.10041153 0.1002558
 0.10039065 0.10060423 0.10059304 0.10031051 0.1006392  0.10106397]"
8,-8.0,14,0.1,0.1,"[-30.0, 20.0, 0.0]","[0.6, 0.6, 1.0]","[14.36713768 13.96177995 13.51820218 13.96177995 14.35125669 13.9601741
 13.50337714 13.92429087 14.33549629 13.95727146 13.4883283  13.89018398]","[0.10045922 0.10024622 0.10018397 0.10022481 0.10022471 0.10018547
 0.10038951 0.10038477 0.10032939 0.10018694 0.10040876 0.10063031]"
8,-8.0,14,0.1,0.1,"[-30.0, 20.0, 0.0]","[1.0, 1.0, 1.0]","[14.36713768 13.96177995 13.51820218 13.96177995 14.34347568 13.95932313
 13.49641984 13.90683699 14.30327861 13.95098724 13.45764682 13.8219881 ]","[0.10127261 0.10068316 0.10051057 0.10062375 0.10066513 0.10068365
 0.10112199 0.10090071 0.10066663 0.10035245 0.10077013 0.10125065]"
8,-8.0,14,0.1,0.1,"[0.0, -20.0, 0.0]","[0.6, 0.6, 1.0]","[14.36713768 13.96177995 13.51820218 13.96177995 14.33712132 13.95757912
 13.48995029 13.89333713 14.34540976 13.95905963 13.49785889 13.91155647]","[0.10001115 0.10002087 0.10002756 0.10000766 0.10056507 0.10024697
 0.10036591 0.10068964 0.10020288 0.1000863  0.10022638 0.10039132]"
8,-8.0,14,0.1,0.1,"[0.0, -20.0, 0.0]","[1.0, 1.0, 1.0]","[14.36713768 13.96177995 13.51820218 13.96177995 14.31313241 13.95334758
 13.467347   13.84127326 14.33216582 13.95708467 13.48572997 13.88248003]","[0.10003096 0.10005796 0.10007655 0.10002129 0.10134115 0.10063249
 0.1007816  0.10139114 0.10048266 0.10027817 0.10048837 0.1007822 ]"
8,-8.0,14,0.1,0.1,"[0.0, 0.0, 0.0]","[0.6, 0.6, 1.0]","[14.36713768 13.96177995 13.51820218 13.96177995 14.33712132 13.95757912
 13.48995029 13.89333713 14.33650618 13.95738138 13.48936722 13.89217547]","[0.10001115 0.10002087 0.10002756 0.10000766 0.10029937 0.10013312
 0.10032247 0.10058163 0.10032405 0.10017693 0.10038443 0.10060737]"
8,-8.0,14,0.1,0.1,"[0.0, 0.0, 0.0]","[1.0, 1.0, 1.0]","[14.36713768 13.96177995 13.51820218 13.96177995 14.31313241 13.95334758
 13.467347   13.84127326 14.31141305 13.95282988 13.46570942 13.83799524]","[0.10003096 0.10005796 0.10007655 0.10002129 0.1005938  0.10031293
 0.10065872 0.10108476 0.10060912 0.10032325 0.10068029 0.10111485]"
8,-8.0,14,0.1,0.1,"[0.0, 20.0, 0.0]","[0.6, 0.6, 1.0]","[14.36713768 13.96177995 13.51820218 13.96177995 14.33712132 13.95757912
 13.48995029 13.89333713 14.33439864 13.9569826  13.48727469 13.88800935]","[0.10001115 0.10002087 0.10002756 0.10000766 0.10044035 0.10032129
 0.1006356  0.10074702 0.10033504 0.10019342 0.10042891 0.100652  ]"
8,-8.0,14,0.1,0.1,"[0.0, 20.0, 0.0]","[1.0, 1.0, 1.0]","[14.36713768 13.96177995 13.51820218 13.96177995 14.31313241 13.95334758
 13.467347   13.84127326 14.29986828 13.9500613  13.45434106 13.81532875]","[0.10003096 0.10005796 0.10007655 0.10002129 0.10099064 0.10084029
 0.10153857 0.10155317 0.100836   0.10051402 0.10096502 0.10146067]"
8,-8.0,14,0.1,0.1,"[30.0, -20.0, 0.0]","[0.6, 0.6, 1.0]","[14.36713768 13.96177995 13.51820218 13.96177995 14.33746536 13.95772944
 13.49015067 13.8945598  14.34487409 13.95897065 13.4973424  13.9103782 ]","[0.10028208 0.10032778 0.10050426 0.10027383 0.1005194  0.10022553
 0.10034288 0.10064518 0.10020243 0.1000912  0.1002397  0.1004013 ]"
8,-8.0,14,0.1,0.1,"[30.0, -20.0, 0.0]","[1.0, 1.0, 1.0]","[14.36713768 13.96177995 13.51820218 13.96177995 14.30331456 13.95106929
 13.45754288 13.82280731 14.33047333 13.95663797 13.48407332 13.87902803]","[0.1007825  0.10090919 0.10139715 0.10075963 0.10129391 0.10059371
 0.10079578 0.10142782 0.10048759 0.10028887 0.10051689 0.10080943]"
8,-8.0,14,0.1,0.1,"[30.0, 0.0, 0.0]","[0.6, 0.6, 1.0]","[14.36713768 13.96177995 13.51820218 13.96177995 14.33746536 13.95772944
 13.49015067 13.8945598  14.33571746 13.95721835 13.48860597 13.89051076]","[0.10028208 0.10032778 0.10050426 0.10027383 0.10029766 0.10014472
 0.10034679 0.10058963 0.10032718 0.1001835  0.10040134 0.10062362]"
8,-8.0,14,0.1,0.1,"[30.0, 0.0, 0.0]","[1.0, 1.0, 1.0]","[14.36713768 13.96177995 13.51820218 13.96177995 14.30331456 13.95106929
 13.45754288 13.82280731 14.30879541 13.95215325 13.46315424 13.83271491]","[0.1007825  0.10090919 0.10139715 0.10075963 0.10066516 0.10036488
 0.10080526 0.10126751 0.10062565 0.10033888 0.10072073 0.10116338]"
8,-8.0,14,0.1,0.1,"[30.0, 20.0, 0.0]","[0.6, 0.6, 1.0]","[14.36713768 13.96177995 13.51820218 13.96177995 14.33746536 13.95772944
 13.49015067 13.8945598  14.33360385 13.95680977 13.48650846 13.88637589]","[0.10028208 0.10032778 0.10050426 0.10027383 0.10049078 0.10036927
 0.10070759 0.10081264 0.10034049 0.10020132 0.10044759 0.100671  ]"
8,-8.0,14,0.1,0.1,"[30.0, 20.0, 0.0]","[1.0, 1.0, 1.0]","[14.36713768 13.96177995 13.51820218 13.96177995 14.30331456 13.95106929
 13.45754288 13.82280731 14.29693413 13.94923961 13.45149477 13.80968678]","[0.1007825  0.10090919 0.10139715 0.10075963 0.10121124 0.10099634
 0.10182432 0.10190317 0.10086178 0.10053482 0.10101336 0.10152115]"
8,0.0,14,0.1,0.1,"[-30.0, -20.0, 0.0]","[0.6, 0.6, 1.0]","[14.36713768 13.96177995 13.51820218 13.96177995 14.04544091 13.67730761
 13.21451269 13.62543236 13.97377401 13.61042237 13.1453696  13.54669029]","[0.10045922 0.10024622 0.10018397 0.10022481 0.10397171 0.1032745
 0.10331779 0.10361724 0.10425976 0.10367755 0.10369879 0.10405349]"
8,0.0,14,0.1,0.1,"[-30.0, -20.0, 0.0]","[1.0, 1.0, 1.0]","[14.36713768 13.96177995 13.51820218 13.96177995 13.85454892 13.52948165
 13.03159245 13.39754091 13.73023069 13.41609876 12.90646342 13.25029342]","[0.10127261 0.10068316 0.10051057 0.10062375 0.1083052  0.10632236
 0.10635518 0.10723446 0.10833691 0.10683467 0.10698458 0.10798675]"
8,0.0,14,0.1,0.1,"[-30.0, 0.0, 0.0]","[0.6, 0.6, 1.0]","[14.36713768 13.96177995 13.51820218 13.96177995 14.04544091 13.67730761
 13.21451269 13.62543236 13.94041403 13.56017575 13.11555647 13.53218083]","[0.10045922 0.10024622 0.10018397 0.10022481 0.10326019 0.10290617
 0.10303421 0.10325941 0.10415036 0.1039503  0.10396769 0.10405458]"
8,0.0,14,0.1,0.1,"[-30.0, 0.0, 0.0]","[1.0, 1.0, 1.0]","[14.36713768 13.96177995 13.51820218 13.96177995 13.85454892 13.52948165
 13.03159245 13.39754091 13.65771858 13.30466901 12.8454506  13.23166508]","[0.10127261 0.10068316 0.10051057 0.10062375 0.10613219 0.10520449
 0.10548621 0.10612829 0.10790821 0.10736381 0.1074394  0.10776625]"
8,0.0,14,0.1,0.1,"[-30.0, 20.0, 0.0]","[0.6, 0.6, 1.0]","[14.36713768 13.96177995 13.51820218 13.96177995 14.04544091 13.67730761
 13.21451269 13.62543236 13.96668928 13.56711011 13.14180166 13.58176971]","[0.10045922 0.10024622 0.10018397 0.10022481 0.10304327 0.10290526
 0.10318609 0.10323611 0.10377102 0.10391149 0.10391938 0.10366959]"
8,0.0,14,0.1,0.1,"[-30.0, 20.0, 0.0]","[1.0, 1.0, 1.0]","[14.36713768 13.96177995 13.51820218 13.96177995 13.85454892 13.52948165
 13.03159245 13.39754091 13.69762845 13.2921072  12.89045445 13.33592507]","[0.10127261 0.10068316 0.10051057 0.10062375 0.10550652 0.10523202
 0.10599087 0.10608439 0.10713354 0.10748281 0.10741406 0.10689114]"
8,0.0,14,0.1,0.1,"[0.0, -20.0, 0.0]","[0.6, 0.6, 1.0]","[14.36713768 13.96177995 13.51820218 13.96177995 13.98127283 13.58678579
 13.15520521 13.58672728 13.95565057 13.58254773 13.12969091 13.54223015]","[0.10001115 0.10002087 0.10002756 0.10000766 0.1038943  0.10367412
 0.10355024 0.10362805 0.10409511 0.10380879 0.10386466 0.10400761]"
8,0.0,14,0.1,0.1,"[0.0, -20.0, 0.0]","[1.0, 1.0, 1.0]","[14.36713768 13.96177995 13.51820218 13.96177995 13.73992564 13.35234975
 12.92835149 13.35209023 13.68201871 13.348459   12.86677688 13.2363114 ]","[0.10003096 0.10005796 0.10007655 0.10002129 0.10760762 0.10690183
 0.10651333 0.1067603  0.10796145 0.10715339 0.10734057 0.10787162]"
8,0.0,14,0.1,0.1,"[0.0, 0.0, 0.0]","[0.6, 0.6, 1.0]","[14.36713768 13.96177995 13.51820218 13.96177995 13.98127283 13.58678579
 13.15520521 13.58672728 13.92500933 13.53156845 13.10238341 13.53261076]","[0.10001115 0.10002087 0.10002756 0.10000766 0.1035068  0.1035324
 0.10354901 0.10349558 0.10409968 0.10417901 0.1042222  0.1040612 ]"
8,0.0,14,0.1,0.1,"[0.0, 0.0, 0.0]","[1.0, 1.0, 1.0]","[14.36713768 13.96177995 13.51820218 13.96177995 13.73992564 13.35234975
 12.92835149 13.35209023 13.62043018 13.23497348 12.81653353 13.23733741]","[0.10003096 0.10005796 0.10007655 0.10002129 0.10635825 0.10643618
 0.10648694 0.106324   0.10783724 0.10797416 0.10803804 0.10776379]"
8,0.0,14,0.1,0.1,"[0.0, 20.0, 0.0]","[0.6, 0.6, 1.0]","[14.36713768 13.96177995 13.51820218 13.96177995 13.98127283 13.58678579
 13.15520521 13.58672728 13.95473496 13.54193357 13.13156865 13.58378387]","[0.10001115 0.10002087 0.10002756 0.10000766 0.1036339  0.10377812
 0.10399873 0.10370129 0.10383638 0.10420956 0.10425736 0.10375244]"
8,0.0,14,0.1,0.1,"[0.0, 20.0, 0.0]","[1.0, 1.0, 1.0]","[14.36713768 13.96177995 13.51820218 13.96177995 13.73992564 13.35234975
 12.92835149 13.35209023 13.67750564 13.23764806 12.87613386 13.35201522]","[0.10003096 0.10005796 0.10007655 0.10002129 0.10678587 0.10723086
 0.10792892 0.10699086 0.10736556 0.1082697  0.10822268 0.10707813]"
8,0.0,14,0.1,0.1,"[30.0, -20.0, 0.0]","[0.6, 0.6, 1.0]","[14.36713768 13.96177995 13.51820218 13.96177995 14.04476947 13.62581857
 13.21565352 13.6773769  13.96680112 13.58064273 13.14136762 13.56799345]","[0.10028208 0.10032778 0.10050426 0.10027383 0.10310945 0.10325914
 0.10303685 0.10281667 0.10379607 0.10379384 0.10386707 0.10376397]"
8,0.0,14,0.1,0.1,"[30.0, -20.0, 0.0]","[1.0, 1.0, 1.0]","[14.36713768 13.96177995 13.51820218 13.96177995 13.85177444 13.39937921
 13.0364692  13.52974087 13.69845301 13.33320776 12.8879262  13.29344715]","[0.1007825  0.10090919 0.10139715 0.10075963 0.10574449 0.10613928
 0.10547768 0.10495639 0.10721136 0.10710765 0.10726802 0.10720232]"
8,0.0,14,0.1,0.1,"[30.0, 0.0, 0.0]","[0.6, 0.6, 1.0]","[14.36713768 13.96177995 13.51820218 13.96177995 14.04476947 13.62581857
 13.21565352 13.6773769  13.93961634 13.53152521 13.11707014 13.56160701]","[0.10028208 0.10032778 0.10050426 0.10027383 0.10307826 0.10336145
 0.10331486 0.10290982 0.10392165 0.10424467 0.1043008  0.10388016]"
8,0.0,14,0.1,0.1,"[30.0, 0.0, 0.0]","[1.0, 1.0, 1.0]","[14.36713768 13.96177995 13.51820218 13.96177995 13.85177444 13.39937921
 13.0364692  13.52974087 13.65408002 13.23146793 12.85249569 13.30863533]","[0.1007825  0.10090919 0.10139715 0.10075963 0.10560647 0.10642608
 0.10629585 0.10521243 0.10740921 0.10812685 0.10814672 0.10725196]"
8,0.0,14,0.1,0.1,"[30.0, 20.0, 0.0]","[0.6, 0.6, 1.0]","[14.36713768 13.96177995 13.51820218 13.96177995 14.04476947 13.62581857
 13.21565352 13.6773769  13.97222396 13.54697391 13.14849428 13.6117516 ]","[0.10028208 0.10032778 0.10050426 0.10027383 0.10355333 0.10384796
 0.10402166 0.10332573 0.10378638 0.10433132 0.10440976 0.10366368]"
8,0.0,14,0.1,0.1,"[30.0, 20.0, 0.0]","[1.0, 1.0, 1.0]","[14.36713768 13.96177995 13.51820218 13.96177995 13.85177444 13.39937921
 13.0364692  13.52974087 13.72346295 13.25434262 12.92072994 13.41995473]","[0.1007825  0.10090919 0.10139715 0.10075963 0.10706205 0.10792749
 0.10845419 0.10647485 0.10729372 0.10854201 0.10851926 0.10684304]"
8,8.0,14,0.1,0.1,"[-30.0, -20.0, 0.0]","[0.6, 0.6, 1.0]","[14.36713768 13.96177995 13.51820218 13.96177995 14.33735457 13.89457958
 13.49031143 13.9577507  14.33379612 13.88701398 13.48695912 13.95689856]","[0.10045922 0.10024622 0.10018397 0.10022481 0.1006234  0.10075663
 0.10039317 0.10025417 0.10036441 0.10068168 0.10037014 0.10013331]"
8,8.0,14,0.1,0.1,"[-30.0, -20.0, 0.0]","[1.0, 1.0, 1.0]","[14.36713768 13.96177995 13.51820218 13.96177995 14.30279858 13.82287971
 13.45831449 13.95119745 14.29741077 13.81166415 13.45321568 13.94963913]","[0.10127261 0.10068316 0.10051057 0.10062375 0.10158733 0.10174417
 0.10093619 0.10067317 0.10089393 0.10149577 0.10086724 0.10043887]"
8,8.0,14,0.1,0.1,"[-30.0, 0.0, 0.0]","[0.6, 0.6, 1.0]","[14.36713768 13.96177995 13.51820218 13.96177995 14.33735457 13.89457958
 13.49031143 13.9577507  14.33600076 13.89113809 13.48891709 13.95728733]","[0.10045922 0.10024622 0.10018397 0.10022481 0.1003126  0.10058821
 0.10030185 0.10011388 0.10033116 0.10065164 0.10037708 0.10013316]"
8,8.0,14,0.1,0.1,"[-30.0, 0.0, 0.0]","[1.0, 1.0, 1.0]","[14.36713768 13.96177995 13.51820218 13.96177995 14.30279858 13.82287971
 13.45831449 13.95119745 14.30960104 13.83450998 13.46412501 13.95239751]","[0.10127261 0.10068316 0.10051057 0.10062375 0.10070889 0.10126367
 0.10067672 0.10027811 0.10062808 0.10117675 0.10067403 0.10027692]"
8,8.0,14,0.1,0.1,"[-30.0, 20.0, 0.0]","[0.6, 0.6, 1.0]","[14.36713768 13.96177995 13.51820218 13.96177995 14.33735457 13.89457958
 13.49031143 13.9577507  14.34512541 13.91077174 13.49743947 13.95900536]","[0.10045922 0.10024622 0.10018397 0.10022481 0.10041057 0.10072766
 0.10056612 0.10024226 0.10018596 0.10044867 0.10026892 0.10005573]"
8,8.0,14,0.1,0.1,"[-30.0, 20.0, 0.0]","[1.0, 1.0, 1.0]","[14.36713768 13.96177995 13.51820218 13.96177995 14.30279858 13.82287971
 13.45831449 13.95119745 14.33118607 13.8799319  13.48417135 13.95673698]","[0.10127261 0.10068316 0.10051057 0.10062375 0.1009884  0.10166293
 0.1014246  0.10064039 0.10045843 0.10086502 0.10056934 0.10025516]"
8,8.0,14,0.1,0.1,"[0.0, -20.0, 0.0]","[0.6, 0.6, 1.0]","[14.36713768 13.96177995 13.51820218 13.96177995 14.33711945 13.89332517
 13.48994841 13.95758215 14.33460187 13.88863392 13.48769319 13.95706457]","[0.10001115 0.10002087 0.10002756 0.10000766 0.10056259 0.10070789
 0.10036431 0.10022364 0.10035147 0.10066747 0.10037228 0.10013295]"
8,8.0,14,0.1,0.1,"[0.0, -20.0, 0.0]","[1.0, 1.0, 1.0]","[14.36713768 13.96177995 13.51820218 13.96177995 14.31312494 13.84122343
 13.4673395  13.95336267 14.30038835 13.81724146 13.45590262 13.95041814]","[0.10003096 0.10005796 0.10007655 0.10002129 0.10133405 0.10144286
 0.10077775 0.10056721 0.10085727 0.10144684 0.10085731 0.10043246]"
8,8.0,14,0.1,0.1,"[0.0, 0.0, 0.0]","[0.6, 0.6, 1.0]","[14.36713768 13.96177995 13.51820218 13.96177995 14.33711945 13.89332517
 13.48994841 13.95758215 14.33679676 13.89277678 13.48964044 13.95744356]","[0.10001115 0.10002087 0.10002756 0.10000766 0.10029826 0.10059467
 0.10032166 0.10011698 0.10031995 0.10063978 0.10038095 0.10013391]"
8,8.0,14,0.1,0.1,"[0.0, 0.0, 0.0]","[1.0, 1.0, 1.0]","[14.36713768 13.96177995 13.51820218 13.96177995 14.31312494 13.84122343
 13.4673395  13.95336267 14.31225605 13.83967716 13.46650191 13.9530389 ]","[0.10003096 0.10005796 0.10007655 0.10002129 0.1005908  0.10112175
 0.10065657 0.10026777 0.1005991  0.10113856 0.10067152 0.10027491]"
8,8.0,14,0.1,0.1,"[0.0, 20.0, 0.0]","[0.6, 0.6, 1.0]","[14.36713768 13.96177995 13.51820218 13.96177995 14.33711945 13.89332517
 13.48994841 13.95758215 14.34566601 13.91192001 13.49791976 13.95908873]","[0.10001115 0.10002087 0.10002756 0.10000766 0.10043774 0.10078614
 0.10063449 0.10027708 0.10017791 0.10044269 0.10027623 0.10005795]"
8,8.0,14,0.1,0.1,"[0.0, 20.0, 0.0]","[1.0, 1.0, 1.0]","[14.36713768 13.96177995 13.51820218 13.96177995 14.31312494 13.84122343
 13.4673395  13.95336267 14.33292049 13.88327367 13.48566527 13.95715726]","[0.10003096 0.10005796 0.10007655 0.10002129 0.10098425 0.10166393
 0.10153544 0.1007166  0.10043991 0.10084675 0.10057791 0.10025738]"
8,8.0,14,0.1,0.1,"[30.0, -20.0, 0.0]","[0.6, 0.6, 1.0]","[14.36713768 13.96177995 13.51820218 13.96177995 14.35131542 13.92421416
 13.5032474  13.96017141 14.33571305 13.89079825 13.48871828 13.95734974]","[0.10028208 0.10032778 0.10050426 0.10027383 0.10033019 0.10036118
 0.10016269 0.10010066 0.10033774 0.10065245 0.10037297 0.10013184]"
8,8.0,14,0.1,0.1,"[30.0, -20.0, 0.0]","[1.0, 1.0, 1.0]","[14.36713768 13.96177995 13.51820218 13.96177995 14.34371529 13.90652049
 13.49588836 13.95931205 14.30384791 13.82383841 13.4590597  13.95131434]","[0.1007825  0.10090919 0.10139715 0.10075963 0.10095792 0.10083571
 0.10049284 0.10044807 0.10067518 0.10125082 0.1007006  0.10028119]"
8,8.0,14,0.1,0.1,"[30.0, 0.0, 0.0]","[0.6, 0.6, 1.0]","[14.36713768 13.96177995 13.51820218 13.96177995 14.35131542 13.92421416
 13.5032474  13.96017141 14.33786411 13.89488488 13.49062539 13.95771745]","[0.10028208 0.10032778 0.10050426 0.10027383 0.10011485 0.10030664
 0.10016905 0.10002645 0.10030795 0.10062748 0.1003835  0.10013382]"
8,8.0,14,0.1,0.1,"[30.0, 0.0, 0.0]","[1.0, 1.0, 1.0]","[14.36713768 13.96177995 13.51820218 13.96177995 14.34371529 13.90652049
 13.49588836 13.95931205 14.31520053 13.84547469 13.46918939 13.95377472]","[0.1007825  0.10090919 0.10139715 0.10075963 0.10035867 0.10068317
 0.10051003 0.10024149 0.10056986 0.10110095 0.10066772 0.10027197]"
8,8.0,14,0.1,0.1,"[30.0, 20.0, 0.0]","[0.6, 0.6, 1.0]","[14.36713768 13.96177995 13.51820218 13.96177995 14.35131542 13.92421416
 13.5032474  13.96017141 14.34648172 13.91349381 13.49867084 13.95933248]","[0.10028208 0.10032778 0.10050426 0.10027383 0.10029992 0.10055306
 0.10052775 0.10021734 0.10016944 0.10043691 0.10028244 0.10005937]"
8,8.0,14,0.1,0.1,"[30.0, 20.0, 0.0]","[1.0, 1.0, 1.0]","[14.36713768 13.96177995 13.51820218 13.96177995 14.34371529 13.90652049
 13.49588836 13.95931205 14.33485698 13.8870147  13.48742399 13.95772261]","[0.1007825  0.10090919 0.10139715 0.10075963 0.10087389 0.10137
 0.1015067  0.10077186 0.10042172 0.10083042 0.1005852  0.10025819]"
4,-8.0,14,0.1,0.2,"[-30.0, -20.0, 0.0]","[0.6, 0.6, 1.0]","[14.74390322 13.93229608 13.05298501 13.93229608 14.59991023 13.92592821
 12.92571776 13.55311887 14.56855098 13.92203561 12.89801435 13.47636032]","[0.10045807 0.10024604 0.10018804 0.10023068 0.1019888  0.10074258
 0.10166458 0.10367672 0.10185123 0.10065028 0.10178676 0.10398859]"
4,-8.0,14,0.1,0.2,"[-30.0, -20.0, 0.0]","[1.0, 1.0, 1.0]","[14.74390322 13.93229608 13.05298501 13.93229608 14.51848939 13.92027557
 12.85411826 13.35566529 14.45704097 13.91072221 12.79987327 13.21865538]","[0.10126943 0.10068269 0.10052187 0.10064002 0.10417195 0.10181971
 0.10323949 0.10661672 0.10349725 0.10146323 0.1033255  0.1068903 ]"
4,-8.0,14,0.1,0.2,"[-30.0, 0.0, 0.0]","[0.6, 0.6, 1.0]","[14.74390322 13.93229608 13.05298501 13.93229608 14.59991023 13.92592821
 12.92571776 13.55311887 14.5276658  13.9158248  12.86157826 13.37910942]","[0.10045807 0.10024604 0.10018804 0.10023068 0.10156097 0.1005567
 0.10150532 0.10336198 0.10208353 0.10070677 0.1021298  0.10471552]"
4,-8.0,14,0.1,0.2,"[-30.0, 0.0, 0.0]","[1.0, 1.0, 1.0]","[14.74390322 13.93229608 13.05298501 13.93229608 14.51848939 13.92027557
 12.85411826 13.35566529 14.36110349 13.89162467 12.71410878 13.01218663]","[0.10126943 0.10068269 0.10052187 0.10064002 0.10293868 0.1012912
 0.10277927 0.10568772 0.10452271 0.10205905 0.10456236 0.10894441]"
4,-8.0,14,0.1,0.2,"[-30.0, 20.0, 0.0]","[0.6, 0.6, 1.0]","[14.74390322 13.93229608 13.05298501 13.93229608 14.59991023 13.92592821
 12.92571776 13.55311887 14.5230982  13.91534576 12.85737223 13.37710609]","[0.10045807 0.10024604 0.10018804 0.10023068 0.10156716 0.10069554
 0.10174841 0.10336559 0.10210784 0.10073657 0.10224927 0.10478933]"
4,-8.0,14,0.1,0.2,"[-30.0, 20.0, 0.0]","[1.0, 1.0, 1.0]","[14.74390322 13.93229608 13.05298501 13.93229608 14.51848939 13.92027557
 12.85411826 13.35566529 14.32911428 13.88514208 12.68553605 12.96046765]","[0.10126943 0.10068269 0.10052187 0.10064002 0.10296018 0.10169022
 0.10348451 0.10570704 0.10477387 0.10216041 0.10498462 0.10953651]"
4,-8.0,14,0.1,0.2,"[0.0, -20.0, 0.0]","[0.6, 0.6, 1.0]","[14.74390322 13.93229608 13.05298501 13.93229608 14.52935234 13.91594025
 12.86302425 13.38252731 14.55674469 13.92026161 12.88749456 13.44995057]","[0.1000106  0.10002131 0.1000296  0.10000802 0.10232033 0.10075569
 0.10207131 0.10477472 0.10192758 0.10068144 0.10190554 0.1041951 ]"
4,-8.0,14,0.1,0.2,"[0.0, -20.0, 0.0]","[1.0, 1.0, 1.0]","[14.74390322 13.93229608 13.05298501 13.93229608 14.36423964 13.89204772
 12.71681803 13.01719704 14.42347265 13.90505121 12.76994382 13.14696251]","[0.10002944 0.10005919 0.1000822  0.10002228 0.10529139 0.1022858
 0.10453274 0.10919449 0.10378184 0.10158976 0.1036845  0.10751925]"
4,-8.0,14,0.1,0.2,"[0.0, 0.0, 0.0]","[0.6, 0.6, 1.0]","[14.74390322 13.93229608 13.05298501 13.93229608 14.52935234 13.91594025
 12.86302425 13.38252731 14.51396639 13.91354096 12.84939294 13.34956154]","[0.1000106  0.10002131 0.1000296  0.10000802 0.10200713 0.10063574
 0.10204268 0.1046416  0.10218444 0.10074693 0.10227674 0.10497402]"
4,-8.0,14,0.1,0.2,"[0.0, 0.0, 0.0]","[1.0, 1.0, 1.0]","[14.74390322 13.93229608 13.05298501 13.93229608 14.36423964 13.89204772
 12.71681803 13.01719704 14.31794089 13.88214168 12.67581754 12.92718351]","[0.10002944 0.10005919 0.1000822  0.10002228 0.10433252 0.10192579
 0.10443819 0.10876238 0.10494164 0.10225866 0.1050712  0.10980892]"
4,-8.0,14,0.1,0.2,"[0.0, 20.0, 0.0]","[0.6, 0.6, 1.0]","[14.74390322 13.93229608 13.05298501 13.93229608 14.52935234 13.91594025
 12.86302425 13.38252731 14.50901983 13.91291341 12.84488502 13.34796187]","[0.1000106  0.10002131 0.1000296  0.10000802 0.10215693 0.10085474
 0.10243276 0.10485284 0.10222557 0.10078375 0.10241376 0.10507358]"
4,-8.0,14,0.1,0.2,"[0.0, 20.0, 0.0]","[1.0, 1.0, 1.0]","[14.74390322 13.93229608 13.05298501 13.93229608 14.36423964 13.89204772
 12.71681803 13.01719704 14.28222566 13.87362811 12.6442497  12.87481549]","[0.10002944 0.10005919 0.1000822  0.10002228 0.10479172 0.10257596
 0.10562606 0.10944059 0.10582593 0.10293545 0.10612954 0.11109663]"
4,-8.0,14,0.1,0.2,"[30.0, -20.0, 0.0]","[0.6, 0.6, 1.0]","[14.74390322 13.93229608 13.05298501 13.93229608 14.53969722 13.91830328
 12.87206309 13.42153176 14.55035061 13.91945639 12.88176283 13.43560089]","[0.10028658 0.10034383 0.10053197 0.10028411 0.10214708 0.10069374
 0.10195528 0.10438714 0.10195332 0.10069513 0.10197416 0.10429851]"
4,-8.0,14,0.1,0.2,"[30.0, -20.0, 0.0]","[1.0, 1.0, 1.0]","[14.74390322 13.93229608 13.05298501 13.93229608 14.35287364 13.89177143
 12.70668257 13.01946393 14.40205978 13.9012992  12.75068856 13.10106222]","[0.10079496 0.10095361 0.10147376 0.10078812 0.10467477 0.10175438
 0.10406954 0.10847707 0.10390507 0.10163635 0.10388844 0.10787374]"
4,-8.0,14,0.1,0.2,"[30.0, 0.0, 0.0]","[0.6, 0.6, 1.0]","[14.74390322 13.93229608 13.05298501 13.93229608 14.53969722 13.91830328
 12.87206309 13.42153176 14.50667246 13.91220304 12.84288791 13.33462384]","[0.10028658 0.10034383 0.10053197 0.10028411 0.10196057 0.10064951
 0.10206407 0.10444396 0.1022311  0.1007702  0.102365   0.1051109 ]"
4,-8.0,14,0.1,0.2,"[30.0, 0.0, 0.0]","[1.0, 1.0, 1.0]","[14.74390322 13.93229608 13.05298501 13.93229608 14.35287364 13.89177143
 12.70668257 13.01946393 14.29277194 13.87601114 12.65347744 12.87937423]","[0.10079496 0.10095361 0.10147376 0.10078812 0.10408024 0.10160846
 0.10438889 0.10863543 0.10569696 0.10288305 0.10590465 0.11086459]"
4,-8.0,14,0.1,0.2,"[30.0, 20.0, 0.0]","[0.6, 0.6, 1.0]","[14.74390322 13.93229608 13.05298501 13.93229608 14.53969722 13.91830328
 12.87206309 13.42153176 14.50191913 13.91148894 12.83858635 13.33463796]","[0.10028658 0.10034383 0.10053197 0.10028411 0.10225713 0.10094869
 0.10258565 0.10485475 0.10228959 0.10081372 0.10251282 0.10522725]"
4,-8.0,14,0.1,0.2,"[30.0, 20.0, 0.0]","[1.0, 1.0, 1.0]","[14.74390322 13.93229608 13.05298501 13.93229608 14.35287364 13.89177143
 12.70668257 13.01946393 14.25715094 13.86634907 12.62225111 12.83333588]","[0.10079496 0.10095361 0.10147376 0.10078812 0.10499028 0.10249841
 0.10599144 0.10995424 0.10671304 0.10365643 0.10707458 0.11227637]"
4,0.0,14,0.1,0.2,"[-30.0, -20.0, 0.0]","[0.6, 0.6, 1.0]","[14.74390322 13.93229608 13.05298501 13.93229608 14.14187089 13.449986
 12.51892925 13.31747942 13.92543861 13.26005749 12.32500049 13.07057272]","[0.10045807 0.10024604 0.10018804 0.10023068 0.1065064  0.1052578
 0.10577524 0.10626928 0.10809642 0.10685923 0.10744801 0.10828632]"
4,0.0,14,0.1,0.2,"[-30.0, -20.0, 0.0]","[1.0, 1.0, 1.0]","[14.74390322 13.93229608 13.05298501 13.93229608 13.77165169 13.20266682
 12.18796669 12.87034019 13.35378594 12.86706286 11.80631601 12.3564576 ]","[0.10126943 0.10068269 0.10052187 0.10064002 0.11344604 0.10995654
 0.11106355 0.1127386  0.11673365 0.11323332 0.11496536 0.11773374]"
4,0.0,14,0.1,0.2,"[-30.0, 0.0, 0.0]","[0.6, 0.6, 1.0]","[14.74390322 13.93229608 13.05298501 13.93229608 14.14187089 13.449986
 12.51892925 13.31747942 13.87155142 13.14897584 12.2792694  13.06510313]","[0.10045807 0.10024604 0.10018804 0.10023068 0.10566775 0.10483023
 0.10542955 0.10583524 0.10808701 0.1076444  0.10790677 0.10820191]"
4,0.0,14,0.1,0.2,"[-30.0, 0.0, 0.0]","[1.0, 1.0, 1.0]","[14.74390322 13.93229608 13.05298501 13.93229608 13.77165169 13.20266682
 12.18796669 12.87034019 13.23570627 12.60758063 11.71129904 12.39463748]","[0.10126943 0.10068269 0.10052187 0.10064002 0.11061462 0.10854971
 0.10989395 0.11124006 0.11639854 0.11512979 0.11586856 0.11685113]"
4,0.0,14,0.1,0.2,"[-30.0, 20.0, 0.0]","[0.6, 0.6, 1.0]","[14.74390322 13.93229608 13.05298501 13.93229608 14.14187089 13.449986
 12.51892925 13.31747942 13.91634862 13.14744548 12.32075628 13.17626638]","[0.10045807 0.10024604 0.10018804 0.10023068 0.10544533 0.10485635
 0.10564268 0.10582872 0.10752657 0.10768981 0.10776815 0.10729171]"
4,0.0,14,0.1,0.2,"[-30.0, 20.0, 0.0]","[1.0, 1.0, 1.0]","[14.74390322 13.93229608 13.05298501 13.93229608 13.77165169 13.20266682
 12.18796669 12.87034019 13.30814702 12.53556759 11.7847947  12.64678807]","[0.10126943 0.10068269 0.10052187 0.10064002 0.10995796 0.10871047
 0.11071677 0.11129015 0.11517227 0.11588627 0.11574688 0.1145135 ]"
4,0.0,14,0.1,0.2,"[0.0, -20.0, 0.0]","[0.6, 0.6, 1.0]","[14.74390322 13.93229608 13.05298501 13.93229608 14.03779065 13.26463885
 12.4279224  13.26458058 13.87194903 13.17160377 12.27932797 13.0616149 ]","[0.1000106  0.10002131 0.1000296  0.10000802 0.10669886 0.10642229
 0.10627638 0.10637482 0.10823274 0.10754496 0.10795173 0.10831906]"
4,0.0,14,0.1,0.2,"[0.0, -20.0, 0.0]","[1.0, 1.0, 1.0]","[14.74390322 13.93229608 13.05298501 13.93229608 13.59444039 12.84560923
 12.03564971 12.84536028 13.21939877 12.66156147 11.6939918  12.32828987]","[0.10002944 0.10005919 0.1000822  0.10002228 0.11314021 0.11211811
 0.1116079  0.11195869 0.11730554 0.11511763 0.11637876 0.11798547]"
4,0.0,14,0.1,0.2,"[0.0, 0.0, 0.0]","[0.6, 0.6, 1.0]","[14.74390322 13.93229608 13.05298501 13.93229608 14.03779065 13.26463885
 12.4279224  13.26458058 13.8216563  13.05886713 12.23675969 13.06179881]","[0.1000106  0.10002131 0.1000296  0.10000802 0.10621252 0.10624574
 0.10627125 0.10620241 0.10834415 0.10846331 0.10853131 0.10829757]"
4,0.0,14,0.1,0.2,"[0.0, 0.0, 0.0]","[1.0, 1.0, 1.0]","[14.74390322 13.93229608 13.05298501 13.93229608 13.59444039 12.84560923
 12.03564971 12.84536028 13.11571036 12.38943384 11.61286302 12.39671262]","[0.10002944 0.10005919 0.1000822  0.10002228 0.11132699 0.11143803
 0.11152458 0.11129206 0.11729901 0.1175513  0.11767318 0.11718583]"
4,0.0,14,0.1,0.2,"[0.0, 20.0, 0.0]","[0.6, 0.6, 1.0]","[14.74390322 13.93229608 13.05298501 13.93229608 14.03779065 13.26463885
 12.4279224  13.26458058 13.87063068 13.05952534 12.2817754  13.17460456]","[0.1000106  0.10002131 0.1000296  0.10000802 0.10638926 0.1065729
 0.10686818 0.10647476 0.10791396 0.10861115 0.10850539 0.10748185]"
4,0.0,14,0.1,0.2,"[0.0, 20.0, 0.0]","[1.0, 1.0, 1.0]","[14.74390322 13.93229608 13.05298501 13.93229608 13.59444039 12.84560923
 12.03564971 12.84536028 13.21277935 12.32606137 11.70731731 12.66995655]","[0.10002944 0.10005919 0.1000822  0.10002228 0.11203051 0.1126576
 0.11372416 0.11231171 0.11643072 0.11869812 0.1178717  0.11503039]"
4,0.0,14,0.1,0.2,"[30.0, -20.0, 0.0]","[0.6, 0.6, 1.0]","[14.74390322 13.93229608 13.05298501 13.93229608 14.14107644 13.31787163
 12.52021285 13.45005314 13.91654799 13.17334292 12.32039486 13.15040463]","[0.10028658 0.10034383 0.10053197 0.10028411 0.10554075 0.1058442
 0.10542859 0.10474619 0.1075785  0.10744847 0.10766186 0.10748362]"
4,0.0,14,0.1,0.2,"[30.0, -20.0, 0.0]","[1.0, 1.0, 1.0]","[14.74390322 13.93229608 13.05298501 13.93229608 13.76864943 12.87224685
 12.19309158 13.20289878 13.30979152 12.63965242 11.78174488 12.5421132 ]","[0.10079496 0.10095361 0.10147376 0.10078812 0.11035054 0.11130979
 0.10987556 0.10833177 0.11536175 0.11481525 0.11537543 0.11540642]"
4,0.0,14,0.1,0.2,"[30.0, 0.0, 0.0]","[0.6, 0.6, 1.0]","[14.74390322 13.93229608 13.05298501 13.93229608 14.14107644 13.31787163
 12.52021285 13.45005314 13.87050094 13.06248663 12.28128889 13.1525488 ]","[0.10028658 0.10034383 0.10053197 0.10028411 0.10547581 0.10596063
 0.10576789 0.10484453 0.10783173 0.10846611 0.10833467 0.10755261]"
4,0.0,14,0.1,0.2,"[30.0, 0.0, 0.0]","[1.0, 1.0, 1.0]","[14.74390322 13.93229608 13.05298501 13.93229608 13.76864943 12.87224685
 12.19309158 13.20289878 13.2311232  12.39019672 11.72084541 12.61718718]","[0.10079496 0.10095361 0.10147376 0.10078812 0.11002488 0.11163477
 0.11093299 0.10858753 0.11577449 0.11743886 0.11688615 0.11494857]"
4,0.0,14,0.1,0.2,"[30.0, 20.0, 0.0]","[0.6, 0.6, 1.0]","[14.74390322 13.93229608 13.05298501 13.93229608 14.14107644 13.31787163
 12.52021285 13.45005314 13.92331339 13.06901986 12.32923861 13.26348892]","[0.10028658 0.10034383 0.10053197 0.10028411 0.1060417  0.10656334
 0.10665896 0.10534571 0.10754954 0.10867801 0.1083915  0.10685782]"
4,0.0,14,0.1,0.2,"[30.0, 20.0, 0.0]","[1.0, 1.0, 1.0]","[14.74390322 13.93229608 13.05298501 13.93229608 13.76864943 12.87224685
 12.19309158 13.20289878 13.34478309 12.35811379 11.82646485 12.87636182]","[0.10079496 0.10095361 0.10147376 0.10078812 0.11194207 0.11370792
 0.11393588 0.11023659 0.11537107 0.11865247 0.11727849 0.11327918]"
4,8.0,14,0.1,0.2,"[-30.0, -20.0, 0.0]","[0.6, 0.6, 1.0]","[14.74390322 13.93229608 13.05298501 13.93229608 14.53956072 13.42145308
 12.8722885  13.91835527 14.50328328 13.33734958 12.84016525 13.9118782 ]","[0.10045807 0.10024604 0.10018804 0.10023068 0.10244714 0.10472566
 0.10208958 0.1007863  0.10235488 0.10514561 0.10225827 0.10069492]"
4,8.0,14,0.1,0.2,"[-30.0, -20.0, 0.0]","[1.0, 1.0, 1.0]","[14.74390322 13.93229608 13.05298501 13.93229608 14.35264956 13.01902203
 12.70718    13.89203513 14.26158821 12.83892062 12.62611286 13.86823537]","[0.10126943 0.10068269 0.10052187 0.10064002 0.10557526 0.10955344
 0.10449092 0.10202265 0.10679626 0.11200522 0.10653613 0.10344749]"
4,8.0,14,0.1,0.2,"[-30.0, 0.0, 0.0]","[0.6, 0.6, 1.0]","[14.74390322 13.93229608 13.05298501 13.93229608 14.53956072 13.42145308
 12.8722885  13.91835527 14.50816674 13.33773044 12.84431275 13.91251757]","[0.10045807 0.10024604 0.10018804 0.10023068 0.10200786 0.10439896
 0.10192497 0.10059691 0.10223658 0.10509988 0.10227899 0.10069203]"
4,8.0,14,0.1,0.2,"[-30.0, 0.0, 0.0]","[1.0, 1.0, 1.0]","[14.74390322 13.93229608 13.05298501 13.93229608 14.35264956 13.01902203
 12.70718    13.89203513 14.29717615 12.88706121 12.65741118 13.8773541 ]","[0.10126943 0.10068269 0.10052187 0.10064002 0.10422358 0.10850232
 0.10397758 0.10145678 0.10568564 0.11076652 0.10571915 0.10276194]"
4,8.0,14,0.1,0.2,"[-30.0, 20.0, 0.0]","[0.6, 0.6, 1.0]","[14.74390322 13.93229608 13.05298501 13.93229608 14.53956072 13.42145308
 12.8722885  13.91835527 14.55181014 13.43859522 12.88276724 13.91963446]","[0.10045807 0.10024604 0.10018804 0.10023068 0.10203848 0.10445545
 0.10217437 0.10070987 0.10189037 0.10435647 0.10205484 0.10065274]"
4,8.0,14,0.1,0.2,"[-30.0, 20.0, 0.0]","[1.0, 1.0, 1.0]","[14.74390322 13.93229608 13.05298501 13.93229608 14.35264956 13.01902203
 12.70718    13.89203513 14.40619969 13.10902993 12.75341258 13.90195018]","[0.10126943 0.10068269 0.10052187 0.10064002 0.10433965 0.10870886
 0.104759   0.10180494 0.1037666  0.10793288 0.10404772 0.10159177]"
4,8.0,14,0.1,0.2,"[0.0, -20.0, 0.0]","[0.6, 0.6, 1.0]","[14.74390322 13.93229608 13.05298501 13.93229608 14.52935487 13.3825575
 12.86302692 13.91594886 14.51033964 13.35076823 12.84640191 13.91324598]","[0.1000106  0.10002131 0.1000296  0.10000802 0.10231283 0.10478502
 0.1020679  0.10073104 0.10227402 0.10501887 0.10222833 0.10068781]"
4,8.0,14,0.1,0.2,"[0.0, -20.0, 0.0]","[1.0, 1.0, 1.0]","[14.74390322 13.93229608 13.05298501 13.93229608 14.3642583  13.01734647
 12.71683785 13.89208806 14.28633867 12.8813684  12.64835447 13.87519978]","[0.10002944 0.10005919 0.1000822  0.10002228 0.10526689 0.10922714
 0.10452769 0.10221444 0.1058893  0.11089055 0.10572912 0.10277364]"
4,8.0,14,0.1,0.2,"[0.0, 0.0, 0.0]","[0.6, 0.6, 1.0]","[14.74390322 13.93229608 13.05298501 13.93229608 14.52935487 13.3825575
 12.86302692 13.91594886 14.51543143 13.35267949 12.85069015 13.91380613]","[0.1000106  0.10002131 0.1000296  0.10000802 0.10200425 0.10465324
 0.10203983 0.10061478 0.10216815 0.10498749 0.10226081 0.10069062]"
4,8.0,14,0.1,0.2,"[0.0, 0.0, 0.0]","[1.0, 1.0, 1.0]","[14.74390322 13.93229608 13.05298501 13.93229608 14.3642583  13.01734647
 12.71683785 13.89208806 14.32213302 12.93525768 12.6795307  13.88323123]","[0.10002944 0.10005919 0.1000822  0.10002228 0.10432482 0.10879949
 0.10443068 0.10186516 0.10489606 0.10976979 0.10502634 0.1021813 ]"
4,8.0,14,0.1,0.2,"[0.0, 20.0, 0.0]","[0.6, 0.6, 1.0]","[14.74390322 13.93229608 13.05298501 13.93229608 14.52935487 13.3825575
 12.86302692 13.91594886 14.55819051 13.452865   12.88833333 13.92040521]","[0.1000106  0.10002131 0.1000296  0.10000802 0.10215343 0.10489856
 0.10242932 0.10079853 0.10183991 0.10427556 0.10205609 0.10065986]"
4,8.0,14,0.1,0.2,"[0.0, 20.0, 0.0]","[1.0, 1.0, 1.0]","[14.74390322 13.93229608 13.05298501 13.93229608 14.3642583  13.01734647
 12.71683785 13.89208806 14.4275509  13.1546979  12.77209225 13.90554441]","[0.10002944 0.10005919 0.1000822  0.10002228 0.10479003 0.10958637
 0.10561534 0.10241115 0.10360148 0.1076308  0.10398074 0.10158529]"
4,8.0,14,0.1,0.2,"[30.0, -20.0, 0.0]","[0.6, 0.6, 1.0]","[14.74390322 13.93229608 13.05298501 13.93229608 14.60007977 13.553145
 12.92546123 13.92591912 14.52443185 13.38007625 12.85885614 13.91564268]","[0.10028658 0.10034383 0.10053197 0.10028411 0.10165874 0.10335289
 0.10152934 0.10060381 0.10213359 0.10476324 0.10213558 0.10065857]"
4,8.0,14,0.1,0.2,"[30.0, -20.0, 0.0]","[1.0, 1.0, 1.0]","[14.74390322 13.93229608 13.05298501 13.93229608 14.51906825 13.35578986
 12.85327263 13.92024007 14.33292666 12.96790275 12.68981205 13.88642047]","[0.10079496 0.10095361 0.10147376 0.10078812 0.10322613 0.10566698
 0.1028529  0.10142947 0.10479919 0.109401   0.10473702 0.10203835]"
4,8.0,14,0.1,0.2,"[30.0, 0.0, 0.0]","[0.6, 0.6, 1.0]","[14.74390322 13.93229608 13.05298501 13.93229608 14.60007977 13.553145
 12.92546123 13.92591912 14.529165   13.38231113 12.8627898  13.91606217]","[0.10028658 0.10034383 0.10053197 0.10028411 0.10149666 0.10342279
 0.10163319 0.10056048 0.1020432  0.10475456 0.10218235 0.10066701]"
4,8.0,14,0.1,0.2,"[30.0, 0.0, 0.0]","[1.0, 1.0, 1.0]","[14.74390322 13.93229608 13.05298501 13.93229608 14.51906825 13.35578986
 12.85327263 13.92024007 14.36519322 13.02053244 12.7175616  13.89250943]","[0.10079496 0.10095361 0.10147376 0.10078812 0.1027547  0.1058648
 0.1031451  0.10130126 0.10398269 0.10849181 0.10420197 0.10157347]"
4,8.0,14,0.1,0.2,"[30.0, 20.0, 0.0]","[0.6, 0.6, 1.0]","[14.74390322 13.93229608 13.05298501 13.93229608 14.60007977 13.553145
 12.92546123 13.92591912 14.57003305 13.47927455 12.89875329 13.92216682]","[0.10028658 0.10034383 0.10053197 0.10028411 0.10177054 0.10384481
 0.10213564 0.10080646 0.10174046 0.10409222 0.10200154 0.10064408]"
4,8.0,14,0.1,0.2,"[30.0, 20.0, 0.0]","[1.0, 1.0, 1.0]","[14.74390322 13.93229608 13.05298501 13.93229608 14.51906825 13.35578986
 12.85327263 13.92024007 14.4610889  13.22614953 12.80161344 13.91112682]","[0.10079496 0.10095361 0.10147376 0.10078812 0.10354793 0.10710952
 0.10458967 0.10199946 0.10328104 0.10704982 0.1037381  0.10148741]"
6,-8.0,14,0.1,0.2,"[-30.0, -20.0, 0.0]","[0.6, 0.6, 1.0]","[14.74390322 13.93229608 13.05298501 13.93229608 14.70226316 13.92962889
 13.01630618 13.83004509 14.69003936 13.92800466 13.0054885  13.80200444]","[0.10045807 0.10024604 0.10018804 0.10023068 0.10073387 0.10028471
 0.10049662 0.10103921 0.10051754 0.1001838  0.10052134 0.10106501]"
6,-8.0,14,0.1,0.2,"[-30.0, -20.0, 0.0]","[1.0, 1.0, 1.0]","[14.74390322 13.93229608 13.05298501 13.93229608 14.68139805 13.92806865
 12.99841203 13.78116553 14.6587117  13.92493411 12.97836296 13.73009773]","[0.10126943 0.10068269 0.10052187 0.10064002 0.1016447  0.10072987
 0.10097862 0.10189811 0.10106187 0.10051038 0.10102669 0.10191396]"
6,-8.0,14,0.1,0.2,"[-30.0, 0.0, 0.0]","[0.6, 0.6, 1.0]","[14.74390322 13.93229608 13.05298501 13.93229608 14.70226316 13.92962889
 13.01630618 13.83004509 14.67049568 13.92497295 12.98801094 13.75818814]","[0.10045807 0.10024604 0.10018804 0.10023068 0.10040617 0.10013357
 0.10039291 0.10084774 0.10070914 0.10028861 0.10076174 0.10146411]"
6,-8.0,14,0.1,0.2,"[-30.0, 0.0, 0.0]","[1.0, 1.0, 1.0]","[14.74390322 13.93229608 13.05298501 13.93229608 14.68139805 13.92806865
 12.99841203 13.78116553 14.61416124 13.91729551 12.93817897 13.63271233]","[0.10126943 0.10068269 0.10052187 0.10064002 0.10072637 0.10030735
 0.10068745 0.1013578  0.10183958 0.10107568 0.10189141 0.1031447 ]"
6,-8.0,14,0.1,0.2,"[-30.0, 20.0, 0.0]","[0.6, 0.6, 1.0]","[14.74390322 13.93229608 13.05298501 13.93229608 14.70226316 13.92962889
 13.01630618 13.83004509 14.66703381 13.92454111 12.98477966 13.75196961]","[0.10045807 0.10024604 0.10018804 0.10023068 0.10048701 0.10029259
 0.10066402 0.10094049 0.10072743 0.10030701 0.10082419 0.10152915]"
6,-8.0,14,0.1,0.2,"[-30.0, 20.0, 0.0]","[1.0, 1.0, 1.0]","[14.74390322 13.93229608 13.05298501 13.93229608 14.68139805 13.92806865
 12.99841203 13.78116553 14.5929979  13.91318916 12.91875304 13.59189943]","[0.10126943 0.10068269 0.10052187 0.10064002 0.10095379 0.10075244
 0.10144785 0.10162077 0.10198677 0.10113424 0.10211557 0.10349866]"
6,-8.0,14,0.1,0.2,"[0.0, -20.0, 0.0]","[0.6, 0.6, 1.0]","[14.74390322 13.93229608 13.05298501 13.93229608 14.6696753  13.92483977
 12.98725497 13.75638166 14.68754202 13.92746875 13.00325121 13.79680727]","[0.1000106  0.10002131 0.1000296  0.10000802 0.10096363 0.1003617
 0.10075593 0.10157623 0.10052915 0.10019129 0.10055053 0.10110424]"
6,-8.0,14,0.1,0.2,"[0.0, -20.0, 0.0]","[1.0, 1.0, 1.0]","[14.74390322 13.93229608 13.05298501 13.93229608 14.6115811  13.91680416
 12.93577451 13.62714154 14.65161071 13.92336592 12.97197869 13.71574151]","[0.10002944 0.10005919 0.1000822  0.10002228 0.10261636 0.10138726
 0.10202489 0.1035085  0.10133946 0.10076477 0.10133399 0.10226079]"
6,-8.0,14,0.1,0.2,"[0.0, 0.0, 0.0]","[0.6, 0.6, 1.0]","[14.74390322 13.93229608 13.05298501 13.93229608 14.6696753  13.92483977
 12.98725497 13.75638166 14.6673668  13.92434954 12.98520387 13.75167762]","[0.1000106  0.10002131 0.1000296  0.10000802 0.10068791 0.100247
 0.10071514 0.10146023 0.10072817 0.10029914 0.1007995  0.10151856]"
6,-8.0,14,0.1,0.2,"[0.0, 0.0, 0.0]","[1.0, 1.0, 1.0]","[14.74390322 13.93229608 13.05298501 13.93229608 14.6115811  13.91680416
 12.93577451 13.62714154 14.6041601  13.91498256 12.92917292 13.61309973]","[0.10002944 0.10005919 0.1000822  0.10002228 0.10182946 0.10106197
 0.10190669 0.10317056 0.10192623 0.10112327 0.10201172 0.10332597]"
6,-8.0,14,0.1,0.2,"[0.0, 20.0, 0.0]","[0.6, 0.6, 1.0]","[14.74390322 13.93229608 13.05298501 13.93229608 14.6696753  13.92483977
 12.98725497 13.75638166 14.6637305  13.92387564 12.98181611 13.74523822]","[0.1000106  0.10002131 0.1000296  0.10000802 0.10083314 0.10044881
 0.10105643 0.10163925 0.10075022 0.10031946 0.10086636 0.10159004]"
6,-8.0,14,0.1,0.2,"[0.0, 20.0, 0.0]","[1.0, 1.0, 1.0]","[14.74390322 13.93229608 13.05298501 13.93229608 14.6115811  13.91680416
 12.93577451 13.62714154 14.58159123 13.91030006 12.90851629 13.57067437]","[0.10002944 0.10005919 0.1000822  0.10002228 0.10224427 0.10163237
 0.10287884 0.10369027 0.10209115 0.10119083 0.10225581 0.10370778]"
6,-8.0,14,0.1,0.2,"[30.0, -20.0, 0.0]","[0.6, 0.6, 1.0]","[14.74390322 13.93229608 13.05298501 13.93229608 14.67204728 13.92553805
 12.98917276 13.76386194 14.68601227 13.92728291 13.00187374 13.79334292]","[0.10028658 0.10034383 0.10053197 0.10028411 0.10082283 0.10025883
 0.10063901 0.10140024 0.10053452 0.10019814 0.10057371 0.1011312 ]"
6,-8.0,14,0.1,0.2,"[30.0, -20.0, 0.0]","[1.0, 1.0, 1.0]","[14.74390322 13.93229608 13.05298501 13.93229608 14.59484151 13.91377598
 12.92023473 13.59876788 14.6464372  13.92232243 12.96727945 13.70491827]","[0.10079496 0.10095361 0.10147376 0.10078812 0.10259791 0.10134214
 0.10206875 0.10359157 0.10136952 0.10078479 0.10139504 0.10234595]"
6,-8.0,14,0.1,0.2,"[30.0, 0.0, 0.0]","[0.6, 0.6, 1.0]","[14.74390322 13.93229608 13.05298501 13.93229608 14.67204728 13.92553805
 12.98917276 13.76386194 14.66533032 13.92401456 12.98336535 13.7472837 ]","[0.10028658 0.10034383 0.10053197 0.10028411 0.10060179 0.10018477
 0.10066331 0.10135972 0.10073974 0.10030859 0.10082913 0.1015572 ]"
6,-8.0,14,0.1,0.2,"[30.0, 0.0, 0.0]","[1.0, 1.0, 1.0]","[14.74390322 13.93229608 13.05298501 13.93229608 14.59484151 13.91377598
 12.92023473 13.59876788 14.5968802  13.91336768 12.92256833 13.59846759]","[0.10079496 0.10095361 0.10147376 0.10078812 0.10195757 0.10112808
 0.10213449 0.1034675  0.10198076 0.10115364 0.10209864 0.10345685]"
6,-8.0,14,0.1,0.2,"[30.0, 20.0, 0.0]","[0.6, 0.6, 1.0]","[14.74390322 13.93229608 13.05298501 13.93229608 14.67204728 13.92553805
 12.98917276 13.76386194 14.66165547 13.92351492 12.97994563 13.74091757]","[0.10028658 0.10034383 0.10053197 0.10028411 0.10081336 0.1004311
 0.10106878 0.10162109 0.10086236 0.10042696 0.10099556 0.10173079]"
6,-8.0,14,0.1,0.2,"[30.0, 20.0, 0.0]","[1.0, 1.0, 1.0]","[14.74390322 13.93229608 13.05298501 13.93229608 14.59484151 13.91377598
 12.92023473 13.59876788 14.57363501 13.90831574 12.90135249 13.55572693]","[0.10079496 0.10095361 0.10147376 0.10078812 0.10256584 0.10182756
 0.10329917 0.10423348 0.10216125 0.10122911 0.10235617 0.10385761]"
6,0.0,14,0.1,0.2,"[-30.0, -20.0, 0.0]","[0.6, 0.6, 1.0]","[14.74390322 13.93229608 13.05298501 13.93229608 14.29891897 13.5624956
 12.65792651 13.47518613 14.17561488 13.45020596 12.54705593 13.34278324]","[0.10045807 0.10024604 0.10018804 0.10023068 0.10485402 0.10402311
 0.1042723  0.1046632  0.10551452 0.10483595 0.10511468 0.10558214]"
6,0.0,14,0.1,0.2,"[-30.0, -20.0, 0.0]","[1.0, 1.0, 1.0]","[14.74390322 13.93229608 13.05298501 13.93229608 14.03112667 13.37528294
 12.41713434 13.1526098  13.80487341 13.17912357 12.20790489 12.89177202]","[0.10126943 0.10068269 0.10052187 0.10064002 0.10988861 0.10755032
 0.10808806 0.10929452 0.11077497 0.10895939 0.1097916  0.11123932]"
6,0.0,14,0.1,0.2,"[-30.0, 0.0, 0.0]","[0.6, 0.6, 1.0]","[14.74390322 13.93229608 13.05298501 13.93229608 14.29891897 13.5624956
 12.65792651 13.47518613 14.13027336 13.37226404 12.50869388 13.33075416]","[0.10045807 0.10024604 0.10018804 0.10023068 0.10416815 0.10367383
 0.10400323 0.10431274 0.10558987 0.10538108 0.10549574 0.1056067 ]"
6,0.0,14,0.1,0.2,"[-30.0, 0.0, 0.0]","[1.0, 1.0, 1.0]","[14.74390322 13.93229608 13.05298501 13.93229608 14.03112667 13.37528294
 12.41713434 13.1526098  13.70417635 13.00009611 12.12757157 12.89066704]","[0.10126943 0.10068269 0.10052187 0.10064002 0.10770368 0.10645331
 0.10722799 0.10815835 0.11082859 0.11022356 0.11055094 0.11098488]"
6,0.0,14,0.1,0.2,"[-30.0, 20.0, 0.0]","[0.6, 0.6, 1.0]","[14.74390322 13.93229608 13.05298501 13.93229608 14.29891897 13.5624956
 12.65792651 13.47518613 14.16774625 13.37703384 12.54353736 13.4080051 ]","[0.10045807 0.10024604 0.10018804 0.10023068 0.10402427 0.10372927
 0.10422566 0.10433822 0.10517725 0.10537022 0.10535638 0.10500652]"
6,0.0,14,0.1,0.2,"[-30.0, 20.0, 0.0]","[1.0, 1.0, 1.0]","[14.74390322 13.93229608 13.05298501 13.93229608 14.03112667 13.37528294
 12.41713434 13.1526098  13.7665131  12.96720715 12.19144123 13.06368653]","[0.10126943 0.10068269 0.10052187 0.10064002 0.10729767 0.10666922
 0.10799301 0.1082805  0.10999056 0.11056225 0.11032929 0.1095223 ]"
6,0.0,14,0.1,0.2,"[0.0, -20.0, 0.0]","[0.6, 0.6, 1.0]","[14.74390322 13.93229608 13.05298501 13.93229608 14.21187498 13.42940078
 12.58205635 13.42933444 14.14576698 13.40505587 12.52189523 13.3345629 ]","[0.1000106  0.10002131 0.1000296  0.10000802 0.10505637 0.10482372
 0.10470239 0.104785   0.10556194 0.10516957 0.10540118 0.10562458]"
6,0.0,14,0.1,0.2,"[0.0, -20.0, 0.0]","[1.0, 1.0, 1.0]","[14.74390322 13.93229608 13.05298501 13.93229608 13.87515155 13.11126165
 12.2842438  13.11096298 13.73049952 13.07378687 12.14730849 12.8700439 ]","[0.10002944 0.10005919 0.1000822  0.10002228 0.1098403  0.10905249
 0.10865569 0.10892982 0.11097678 0.1098209  0.11050694 0.11139118]"
6,0.0,14,0.1,0.2,"[0.0, 0.0, 0.0]","[0.6, 0.6, 1.0]","[14.74390322 13.93229608 13.05298501 13.93229608 14.21187498 13.42940078
 12.58205635 13.42933444 14.103383   13.32609157 12.48615372 13.32760591]","[0.1000106  0.10002131 0.1000296  0.10000802 0.10464143 0.10466823
 0.10468845 0.10463351 0.1057022  0.10578836 0.10584127 0.10567143]"
6,0.0,14,0.1,0.2,"[0.0, 0.0, 0.0]","[1.0, 1.0, 1.0]","[14.74390322 13.93229608 13.05298501 13.93229608 13.87515155 13.11126165
 12.2842438  13.11096298 13.64191908 12.88897507 12.07860065 12.89259422]","[0.10002944 0.10005919 0.1000822  0.10002228 0.1084255  0.10851018
 0.10857448 0.10840016 0.11119305 0.11134635 0.1114251  0.11112972]"
6,0.0,14,0.1,0.2,"[0.0, 20.0, 0.0]","[0.6, 0.6, 1.0]","[14.74390322 13.93229608 13.05298501 13.93229608 14.21187498 13.42940078
 12.58205635 13.42933444 14.14465279 13.33390556 12.52416525 13.40679476]","[0.1000106  0.10002131 0.1000296  0.10000802 0.10479965 0.10495064
 0.10519523 0.10486866 0.10535457 0.10582065 0.10575398 0.10511705]"
6,0.0,14,0.1,0.2,"[0.0, 20.0, 0.0]","[1.0, 1.0, 1.0]","[14.74390322 13.93229608 13.05298501 13.93229608 13.87515155 13.11126165
 12.2842438  13.11096298 13.72466133 12.87132804 12.15949748 13.07879702]","[0.10002944 0.10005919 0.1000822  0.10002228 0.10898886 0.10947413
 0.11028884 0.10920502 0.11049386 0.11178165 0.11130527 0.10975264]"
6,0.0,14,0.1,0.2,"[30.0, -20.0, 0.0]","[0.6, 0.6, 1.0]","[14.74390322 13.93229608 13.05298501 13.93229608 14.29813195 13.4756462
 12.65928238 13.56258039 14.16804161 13.40642346 12.542813   13.37829312]","[0.10028658 0.10034383 0.10053197 0.10028411 0.10412713 0.10433938
 0.103999   0.10362638 0.10521439 0.10511878 0.10528456 0.10522574]"
6,0.0,14,0.1,0.2,"[30.0, -20.0, 0.0]","[1.0, 1.0, 1.0]","[14.74390322 13.93229608 13.05298501 13.93229608 14.02787398 13.15490952
 12.42299088 13.37558745 13.76846595 13.05966692 12.18696611 12.96912679]","[0.10079496 0.10095361 0.10147376 0.10078812 0.107665   0.10826309
 0.10720232 0.10633759 0.11009253 0.10971528 0.1101406  0.11028238]"
6,0.0,14,0.1,0.2,"[30.0, 0.0, 0.0]","[0.6, 0.6, 1.0]","[14.74390322 13.93229608 13.05298501 13.93229608 14.29813195 13.4756462
 12.65928238 13.56258039 14.12948072 13.32962264 12.51023521 13.37418518]","[0.10028658 0.10034383 0.10053197 0.10028411 0.10402944 0.10440499
 0.10424291 0.10368003 0.10542489 0.10578562 0.10576812 0.10531028]"
6,0.0,14,0.1,0.2,"[30.0, 0.0, 0.0]","[1.0, 1.0, 1.0]","[14.74390322 13.93229608 13.05298501 13.93229608 14.02787398 13.15490952
 12.42299088 13.37558745 13.70046723 12.8893876  12.13503587 13.00545798]","[0.10079496 0.10095361 0.10147376 0.10078812 0.10729558 0.1084338
 0.10793105 0.10646808 0.11046726 0.11132756 0.11112857 0.11010452]"
6,0.0,14,0.1,0.2,"[30.0, 20.0, 0.0]","[0.6, 0.6, 1.0]","[14.74390322 13.93229608 13.05298501 13.93229608 14.29813195 13.4756462
 12.65928238 13.56258039 14.17390801 13.34270684 12.55061455 13.45210155]","[0.10028658 0.10034383 0.10053197 0.10028411 0.10448451 0.10489793
 0.1049733  0.10409304 0.10515496 0.10584062 0.10572309 0.10482488]"
6,0.0,14,0.1,0.2,"[30.0, 20.0, 0.0]","[1.0, 1.0, 1.0]","[14.74390322 13.93229608 13.05298501 13.93229608 14.02787398 13.15490952
 12.42299088 13.37558745 13.79706037 12.89610238 12.22513757 13.18453125]","[0.10079496 0.10095361 0.10147376 0.10078812 0.1087506  0.11002738
 0.11025496 0.10776481 0.10997955 0.11175092 0.11110294 0.10897441]"
6,8.0,14,0.1,0.2,"[-30.0, -20.0, 0.0]","[0.6, 0.6, 1.0]","[14.74390322 13.93229608 13.05298501 13.93229608 14.67188566 13.76388345
 12.9894188  13.92557272 14.66209306 13.7421883  12.98075641 13.92366735]","[0.10045807 0.10024604 0.10018804 0.10023068 0.10095363 0.10154718
 0.10070761 0.10030173 0.10089097 0.10172629 0.10088734 0.10034961]"
6,8.0,14,0.1,0.2,"[-30.0, -20.0, 0.0]","[1.0, 1.0, 1.0]","[14.74390322 13.93229608 13.05298501 13.93229608 14.59417683 13.59879022
 12.92129258 13.91398625 14.57484453 13.55930003 12.90418445 13.90903746]","[0.10126943 0.10068269 0.10052187 0.10064002 0.10297065 0.10401935
 0.10226457 0.10146171 0.10219811 0.10379391 0.10214519 0.1011138 ]"
6,8.0,14,0.1,0.2,"[-30.0, 0.0, 0.0]","[0.6, 0.6, 1.0]","[14.74390322 13.93229608 13.05298501 13.93229608 14.67188566 13.76388345
 12.9894188  13.92557272 14.66589778 13.74855551 12.98395074 13.92413043]","[0.10045807 0.10024604 0.10018804 0.10023068 0.10062137 0.10135075
 0.10060145 0.10014961 0.10074264 0.10157884 0.10079452 0.10025334]"
6,8.0,14,0.1,0.2,"[-30.0, 0.0, 0.0]","[1.0, 1.0, 1.0]","[14.74390322 13.93229608 13.05298501 13.93229608 14.59417683 13.59879022
 12.92129258 13.91398625 14.59851654 13.60205521 12.92438303 13.91380791]","[0.10126943 0.10068269 0.10052187 0.10064002 0.10201533 0.10344277
 0.10195653 0.1010287  0.1019784  0.10345104 0.10202904 0.10108228]"
6,8.0,14,0.1,0.2,"[-30.0, 20.0, 0.0]","[0.6, 0.6, 1.0]","[14.74390322 13.93229608 13.05298501 13.93229608 14.67188566 13.76388345
 12.9894188  13.92557272 14.68654419 13.79427726 13.00211629 13.92734156]","[0.10045807 0.10024604 0.10018804 0.10023068 0.10071421 0.10148555
 0.1008762  0.10028078 0.10051091 0.10118144 0.10061302 0.1001618 ]"
6,8.0,14,0.1,0.2,"[-30.0, 20.0, 0.0]","[1.0, 1.0, 1.0]","[14.74390322 13.93229608 13.05298501 13.93229608 14.59417683 13.59879022
 12.92129258 13.91398625 14.64796017 13.70722468 12.96768606 13.92250275]","[0.10126943 0.10068269 0.10052187 0.10064002 0.10228842 0.10384288
 0.10274915 0.10140414 0.10132455 0.10240334 0.10146646 0.10075   ]"
6,8.0,14,0.1,0.2,"[0.0, -20.0, 0.0]","[0.6, 0.6, 1.0]","[14.74390322 13.93229608 13.05298501 13.93229608 14.66967343 13.75637038
 12.98725296 13.92484466 14.66418107 13.7464845  12.98256632 13.92401335]","[0.1000106  0.10002131 0.1000296  0.10000802 0.1009602  0.10159034
 0.10075414 0.10034122 0.1007706  0.10159329 0.10078653 0.10025218]"
6,8.0,14,0.1,0.2,"[0.0, -20.0, 0.0]","[1.0, 1.0, 1.0]","[14.74390322 13.93229608 13.05298501 13.93229608 14.61157553 13.62710416
 12.93576852 13.91682866 14.58283864 13.57421173 12.91110989 13.91092795]","[0.10002944 0.10005919 0.1000822  0.10002228 0.10260613 0.1035493
 0.1020213  0.10132975 0.10211623 0.10366239 0.10209884 0.10109528]"
6,8.0,14,0.1,0.2,"[0.0, 0.0, 0.0]","[0.6, 0.6, 1.0]","[14.74390322 13.93229608 13.05298501 13.93229608 14.66967343 13.75637038
 12.98725296 13.92484466 14.66794567 13.7529018  12.98571591 13.92445211]","[0.1000106  0.10002131 0.1000296  0.10000802 0.10068665 0.10147346
 0.10071401 0.10022998 0.10072181 0.10154738 0.10079348 0.10025371]"
6,8.0,14,0.1,0.2,"[0.0, 0.0, 0.0]","[1.0, 1.0, 1.0]","[14.74390322 13.93229608 13.05298501 13.93229608 14.61157553 13.62710416
 12.93576852 13.91682866 14.60584628 13.6165063  12.93066428 13.91534968]","[0.10002944 0.10005919 0.1000822  0.10002228 0.10182611 0.10320888
 0.10190376 0.10101418 0.10190946 0.10333697 0.10199567 0.10107035]"
6,8.0,14,0.1,0.2,"[0.0, 20.0, 0.0]","[0.6, 0.6, 1.0]","[14.74390322 13.93229608 13.05298501 13.93229608 14.66967343 13.75637038
 12.98725296 13.92484466 14.68808519 13.79768158 13.00341942 13.92751709]","[0.1000106  0.10002131 0.1000296  0.10000802 0.1008307  0.101683
 0.10105513 0.10039975 0.10049561 0.10116116 0.1006183  0.10016447]"
6,8.0,14,0.1,0.2,"[0.0, 20.0, 0.0]","[1.0, 1.0, 1.0]","[14.74390322 13.93229608 13.05298501 13.93229608 14.61157553 13.62710416
 12.93576852 13.91682866 14.65320816 13.71780976 12.97204961 13.92349438]","[0.10002944 0.10005919 0.1000822  0.10002228 0.10223984 0.10381695
 0.10287509 0.1014942  0.10127833 0.10233319 0.10145772 0.10074726]"
6,8.0,14,0.1,0.2,"[30.0, -20.0, 0.0]","[0.6, 0.6, 1.0]","[14.74390322 13.93229608 13.05298501 13.93229608 14.70236514 13.82992335
 13.01608314 13.92962362 14.66750394 13.75319722 12.9854736  13.92466949]","[0.10028658 0.10034383 0.10053197 0.10028411 0.10059062 0.10091417
 0.10042475 0.10020179 0.10073851 0.10154234 0.1007731  0.10024716]"
6,8.0,14,0.1,0.2,"[30.0, -20.0, 0.0]","[1.0, 1.0, 1.0]","[14.74390322 13.93229608 13.05298501 13.93229608 14.68181357 13.78065446
 12.99749464 13.92804659 14.59428989 13.59539978 12.92111152 13.91373611]","[0.10079496 0.10095361 0.10147376 0.10078812 0.10124349 0.10154772
 0.10078007 0.10049893 0.10199693 0.10347444 0.10201332 0.10105358]"
6,8.0,14,0.1,0.2,"[30.0, 0.0, 0.0]","[0.6, 0.6, 1.0]","[14.74390322 13.93229608 13.05298501 13.93229608 14.70236514 13.82992335
 13.01608314 13.92962362 14.67108841 13.75937352 12.98846107 13.92506775]","[0.10028658 0.10034383 0.10053197 0.10028411 0.10038161 0.10088258
 0.10045119 0.10013053 0.10069323 0.1015024  0.10078386 0.10025027]"
6,8.0,14,0.1,0.2,"[30.0, 0.0, 0.0]","[1.0, 1.0, 1.0]","[14.74390322 13.93229608 13.05298501 13.93229608 14.68181357 13.78065446
 12.99749464 13.92804659 14.61587968 13.63594684 12.93939496 13.91760879]","[0.10079496 0.10095361 0.10147376 0.10078812 0.10065687 0.10145719
 0.10085275 0.10029883 0.10180731 0.10317542 0.10192745 0.10103624]"
6,8.0,14,0.1,0.2,"[30.0, 20.0, 0.0]","[0.6, 0.6, 1.0]","[14.74390322 13.93229608 13.05298501 13.93229608 14.70236514 13.82992335
 13.01608314 13.92962362 14.69058893 13.80282585 13.00559999 13.92804917]","[0.10028658 0.10034383 0.10053197 0.10028411 0.1005817  0.10116774
 0.10085096 0.10033602 0.10047456 0.10113098 0.10061645 0.10016378]"
6,8.0,14,0.1,0.2,"[30.0, 20.0, 0.0]","[1.0, 1.0, 1.0]","[14.74390322 13.93229608 13.05298501 13.93229608 14.68181357 13.78065446
 12.99749464 13.92804659 14.66031828 13.73194675 12.97820843 13.92503971]","[0.10079496 0.10095361 0.10147376 0.10078812 0.10121879 0.10226129
 0.10197179 0.10087288 0.10098564 0.10200466 0.10119942 0.10050519]"
8,-8.0,14,0.1,0.2,"[-30.0, -20.0, 0.0]","[0.6, 0.6, 1.0]","[14.74390322 13.93229608 13.05298501 13.93229608 14.72759439 13.93069222
 13.03865777 13.89485074 14.72232831 13.92980851 13.03398876 13.88352139]","[0.10045807 0.10024604 0.10018804 0.10023068 0.10042508 0.10016968
 0.10021373 0.10042945 0.10019613 0.10008383 0.10022162 0.10038047]"
8,-8.0,14,0.1,0.2,"[-30.0, -20.0, 0.0]","[1.0, 1.0, 1.0]","[14.74390322 13.93229608 13.05298501 13.93229608 14.71960601 13.92984231
 13.0319297  13.87740733 14.70982044 13.92816257 13.02325302 13.85655126]","[0.10126943 0.10068269 0.10052187 0.10064002 0.10112133 0.10053893
 0.10053226 0.10092371 0.10046632 0.10027044 0.10047105 0.10075313]"
8,-8.0,14,0.1,0.2,"[-30.0, 0.0, 0.0]","[0.6, 0.6, 1.0]","[14.74390322 13.93229608 13.05298501 13.93229608 14.72759439 13.93069222
 13.03865777 13.89485074 14.71337845 13.92814928 13.02596272 13.86458624]","[0.10045807 0.10024604 0.10018804 0.10023068 0.10012909 0.10003172
 0.10013    0.10027718 0.10031865 0.10017159 0.10037236 0.1005915 ]"
8,-8.0,14,0.1,0.2,"[-30.0, 0.0, 0.0]","[1.0, 1.0, 1.0]","[14.74390322 13.93229608 13.05298501 13.93229608 14.71960601 13.92984231
 13.0319297  13.87740733 14.68933425 13.92405461 13.00467983 13.81381905]","[0.10126943 0.10068269 0.10052187 0.10064002 0.10029742 0.10015504
 0.10029887 0.10049853 0.1005917  0.10030967 0.10064604 0.10106944]"
8,-8.0,14,0.1,0.2,"[-30.0, 20.0, 0.0]","[0.6, 0.6, 1.0]","[14.74390322 13.93229608 13.05298501 13.93229608 14.72759439 13.93069222
 13.03865777 13.89485074 14.71123763 13.92775675 13.02395958 13.86044951]","[0.10045807 0.10024604 0.10018804 0.10023068 0.10023576 0.10020065
 0.10041447 0.10040116 0.10032902 0.10018428 0.10040952 0.10063018]"
8,-8.0,14,0.1,0.2,"[-30.0, 20.0, 0.0]","[1.0, 1.0, 1.0]","[14.74390322 13.93229608 13.05298501 13.93229608 14.71960601 13.92984231
 13.0319297  13.87740733 14.67787328 13.92142067 12.99403903 13.79176762]","[0.10126943 0.10068269 0.10052187 0.10064002 0.10059479 0.10062515
 0.10109076 0.10084497 0.10080956 0.10048957 0.10091117 0.10139381]"
8,-8.0,14,0.1,0.2,"[0.0, -20.0, 0.0]","[0.6, 0.6, 1.0]","[14.74390322 13.93229608 13.05298501 13.93229608 14.71307027 13.92809893
 13.02567802 13.86392585 14.72161901 13.92958361 13.03335156 13.88219541]","[0.1000106  0.10002131 0.1000296  0.10000802 0.10056488 0.1002468
 0.10036868 0.10069392 0.10022405 0.10011328 0.10025914 0.10041735]"
8,-8.0,14,0.1,0.2,"[0.0, -20.0, 0.0]","[1.0, 1.0, 1.0]","[14.74390322 13.93229608 13.05298501 13.93229608 14.68842655 13.92386987
 13.00382526 13.81191308 14.70806892 13.92761889 13.02166891 13.85324714]","[0.10002944 0.10005919 0.1000822  0.10002228 0.10134039 0.10063194
 0.10078924 0.10140277 0.10047433 0.10027852 0.1004951  0.10077967]"
8,-8.0,14,0.1,0.2,"[0.0, 0.0, 0.0]","[0.6, 0.6, 1.0]","[14.74390322 13.93229608 13.05298501 13.93229608 14.71307027 13.92809893
 13.02567802 13.86392585 14.71248259 13.92791026 13.02515455 13.86285649]","[0.1000106  0.10002131 0.1000296  0.10000802 0.10029895 0.10013251
 0.10032304 0.10058163 0.10032253 0.10017575 0.10038629 0.10060657]"
8,-8.0,14,0.1,0.2,"[0.0, 0.0, 0.0]","[1.0, 1.0, 1.0]","[14.74390322 13.93229608 13.05298501 13.93229608 14.68842655 13.92386987
 13.00382526 13.81191308 14.68678908 13.92338201 13.00236057 13.80889726]","[0.10002944 0.10005919 0.1000822  0.10002228 0.1005924  0.10031118
 0.10066011 0.10108428 0.10060698 0.10032022 0.10067882 0.10111151]"
8,-8.0,14,0.1,0.2,"[0.0, 20.0, 0.0]","[0.6, 0.6, 1.0]","[14.74390322 13.93229608 13.05298501 13.93229608 14.71307027 13.92809893
 13.02567802 13.86392585 14.71031077 13.92750942 13.02312026 13.85867968]","[0.1000106  0.10002131 0.1000296  0.10000802 0.10044136 0.10032799
 0.10064892 0.10075067 0.10033386 0.10018908 0.10042473 0.10064687]"
8,-8.0,14,0.1,0.2,"[0.0, 20.0, 0.0]","[1.0, 1.0, 1.0]","[14.74390322 13.93229608 13.05298501 13.93229608 14.68842655 13.92386987
 13.00382526 13.81191308 14.67491848 13.92060839 12.99133595 13.7862248 ]","[0.10002944 0.10005919 0.1000822  0.10002228 0.10099329 0.10085904
 0.10157581 0.10156305 0.10083153 0.10050445 0.10095173 0.10144613]"
8,-8.0,14,0.1,0.2,"[30.0, -20.0, 0.0]","[0.6, 0.6, 1.0]","[14.74390322 13.93229608 13.05298501 13.93229608 14.71341437 13.92824462
 13.02585306 13.86512754 14.72120738 13.9295168  13.03297827 13.88131785]","[0.10028658 0.10034383 0.10053197 0.10028411 0.10053103 0.10022972
 0.1003488  0.1006572  0.10022427 0.10011684 0.10026897 0.10042502]"
8,-8.0,14,0.1,0.2,"[30.0, -20.0, 0.0]","[1.0, 1.0, 1.0]","[14.74390322 13.93229608 13.05298501 13.93229608 14.67830746 13.921569
 12.99427233 13.79340226 14.70668277 13.92722843 13.02039062 13.85056395]","[0.10079496 0.10095361 0.10147376 0.10078812 0.10132656 0.10060553
 0.10081271 0.10146184 0.10047989 0.10028698 0.10051696 0.10080153]"
8,-8.0,14,0.1,0.2,"[30.0, 0.0, 0.0]","[0.6, 0.6, 1.0]","[14.74390322 13.93229608 13.05298501 13.93229608 14.71341437 13.92824462
 13.02585306 13.86512754 14.71187657 13.92778812 13.02460194 13.86161217]","[0.10028658 0.10034383 0.10053197 0.10028411 0.10029576 0.10014084
 0.10034156 0.10058388 0.10032491 0.1001803  0.1003985  0.10061831]"
8,-8.0,14,0.1,0.2,"[30.0, 0.0, 0.0]","[1.0, 1.0, 1.0]","[14.74390322 13.93229608 13.05298501 13.93229608 14.67830746 13.921569
 12.99427233 13.79340226 14.68470279 13.92284125 13.00043455 13.80482663]","[0.10079496 0.10095361 0.10147376 0.10078812 0.10065979 0.10035413
 0.10079066 0.10125105 0.10061968 0.10033144 0.10070874 0.10114761]"
8,-8.0,14,0.1,0.2,"[30.0, 20.0, 0.0]","[0.6, 0.6, 1.0]","[14.74390322 13.93229608 13.05298501 13.93229608 14.71341437 13.92824462
 13.02585306 13.86512754 14.70969922 13.92737933 13.02256042 13.85745427]","[0.10028658 0.10034383 0.10053197 0.10028411 0.10047553 0.10036435
 0.10070611 0.10079624 0.10033737 0.10019433 0.10043799 0.10065999]"
8,-8.0,14,0.1,0.2,"[30.0, 20.0, 0.0]","[1.0, 1.0, 1.0]","[14.74390322 13.93229608 13.05298501 13.93229608 14.67830746 13.921569
 12.99427233 13.79340226 14.67257411 13.91995793 12.98917396 13.78183649]","[0.10079496 0.10095361 0.10147376 0.10078812 0.10116835 0.1009829
 0.1018206  0.10185665 0.10084964 0.10051888 0.10098702 0.10148966]"
8,0.0,14,0.1,0.2,"[-30.0, -20.0, 0.0]","[0.6, 0.6, 1.0]","[14.74390322 13.93229608 13.05298501 13.93229608 14.41349588 13.64818688
 12.75952048 13.59635984 14.33823404 13.57760257 12.69181557 13.51957294]","[0.10045807 0.10024604 0.10018804 0.10023068 0.10374237 0.10316126
 0.10325011 0.10352298 0.10397414 0.10358749 0.10369746 0.10394981]"
8,0.0,14,0.1,0.2,"[-30.0, -20.0, 0.0]","[1.0, 1.0, 1.0]","[14.74390322 13.93229608 13.05298501 13.93229608 14.21745026 13.50059264
 12.58282173 13.3688503  14.08270637 13.37672049 12.45815693 13.22411341]","[0.10126943 0.10068269 0.10052187 0.10064002 0.10763046 0.10598895
 0.10615236 0.10695164 0.10757945 0.10657697 0.106923   0.10768474]"
8,0.0,14,0.1,0.2,"[-30.0, 0.0, 0.0]","[0.6, 0.6, 1.0]","[14.74390322 13.93229608 13.05298501 13.93229608 14.41349588 13.64818688
 12.75952048 13.59635984 14.3047555  13.52697684 12.66352956 13.50646915]","[0.10045807 0.10024604 0.10018804 0.10023068 0.10315037 0.10286131
 0.10302748 0.1032247  0.10403643 0.10393449 0.10398294 0.10400752]"
8,0.0,14,0.1,0.2,"[-30.0, 0.0, 0.0]","[1.0, 1.0, 1.0]","[14.74390322 13.93229608 13.05298501 13.93229608 14.21745026 13.50059264
 12.58282173 13.3688503  14.01156317 13.26444491 12.40154529 13.21082968]","[0.10126943 0.10068269 0.10052187 0.10064002 0.10581197 0.10507386
 0.10546599 0.10602464 0.10763452 0.10733256 0.10746055 0.10763595]"
8,0.0,14,0.1,0.2,"[-30.0, 20.0, 0.0]","[0.6, 0.6, 1.0]","[14.74390322 13.93229608 13.05298501 13.93229608 14.41349588 13.64818688
 12.75952048 13.59635984 14.33287192 13.53483134 12.68968015 13.55653546]","[0.10045807 0.10024604 0.10018804 0.10023068 0.10305492 0.10293505
 0.1032553  0.10326978 0.10373806 0.10389604 0.10388378 0.10363203]"
8,0.0,14,0.1,0.2,"[-30.0, 20.0, 0.0]","[1.0, 1.0, 1.0]","[14.74390322 13.93229608 13.05298501 13.93229608 14.21745026 13.50059264
 12.58282173 13.3688503  14.05787826 13.25595329 12.44871255 13.31785262]","[0.10126943 0.10068269 0.10052187 0.10064002 0.10555179 0.10532512
 0.10620108 0.10618913 0.10705756 0.10744478 0.10730119 0.10678125]"
8,0.0,14,0.1,0.2,"[0.0, -20.0, 0.0]","[0.6, 0.6, 1.0]","[14.74390322 13.93229608 13.05298501 13.93229608 14.34758824 13.55774227
 12.70219746 13.55768354 14.321142   13.55363265 12.67754193 13.51305671]","[0.1000106  0.10002131 0.1000296  0.10000802 0.10387268 0.10366696
 0.10356131 0.10363361 0.10397386 0.10375643 0.10387154 0.10398443]"
8,0.0,14,0.1,0.2,"[0.0, -20.0, 0.0]","[1.0, 1.0, 1.0]","[14.74390322 13.93229608 13.05298501 13.93229608 14.09971168 13.32360057
 12.48300912 13.32334012 14.03981442 13.32008674 12.42371132 13.20742165]","[0.10002944 0.10005919 0.1000822  0.10002228 0.10753783 0.10687683
 0.1065451  0.10677462 0.10762982 0.10700763 0.10733471 0.10779131]"
8,0.0,14,0.1,0.2,"[0.0, 0.0, 0.0]","[0.6, 0.6, 1.0]","[14.74390322 13.93229608 13.05298501 13.93229608 14.34758824 13.55774227
 12.70219746 13.55768354 14.28970777 13.50266929 12.65105163 13.50338627]","[0.1000106  0.10002131 0.1000296  0.10000802 0.10350227 0.10352514
 0.10354229 0.10349559 0.10407864 0.10414729 0.10419291 0.10405598]"
8,0.0,14,0.1,0.2,"[0.0, 0.0, 0.0]","[1.0, 1.0, 1.0]","[14.74390322 13.93229608 13.05298501 13.93229608 14.09971168 13.32360057
 12.48300912 13.32334012 13.97674902 13.20655504 12.37467046 13.20812862]","[0.10002944 0.10005919 0.1000822  0.10002228 0.10634089 0.10641083
 0.10646347 0.10632039 0.1077911  0.10789942 0.10796303 0.10775025]"
8,0.0,14,0.1,0.2,"[0.0, 20.0, 0.0]","[0.6, 0.6, 1.0]","[14.74390322 13.93229608 13.05298501 13.93229608 14.34758824 13.55774227
 12.70219746 13.55768354 14.32030501 13.51299151 12.67924393 13.55454996]","[0.1000106  0.10002131 0.1000296  0.10000802 0.1036485  0.10377885
 0.10399292 0.10370698 0.10382256 0.10413235 0.10412623 0.10371108]"
8,0.0,14,0.1,0.2,"[0.0, 20.0, 0.0]","[1.0, 1.0, 1.0]","[14.74390322 13.93229608 13.05298501 13.93229608 14.09971168 13.32360057
 12.48300912 13.32334012 14.03568526 13.20916163 12.43222677 13.32280288]","[0.10002944 0.10005919 0.1000822  0.10002228 0.1068281  0.10723205
 0.1079115  0.10700591 0.10730408 0.10805564 0.10786702 0.1069543 ]"
8,0.0,14,0.1,0.2,"[30.0, -20.0, 0.0]","[0.6, 0.6, 1.0]","[14.74390322 13.93229608 13.05298501 13.93229608 14.41282781 13.59677278
 12.7606972  13.6482733  14.33316315 13.5557424  12.68897627 13.53526304]","[0.10028658 0.10034383 0.10053197 0.10028411 0.10316085 0.10326375
 0.10302526 0.10283735 0.10376677 0.10372054 0.10383018 0.10378423]"
8,0.0,14,0.1,0.2,"[30.0, -20.0, 0.0]","[1.0, 1.0, 1.0]","[14.74390322 13.93229608 13.05298501 13.93229608 14.21469333 13.37081433
 12.58784628 13.50091587 14.05951668 13.31584437 12.44495589 13.25603044]","[0.10079496 0.10095361 0.10147376 0.10078812 0.10590175 0.10615682
 0.10545067 0.1050217  0.10712538 0.10691997 0.10718    0.10725284]"
8,0.0,14,0.1,0.2,"[30.0, 0.0, 0.0]","[0.6, 0.6, 1.0]","[14.74390322 13.93229608 13.05298501 13.93229608 14.41282781 13.59677278
 12.7606972  13.6482733  14.3042156  13.50603386 12.66455154 13.52793524]","[0.10028658 0.10034383 0.10053197 0.10028411 0.10304242 0.10329796
 0.10321142 0.102863   0.10391661 0.1041434  0.10417957 0.10387626]"
8,0.0,14,0.1,0.2,"[30.0, 0.0, 0.0]","[1.0, 1.0, 1.0]","[14.74390322 13.93229608 13.05298501 13.93229608 14.21469333 13.37081433
 12.58784628 13.50091587 14.00911307 13.21073992 12.40631756 13.2670993 ]","[0.10079496 0.10095361 0.10147376 0.10078812 0.10550142 0.10623728
 0.10599279 0.105076   0.10738676 0.107872   0.10785525 0.10724831]"
8,0.0,14,0.1,0.2,"[30.0, 20.0, 0.0]","[0.6, 0.6, 1.0]","[14.74390322 13.93229608 13.05298501 13.93229608 14.41282781 13.59677278
 12.7606972  13.6482733  14.33697609 13.5198971  12.69436957 13.5786021 ]","[0.10028658 0.10034383 0.10053197 0.10028411 0.10342896 0.10372205
 0.10384417 0.10322051 0.10370994 0.10414318 0.10414039 0.10357272]"
8,0.0,14,0.1,0.2,"[30.0, 20.0, 0.0]","[1.0, 1.0, 1.0]","[14.74390322 13.93229608 13.05298501 13.93229608 14.21469333 13.37081433
 12.58784628 13.50091587 14.07710057 13.22766063 12.47001515 13.37973386]","[0.10079496 0.10095361 0.10147376 0.10078812 0.10669237 0.10755251
 0.10793488 0.10616631 0.10702875 0.10803658 0.10782274 0.10658207]"
8,8.0,14,0.1,0.2,"[-30.0, -20.0, 0.0]","[0.6, 0.6, 1.0]","[14.74390322 13.93229608 13.05298501 13.93229608 14.71330364 13.86515291
 13.02602064 13.92826738 14.70981272 13.85791348 13.02291912 13.92744903]","[0.10045807 0.10024604 0.10018804 0.10023068 0.10060527 0.10074249
 0.10039032 0.10025088 0.10035526 0.10067881 0.1003781  0.10013398]"
8,8.0,14,0.1,0.2,"[-30.0, -20.0, 0.0]","[1.0, 1.0, 1.0]","[14.74390322 13.93229608 13.05298501 13.93229608 14.67779213 13.79349555
 12.99507316 13.92170621 14.67279682 13.78326659 12.99059173 13.92028045]","[0.10126943 0.10068269 0.10052187 0.10064002 0.10153628 0.10170383
 0.10092809 0.10066405 0.10106346 0.1016735  0.10106213 0.10062505]"
8,8.0,14,0.1,0.2,"[-30.0, 0.0, 0.0]","[0.6, 0.6, 1.0]","[14.74390322 13.93229608 13.05298501 13.93229608 14.71330364 13.86515291
 13.02602064 13.92826738 14.71207883 13.86204838 13.02481628 13.92783793]","[0.10045807 0.10024604 0.10018804 0.10023068 0.10030739 0.10058705
 0.10030569 0.10011401 0.10032771 0.10064983 0.10038128 0.10013386]"
8,8.0,14,0.1,0.2,"[-30.0, 0.0, 0.0]","[1.0, 1.0, 1.0]","[14.74390322 13.93229608 13.05298501 13.93229608 14.67779213 13.79349555
 12.99507316 13.92170621 14.68527173 13.80606719 13.0011099  13.92302005]","[0.10126943 0.10068269 0.10052187 0.10064002 0.10069408 0.1012601
 0.10068745 0.10027847 0.10062196 0.10117019 0.10067605 0.10027715]"
8,8.0,14,0.1,0.2,"[-30.0, 20.0, 0.0]","[0.6, 0.6, 1.0]","[14.74390322 13.93229608 13.05298501 13.93229608 14.71330364 13.86515291
 13.02602064 13.92826738 14.72140053 13.88156767 13.03300625 13.92954034]","[0.10045807 0.10024604 0.10018804 0.10023068 0.10042013 0.1007474
 0.1005922  0.10025435 0.10021222 0.10047139 0.10029432 0.10008176]"
8,8.0,14,0.1,0.2,"[-30.0, 20.0, 0.0]","[1.0, 1.0, 1.0]","[14.74390322 13.93229608 13.05298501 13.93229608 14.67779213 13.79349555
 12.99507316 13.92170621 14.70724409 13.85108587 13.02030208 13.92729688]","[0.10126943 0.10068269 0.10052187 0.10064002 0.10101529 0.10171881
 0.10149809 0.1006743  0.10045826 0.10085518 0.10056249 0.10025368]"
8,8.0,14,0.1,0.2,"[0.0, -20.0, 0.0]","[0.6, 0.6, 1.0]","[14.74390322 13.93229608 13.05298501 13.93229608 14.71306844 13.86391384
 13.02567606 13.92810197 14.71043352 13.85912905 13.02345327 13.92757383]","[0.1000106  0.10002131 0.1000296  0.10000802 0.10056313 0.10070934
 0.10036769 0.10022804 0.1003466  0.10066877 0.10037971 0.10013395]"
8,8.0,14,0.1,0.2,"[0.0, -20.0, 0.0]","[1.0, 1.0, 1.0]","[14.74390322 13.93229608 13.05298501 13.93229608 14.68841927 13.81186306
 13.00381748 13.92388502 14.67518056 13.78760798 12.99262616 13.9208983 ]","[0.10002944 0.10005919 0.1000822  0.10002228 0.10133532 0.10144647
 0.10078702 0.10057949 0.10085016 0.10144867 0.10086679 0.10043381]"
8,8.0,14,0.1,0.2,"[0.0, 0.0, 0.0]","[0.6, 0.6, 1.0]","[14.74390322 13.93229608 13.05298501 13.93229608 14.71306844 13.86391384
 13.02567606 13.92810197 14.71269289 13.86327698 13.02534037 13.92795508]","[0.1000106  0.10002131 0.1000296  0.10000802 0.1002983  0.10059505
 0.10032251 0.10011716 0.1003199  0.10064096 0.1003839  0.10013442]"
8,8.0,14,0.1,0.2,"[0.0, 0.0, 0.0]","[1.0, 1.0, 1.0]","[14.74390322 13.93229608 13.05298501 13.93229608 14.68841927 13.81186306
 13.00381748 13.92388502 14.68739848 13.81006785 13.00289872 13.92353428]","[0.10002944 0.10005919 0.1000822  0.10002228 0.10059069 0.10112235
 0.10065874 0.10026823 0.10060052 0.10114039 0.10067285 0.10027519]"
8,8.0,14,0.1,0.2,"[0.0, 20.0, 0.0]","[0.6, 0.6, 1.0]","[14.74390322 13.93229608 13.05298501 13.93229608 14.71306844 13.86391384
 13.02567606 13.92810197 14.72181921 13.88242774 13.03335204 13.92960277]","[0.1000106  0.10002131 0.1000296  0.10000802 0.10043979 0.10079381
 0.10064837 0.10028182 0.10018004 0.10043999 0.10027291 0.1000569 ]"
8,8.0,14,0.1,0.2,"[0.0, 20.0, 0.0]","[1.0, 1.0, 1.0]","[14.74390322 13.93229608 13.05298501 13.93229608 14.68841927 13.81186306
 13.00381748 13.92388502 14.70867799 13.85370379 13.02144831 13.9276641 ]","[0.10002944 0.10005919 0.1000822  0.10002228 0.10098982 0.10168517
 0.10157424 0.10072981 0.10044346 0.10083887 0.10056676 0.10025413]"
8,8.0,14,0.1,0.2,"[30.0, -20.0, 0.0]","[0.6, 0.6, 1.0]","[14.74390322 13.93229608 13.05298501 13.93229608 14.72765218 13.89476876
 13.03852397 13.9306888  14.71137037 13.86089012 13.02426995 13.92781844]","[0.10028658 0.10034383 0.10053197 0.10028411 0.10034523 0.10037216
 0.10016922 0.10011064 0.10033639 0.10065671 0.10037946 0.10013289]"
8,8.0,14,0.1,0.2,"[30.0, -20.0, 0.0]","[1.0, 1.0, 1.0]","[14.74390322 13.93229608 13.05298501 13.93229608 14.71984173 13.87706923
 13.0313816  13.92982821 14.6781737  13.79310415 12.99521376 13.92168838]","[0.10079496 0.10095361 0.10147376 0.10078812 0.10089894 0.10076493
 0.10040989 0.10037493 0.10067582 0.1012612  0.10070979 0.10028286]"
8,8.0,14,0.1,0.2,"[30.0, 0.0, 0.0]","[0.6, 0.6, 1.0]","[14.74390322 13.93229608 13.05298501 13.93229608 14.72765218 13.89476876
 13.03852397 13.9306888  14.71359529 13.86499126 13.02612454 13.92819157]","[0.10028658 0.10034383 0.10053197 0.10028411 0.10011575 0.10030224
 0.10016389 0.10002484 0.10031061 0.10063041 0.10038475 0.1001339 ]"
8,8.0,14,0.1,0.2,"[30.0, 0.0, 0.0]","[1.0, 1.0, 1.0]","[14.74390322 13.93229608 13.05298501 13.93229608 14.71984173 13.87706923
 13.0313816  13.92982821 14.68996734 13.81491847 13.00510989 13.92419202]","[0.10079496 0.10095361 0.10147376 0.10078812 0.10025979 0.1005693
 0.10039455 0.10013592 0.10057639 0.10110717 0.10066639 0.10027129]"
8,8.0,14,0.1,0.2,"[30.0, 20.0, 0.0]","[0.6, 0.6, 1.0]","[14.74390322 13.93229608 13.05298501 13.93229608 14.72765218 13.89476876
 13.03852397 13.9306888  14.7225322  13.88373583 13.03396795 13.92982614]","[0.10028658 0.10034383 0.10053197 0.10028411 0.10028914 0.10054152
 0.10052636 0.10021286 0.10017307 0.10043391 0.10027628 0.10005732]"
8,8.0,14,0.1,0.2,"[30.0, 20.0, 0.0]","[1.0, 1.0, 1.0]","[14.74390322 13.93229608 13.05298501 13.93229608 14.71984173 13.87706923
 13.0313816  13.92982821 14.71044334 13.85694219 13.02295171 13.92820049]","[0.10079496 0.10095361 0.10147376 0.10078812 0.1007431  0.10123704
 0.1014028  0.1006589  0.10042674 0.10082064 0.10056804 0.10025239]"
4,-8.0,14,0.2,0.1,"[-30.0, -20.0, 0.0]","[0.6, 0.6, 1.0]","[14.36713768 13.96177995 13.51820218 13.96177995 14.20923866 13.9077174
 13.36961337 13.67932069 14.17730692 13.89055082 13.33952392 13.63009626]","[0.20022984 0.20012317 0.20009202 0.20011246 0.20302131 0.20139114
 0.20283471 0.20486283 0.20344019 0.20172783 0.20338881 0.20560392]"
4,-8.0,14,0.2,0.1,"[-30.0, -20.0, 0.0]","[1.0, 1.0, 1.0]","[14.36713768 13.96177995 13.51820218 13.96177995 14.11697515 13.87643164
 13.28274904 13.51356135 14.06024844 13.84564704 13.22916201 13.42740746]","[0.20063807 0.20034203 0.20025555 0.2003123  0.20589571 0.20303722
 0.20535507 0.20881276 0.20619518 0.2033408  0.20607606 0.20978254]"
4,-8.0,14,0.2,0.1,"[-30.0, 0.0, 0.0]","[0.6, 0.6, 1.0]","[14.36713768 13.96177995 13.51820218 13.96177995 14.20923866 13.9077174
 13.36961337 13.67932069 14.14937314 13.87407654 13.31327615 13.58945842]","[0.20022984 0.20012317 0.20009202 0.20011246 0.20278454 0.20128955
 0.20274616 0.20468723 0.2037984  0.20197193 0.20381465 0.2061867 ]"
4,-8.0,14,0.2,0.1,"[-30.0, 0.0, 0.0]","[1.0, 1.0, 1.0]","[14.36713768 13.96177995 13.51820218 13.96177995 14.11697515 13.87643164
 13.28274904 13.51356135 14.00185688 13.80993719 13.17436399 13.34570332]","[0.20063807 0.20034203 0.20025555 0.2003123  0.20520674 0.20274518
 0.20509729 0.20829563 0.20695175 0.20386958 0.20696229 0.21095677]"
4,-8.0,14,0.2,0.1,"[-30.0, 20.0, 0.0]","[0.6, 0.6, 1.0]","[14.36713768 13.96177995 13.51820218 13.96177995 14.20923866 13.9077174
 13.36961337 13.67932069 14.15645499 13.8766232  13.32000823 13.60474282]","[0.20022984 0.20012317 0.20009202 0.20011246 0.20276647 0.2013491
 0.20285547 0.20466569 0.20369098 0.20194984 0.20376129 0.20599234]"
4,-8.0,14,0.2,0.1,"[-30.0, 20.0, 0.0]","[1.0, 1.0, 1.0]","[14.36713768 13.96177995 13.51820218 13.96177995 14.11697515 13.87643164
 13.28274904 13.51356135 14.00141385 13.80529875 13.17432499 13.35696069]","[0.20063807 0.20034203 0.20025555 0.2003123  0.20515771 0.20291919
 0.20541896 0.20823747 0.20696643 0.20396971 0.2070678  0.21087859]"
4,-8.0,14,0.2,0.1,"[0.0, -20.0, 0.0]","[0.6, 0.6, 1.0]","[14.36713768 13.96177995 13.51820218 13.96177995 14.15693007 13.87749696
 13.32041773 13.60194587 14.16754629 13.8839893  13.33036232 13.61743561]","[0.20000557 0.20001043 0.20001378 0.20000383 0.20378667 0.20192315
 0.2036573  0.20601037 0.20357463 0.20183788 0.20355284 0.20579427]"
4,-8.0,14,0.2,0.1,"[0.0, -20.0, 0.0]","[1.0, 1.0, 1.0]","[14.36713768 13.96177995 13.51820218 13.96177995 14.01552031 13.81578238
 13.18737344 13.36868566 14.03552829 13.83013957 13.20597908 13.39372514]","[0.20001548 0.20002898 0.20003828 0.20001064 0.20706195 0.20382525
 0.20667153 0.21063793 0.20658414 0.20363548 0.20652016 0.21033539]"
4,-8.0,14,0.2,0.1,"[0.0, 0.0, 0.0]","[0.6, 0.6, 1.0]","[14.36713768 13.96177995 13.51820218 13.96177995 14.15693007 13.87749696
 13.32041773 13.60194587 14.13899475 13.86703128 13.30354742 13.57625396]","[0.20000557 0.20001043 0.20001378 0.20000383 0.2036282  0.20186283
 0.20364574 0.20594878 0.20395232 0.20209348 0.20399806 0.20640665]"
4,-8.0,14,0.2,0.1,"[0.0, 0.0, 0.0]","[1.0, 1.0, 1.0]","[14.36713768 13.96177995 13.51820218 13.96177995 14.01552031 13.81578238
 13.18737344 13.36868566 13.97405067 13.79174368 13.14838419 13.3094755 ]","[0.20001548 0.20002898 0.20003828 0.20001064 0.2065816  0.20364407
 0.20663321 0.21044561 0.2074173  0.20421746 0.20748369 0.21161438]"
4,-8.0,14,0.2,0.1,"[0.0, 20.0, 0.0]","[0.6, 0.6, 1.0]","[14.36713768 13.96177995 13.51820218 13.96177995 14.15693007 13.87749696
 13.32041773 13.60194587 14.14641676 13.86965778 13.31059688 13.59228338]","[0.20000557 0.20001043 0.20001378 0.20000383 0.20370045 0.20196969
 0.20383557 0.20604746 0.20385222 0.20207474 0.20395014 0.20622329]"
4,-8.0,14,0.2,0.1,"[0.0, 20.0, 0.0]","[1.0, 1.0, 1.0]","[14.36713768 13.96177995 13.51820218 13.96177995 14.01552031 13.81578238
 13.18737344 13.36868566 13.97439062 13.78677142 13.14911522 13.32345425]","[0.20001548 0.20002898 0.20003828 0.20001064 0.20680147 0.20396202
 0.20720619 0.21075084 0.20745838 0.20433664 0.2076102  0.21156419]"
4,-8.0,14,0.2,0.1,"[30.0, -20.0, 0.0]","[0.6, 0.6, 1.0]","[14.36713768 13.96177995 13.51820218 13.96177995 14.18202315 13.88960885
 13.34407175 13.64659009 14.1664004  13.88323869 13.32929397 13.61643063]","[0.20014112 0.20016399 0.20025241 0.20013699 0.2033656  0.2017204
 0.20327467 0.20530064 0.20357098 0.20184912 0.20357776 0.20579626]"
4,-8.0,14,0.2,0.1,"[30.0, -20.0, 0.0]","[1.0, 1.0, 1.0]","[14.36713768 13.96177995 13.51820218 13.96177995 14.04283019 13.82542396
 13.21332978 13.42642926 14.02842782 13.82504629 13.19934049 13.38599596]","[0.20039187 0.20045537 0.20070067 0.2003804  0.20647783 0.20360399
 0.2061992  0.20961718 0.20663473 0.20369964 0.20662561 0.21040818]"
4,-8.0,14,0.2,0.1,"[30.0, 0.0, 0.0]","[0.6, 0.6, 1.0]","[14.36713768 13.96177995 13.51820218 13.96177995 14.18202315 13.88960885
 13.34407175 13.64659009 14.13734022 13.86547723 13.30201741 13.57523823]","[0.20014112 0.20016399 0.20025241 0.20013699 0.20328943 0.20170621
 0.20334218 0.20535206 0.2039688  0.20212098 0.20403972 0.20643101]"
4,-8.0,14,0.2,0.1,"[30.0, 0.0, 0.0]","[1.0, 1.0, 1.0]","[14.36713768 13.96177995 13.51820218 13.96177995 14.04283019 13.82542396
 13.21332978 13.42642926 13.96589653 13.78439133 13.14086258 13.30282005]","[0.20039187 0.20045537 0.20070067 0.2003804  0.20624172 0.20355676
 0.20639446 0.20976448 0.20752174 0.20432874 0.20763281 0.21173845]"
4,-8.0,14,0.2,0.1,"[30.0, 20.0, 0.0]","[0.6, 0.6, 1.0]","[14.36713768 13.96177995 13.51820218 13.96177995 14.18202315 13.88960885
 13.34407175 13.64659009 14.14556195 13.86856393 13.30981562 13.59247582]","[0.20014112 0.20016399 0.20025241 0.20013699 0.20345339 0.20186058
 0.20360611 0.20556821 0.20387292 0.20210026 0.20398929 0.2062526 ]"
4,-8.0,14,0.2,0.1,"[30.0, 20.0, 0.0]","[1.0, 1.0, 1.0]","[14.36713768 13.96177995 13.51820218 13.96177995 14.04283019 13.82542396
 13.21332978 13.42642926 13.96875039 13.7804387  13.14395046 13.32117992]","[0.20039187 0.20045537 0.20070067 0.2003804  0.2067308  0.20401087
 0.20718306 0.21041865 0.20757188 0.20444664 0.20774872 0.21168857]"
4,0.0,14,0.2,0.1,"[-30.0, -20.0, 0.0]","[0.6, 0.6, 1.0]","[14.36713768 13.96177995 13.51820218 13.96177995 14.03111362 13.65311554
 13.2017731  13.62447901 13.95095398 13.57804047 13.12574253 13.53891424]","[0.20022984 0.20012317 0.20009202 0.20011246 0.206033   0.20546465
 0.20563179 0.20586429 0.20721099 0.20661186 0.20675969 0.20713445]"
4,0.0,14,0.2,0.1,"[-30.0, -20.0, 0.0]","[1.0, 1.0, 1.0]","[14.36713768 13.96177995 13.51820218 13.96177995 13.81750083 13.47024772
 12.99986498 13.39416299 13.66251837 13.33067849 12.8508475  13.22089992]","[0.20063807 0.20034203 0.20025555 0.2003123  0.21132016 0.2097385
 0.2101042  0.21083864 0.21361591 0.21198365 0.21248414 0.21360615]"
4,0.0,14,0.2,0.1,"[-30.0, 0.0, 0.0]","[0.6, 0.6, 1.0]","[14.36713768 13.96177995 13.51820218 13.96177995 14.03111362 13.65311554
 13.2017731  13.62447901 13.92109195 13.53782288 13.09810225 13.51816509]","[0.20022984 0.20012317 0.20009202 0.20011246 0.20561966 0.20524556
 0.2054551  0.20565246 0.20736224 0.20711959 0.20718948 0.20734893]"
4,0.0,14,0.2,0.1,"[-30.0, 0.0, 0.0]","[1.0, 1.0, 1.0]","[14.36713768 13.96177995 13.51820218 13.96177995 13.81750083 13.47024772
 12.99986498 13.39416299 13.60546764 13.24689175 12.79952457 13.19302115]","[0.20063807 0.20034203 0.20025555 0.2003123  0.21003291 0.20906078
 0.20955471 0.21017595 0.21365124 0.21297498 0.21321046 0.21370947]"
4,0.0,14,0.2,0.1,"[-30.0, 20.0, 0.0]","[0.6, 0.6, 1.0]","[14.36713768 13.96177995 13.51820218 13.96177995 14.03111362 13.65311554
 13.2017731  13.62447901 13.94855405 13.55501413 13.12438885 13.55907165]","[0.20022984 0.20012317 0.20009202 0.20011246 0.20545945 0.20521458
 0.20550061 0.20561144 0.20680325 0.20685493 0.20687808 0.2067085 ]"
4,0.0,14,0.2,0.1,"[-30.0, 20.0, 0.0]","[1.0, 1.0, 1.0]","[14.36713768 13.96177995 13.51820218 13.96177995 13.81750083 13.47024772
 12.99986498 13.39416299 13.65050952 13.26099897 12.8442423  13.27619992]","[0.20063807 0.20034203 0.20025555 0.2003123  0.20955848 0.20898419
 0.20972104 0.2100652  0.21254365 0.21272689 0.21270242 0.2123144 ]"
4,0.0,14,0.2,0.1,"[0.0, -20.0, 0.0]","[0.6, 0.6, 1.0]","[14.36713768 13.96177995 13.51820218 13.96177995 13.96944366 13.57525808
 13.14402461 13.5752432  13.93519152 13.55474078 13.11139901 13.53253295]","[0.20000557 0.20001043 0.20001378 0.20000383 0.20655829 0.20644092
 0.20637073 0.2064136  0.20717649 0.20688159 0.20699667 0.20714946]"
4,0.0,14,0.2,0.1,"[0.0, -20.0, 0.0]","[1.0, 1.0, 1.0]","[14.36713768 13.96177995 13.51820218 13.96177995 13.71357035 13.32660438
 12.90333178 13.32653654 13.62568488 13.27558225 12.81848198 13.20943343]","[0.20001548 0.20002898 0.20003828 0.20001064 0.21178439 0.21140205
 0.21117908 0.21131744 0.21347458 0.21261836 0.21297713 0.21354693]"
4,0.0,14,0.2,0.1,"[0.0, 0.0, 0.0]","[0.6, 0.6, 1.0]","[14.36713768 13.96177995 13.51820218 13.96177995 13.96944366 13.57525808
 13.14402461 13.5752432  13.90627553 13.51344113 13.08463033 13.51428991]","[0.20000557 0.20001043 0.20001378 0.20000383 0.20635521 0.20637104
 0.20638148 0.20634858 0.20743796 0.20749318 0.20751765 0.20740995]"
4,0.0,14,0.2,0.1,"[0.0, 0.0, 0.0]","[1.0, 1.0, 1.0]","[14.36713768 13.96177995 13.51820218 13.96177995 13.71357035 13.32660438
 12.90333178 13.32653654 13.57261088 13.1884811  12.77092817 13.19072467]","[0.20001548 0.20002898 0.20003828 0.20001064 0.21111958 0.21116809
 0.21120025 0.21109915 0.21382386 0.21393263 0.21396846 0.21376269]"
4,0.0,14,0.2,0.1,"[0.0, 20.0, 0.0]","[0.6, 0.6, 1.0]","[14.36713768 13.96177995 13.51820218 13.96177995 13.96944366 13.57525808
 13.14402461 13.5752432  13.93493526 13.53195734 13.11195917 13.55560089]","[0.20000557 0.20001043 0.20001378 0.20000383 0.20641367 0.20649851
 0.20662129 0.20645492 0.20698957 0.20729678 0.20729281 0.20684573]"
4,0.0,14,0.2,0.1,"[0.0, 20.0, 0.0]","[1.0, 1.0, 1.0]","[14.36713768 13.96177995 13.51820218 13.96177995 13.71357035 13.32660438
 12.90333178 13.32653654 13.62429948 13.20845918 12.82149054 13.27811176]","[0.20001548 0.20002898 0.20003828 0.20001064 0.21132162 0.21158658
 0.21198071 0.21144908 0.21301618 0.21387117 0.21369021 0.21256001]"
4,0.0,14,0.2,0.1,"[30.0, -20.0, 0.0]","[0.6, 0.6, 1.0]","[14.36713768 13.96177995 13.51820218 13.96177995 14.03093373 13.62457108
 13.20207114 13.65313559 13.94853535 13.55812687 13.12436621 13.55593841]","[0.20014112 0.20016399 0.20025241 0.20013699 0.20546971 0.20563676
 0.20546617 0.20517244 0.20680256 0.20680403 0.20686765 0.20675266]"
4,0.0,14,0.2,0.1,"[30.0, -20.0, 0.0]","[1.0, 1.0, 1.0]","[14.36713768 13.96177995 13.51820218 13.96177995 13.81670362 13.39460569
 13.00120897 13.47033207 13.65051252 13.2737418  12.84395697 13.26327767]","[0.20039187 0.20045537 0.20070067 0.2003804  0.20961616 0.21013298
 0.20957195 0.20884881 0.21256424 0.21250518 0.21264396 0.2125069 ]"
4,0.0,14,0.2,0.1,"[30.0, 0.0, 0.0]","[0.6, 0.6, 1.0]","[14.36713768 13.96177995 13.51820218 13.96177995 14.03093373 13.62457108
 13.20207114 13.65313559 13.9208262  13.51738    13.09866906 13.53891115]","[0.20014112 0.20016399 0.20025241 0.20013699 0.20549218 0.20572403
 0.205661   0.20525291 0.20717822 0.20749566 0.20746964 0.20707568]"
4,0.0,14,0.2,0.1,"[30.0, 0.0, 0.0]","[1.0, 1.0, 1.0]","[14.36713768 13.96177995 13.51820218 13.96177995 13.81670362 13.39460569
 13.00120897 13.47033207 13.60416206 13.19145001 12.80231366 13.24998324]","[0.20039187 0.20045537 0.20070067 0.2003804  0.20965922 0.21038731
 0.21015765 0.20908075 0.2132272  0.21402107 0.21384268 0.21289152]"
4,0.0,14,0.2,0.1,"[30.0, 20.0, 0.0]","[0.6, 0.6, 1.0]","[14.36713768 13.96177995 13.51820218 13.96177995 14.03093373 13.62457108
 13.20207114 13.65313559 13.95046104 13.53855778 13.12678713 13.57893471]","[0.20014112 0.20016399 0.20025241 0.20013699 0.20577439 0.20600866
 0.20607459 0.20549815 0.20685099 0.20734807 0.20732471 0.20661189]"
4,0.0,14,0.2,0.1,"[30.0, 20.0, 0.0]","[1.0, 1.0, 1.0]","[14.36713768 13.96177995 13.51820218 13.96177995 13.81670362 13.39460569
 13.00120897 13.47033207 13.66009169 13.22102457 12.85607017 13.3333382 ]","[0.20039187 0.20045537 0.20070067 0.2003804  0.21053776 0.21127727
 0.21144613 0.20983994 0.21277337 0.21407899 0.21378764 0.21200106]"
4,8.0,14,0.2,0.1,"[-30.0, -20.0, 0.0]","[0.6, 0.6, 1.0]","[14.36713768 13.96177995 13.51820218 13.96177995 14.18205698 13.64656959
 13.34404394 13.88963007 14.14635876 13.5931558  13.31037062 13.86913604]","[0.20022984 0.20012317 0.20009202 0.20011246 0.20355557 0.20549868
 0.20334779 0.20177551 0.20390649 0.2061946  0.20383295 0.20202416]"
4,8.0,14,0.2,0.1,"[-30.0, -20.0, 0.0]","[1.0, 1.0, 1.0]","[14.36713768 13.96177995 13.51820218 13.96177995 14.04303808 13.42632835
 13.21312537 13.82551136 13.97120657 13.32258044 13.14504641 13.78221631]","[0.20063807 0.20034203 0.20025555 0.2003123  0.20703509 0.21021344
 0.20642173 0.20376344 0.20759736 0.21151193 0.20742206 0.20429946]"
4,8.0,14,0.2,0.1,"[-30.0, 0.0, 0.0]","[0.6, 0.6, 1.0]","[14.36713768 13.96177995 13.51820218 13.96177995 14.18205698 13.64656959
 13.34404394 13.88963007 14.138243   13.57618422 13.30277983 13.86612448]","[0.20022984 0.20012317 0.20009202 0.20011246 0.20331765 0.20532098
 0.20325937 0.20167596 0.20396575 0.20641532 0.20397951 0.20206727]"
4,8.0,14,0.2,0.1,"[-30.0, 0.0, 0.0]","[1.0, 1.0, 1.0]","[14.36713768 13.96177995 13.51820218 13.96177995 14.04303808 13.42632835
 13.21312537 13.82551136 13.96849603 13.30522458 13.14283601 13.78630962]","[0.20063807 0.20034203 0.20025555 0.2003123  0.20632356 0.20967503
 0.20615586 0.20346977 0.2074944  0.21166421 0.20750121 0.20423086]"
4,8.0,14,0.2,0.1,"[-30.0, 20.0, 0.0]","[0.6, 0.6, 1.0]","[14.36713768 13.96177995 13.51820218 13.96177995 14.18205698 13.64656959
 13.34404394 13.88963007 14.16719896 13.61742916 13.33004384 13.88375577]","[0.20022984 0.20012317 0.20009202 0.20011246 0.20331148 0.20532117
 0.20336734 0.2017234  0.20352517 0.20582151 0.20361503 0.20181762]"
4,8.0,14,0.2,0.1,"[-30.0, 20.0, 0.0]","[1.0, 1.0, 1.0]","[14.36713768 13.96177995 13.51820218 13.96177995 14.04303808 13.42632835
 13.21312537 13.82551136 14.0306407  13.388801   13.20143432 13.82648542]","[0.20063807 0.20034203 0.20025555 0.2003123  0.20631304 0.20968425
 0.20648466 0.20361393 0.20653184 0.21042344 0.20669079 0.20365254]"
4,8.0,14,0.2,0.1,"[0.0, -20.0, 0.0]","[0.6, 0.6, 1.0]","[14.36713768 13.96177995 13.51820218 13.96177995 14.1569328  13.60195842
 13.32042047 13.87750005 14.14720855 13.59307525 13.31123527 13.87022067]","[0.20000557 0.20001043 0.20001378 0.20000383 0.20378207 0.20601549
 0.20365411 0.20190741 0.20387521 0.20618253 0.20383591 0.20201358]"
4,8.0,14,0.2,0.1,"[0.0, -20.0, 0.0]","[1.0, 1.0, 1.0]","[14.36713768 13.96177995 13.51820218 13.96177995 14.01553258 13.36874306
 13.18738575 13.8157953  13.97677487 13.32538202 13.15066879 13.78852106]","[0.20001548 0.20002898 0.20003828 0.20001064 0.20704785 0.21065374
 0.20666363 0.20377931 0.20747388 0.21142758 0.20736429 0.20422087]"
4,8.0,14,0.2,0.1,"[0.0, 0.0, 0.0]","[0.6, 0.6, 1.0]","[14.36713768 13.96177995 13.51820218 13.96177995 14.1569328  13.60195842
 13.32042047 13.87750005 14.13983527 13.57724819 13.30433836 13.86762836]","[0.20000557 0.20001043 0.20001378 0.20000383 0.20362583 0.20595285
 0.20364361 0.20185118 0.20393519 0.20640691 0.20398171 0.20205468]"
4,8.0,14,0.2,0.1,"[0.0, 0.0, 0.0]","[1.0, 1.0, 1.0]","[14.36713768 13.96177995 13.51820218 13.96177995 14.01553258 13.36874306
 13.18738575 13.8157953  13.97641433 13.31220644 13.15060832 13.79349563]","[0.20001548 0.20002898 0.20003828 0.20001064 0.2065749  0.21045813
 0.20662721 0.20361022 0.20736998 0.21157665 0.20743827 0.20415113]"
4,8.0,14,0.2,0.1,"[0.0, 20.0, 0.0]","[0.6, 0.6, 1.0]","[14.36713768 13.96177995 13.51820218 13.96177995 14.1569328  13.60195842
 13.32042047 13.87750005 14.16825083 13.61841228 13.33108337 13.88443542]","[0.20000557 0.20001043 0.20001378 0.20000383 0.20369644 0.20606543
 0.20383279 0.20194163 0.20351232 0.20583479 0.20363513 0.20182096]"
4,8.0,14,0.2,0.1,"[0.0, 20.0, 0.0]","[1.0, 1.0, 1.0]","[14.36713768 13.96177995 13.51820218 13.96177995 14.01553258 13.36874306
 13.18738575 13.8157953  14.03743856 13.3965742  13.20806448 13.83135314]","[0.20001548 0.20002898 0.20003828 0.20001064 0.20679187 0.21080626
 0.20719779 0.20387954 0.20645431 0.21038597 0.20667532 0.20361872]"
4,8.0,14,0.2,0.1,"[30.0, -20.0, 0.0]","[0.6, 0.6, 1.0]","[14.36713768 13.96177995 13.51820218 13.96177995 14.20925183 13.67937809
 13.36962988 13.90771213 14.15727773 13.60567675 13.32076743 13.87721849]","[0.20014112 0.20016399 0.20025241 0.20013699 0.20280673 0.20466414
 0.20275717 0.20130558 0.20369818 0.20596864 0.2036904  0.20189999]"
4,8.0,14,0.2,0.1,"[30.0, -20.0, 0.0]","[1.0, 1.0, 1.0]","[14.36713768 13.96177995 13.51820218 13.96177995 14.11703882 13.51380008
 13.28280569 13.87640858 14.0037469  13.35941727 13.17638078 13.80708631]","[0.20039187 0.20045537 0.20070067 0.2003804  0.20527692 0.20823042
 0.20513048 0.20279407 0.2069571  0.21078203 0.2069098  0.20387907]"
4,8.0,14,0.2,0.1,"[30.0, 0.0, 0.0]","[0.6, 0.6, 1.0]","[14.36713768 13.96177995 13.51820218 13.96177995 14.20925183 13.67937809
 13.36962988 13.90771213 14.15020998 13.59054414 13.31413835 13.87467666]","[0.20014112 0.20016399 0.20025241 0.20013699 0.20274083 0.20471975
 0.2028212  0.20129252 0.20376417 0.20620248 0.20384105 0.20194411]"
4,8.0,14,0.2,0.1,"[30.0, 0.0, 0.0]","[1.0, 1.0, 1.0]","[14.36713768 13.96177995 13.51820218 13.96177995 14.11703882 13.51380008
 13.28280569 13.87640858 14.00410544 13.34875943 13.17684838 13.81163223]","[0.20039187 0.20045537 0.20070067 0.2003804  0.20508124 0.20838894
 0.20531204 0.2027533  0.20687573 0.21095329 0.20700135 0.20382685]"
4,8.0,14,0.2,0.1,"[30.0, 20.0, 0.0]","[0.6, 0.6, 1.0]","[14.36713768 13.96177995 13.51820218 13.96177995 14.20925183 13.67937809
 13.36962988 13.90771213 14.17797319 13.63108349 13.34024751 13.89097419]","[0.20014112 0.20016399 0.20025241 0.20013699 0.2028942  0.20494531
 0.20307972 0.20142189 0.20336118 0.20565954 0.20351309 0.20172164]"
4,8.0,14,0.2,0.1,"[30.0, 20.0, 0.0]","[1.0, 1.0, 1.0]","[14.36713768 13.96177995 13.51820218 13.96177995 14.11703882 13.51380008
 13.28280569 13.87640858 14.06199913 13.43027886 13.23123114 13.84675314]","[0.20039187 0.20045537 0.20070067 0.2003804  0.2055284  0.20905335
 0.20606313 0.2031247  0.20603828 0.20986559 0.20631159 0.20334591]"
6,-8.0,14,0.2,0.1,"[-30.0, -20.0, 0.0]","[0.6, 0.6, 1.0]","[14.36713768 13.96177995 13.51820218 13.96177995 14.29140994 13.9282084
 13.44695207 13.83896158 14.27682861 13.91935777 13.43322697 13.81832529]","[0.20022984 0.20012317 0.20009202 0.20011246 0.20147512 0.20079057
 0.20134251 0.20211022 0.20152395 0.20086082 0.20151558 0.20231558]"
6,-8.0,14,0.2,0.1,"[-30.0, -20.0, 0.0]","[1.0, 1.0, 1.0]","[14.36713768 13.96177995 13.51820218 13.96177995 14.24738707 13.90892771
 13.40555009 13.76722804 14.22144065 13.89298685 13.38110795 13.73094759]","[0.20063807 0.20034203 0.20025555 0.2003123  0.20314663 0.2019195
 0.20277059 0.20406986 0.20330016 0.2022086  0.2032678  0.20459218]"
6,-8.0,14,0.2,0.1,"[-30.0, 0.0, 0.0]","[0.6, 0.6, 1.0]","[14.36713768 13.96177995 13.51820218 13.96177995 14.29140994 13.9282084
 13.44695207 13.83896158 14.26296698 13.91082273 13.42018537 13.79900789]","[0.20022984 0.20012317 0.20009202 0.20011246 0.20129664 0.20070866
 0.20128479 0.20200313 0.20178689 0.20106917 0.20180911 0.20267799]"
6,-8.0,14,0.2,0.1,"[-30.0, 0.0, 0.0]","[1.0, 1.0, 1.0]","[14.36713768 13.96177995 13.51820218 13.96177995 14.24738707 13.90892771
 13.40555009 13.76722804 14.19273249 13.87476921 13.35409472 13.69189784]","[0.20063807 0.20034203 0.20025555 0.2003123  0.20263995 0.20168797
 0.20260652 0.20376422 0.20368458 0.20248126 0.2037061  0.20516492]"
6,-8.0,14,0.2,0.1,"[-30.0, 20.0, 0.0]","[0.6, 0.6, 1.0]","[14.36713768 13.96177995 13.51820218 13.96177995 14.29140994 13.9282084
 13.44695207 13.83896158 14.26610547 13.91206882 13.423151   13.80482653]","[0.20022984 0.20012317 0.20009202 0.20011246 0.20132593 0.20078106
 0.20141181 0.20203719 0.20173911 0.20106052 0.2017872  0.20260582]"
6,-8.0,14,0.2,0.1,"[-30.0, 20.0, 0.0]","[1.0, 1.0, 1.0]","[14.36713768 13.96177995 13.51820218 13.96177995 14.24738707 13.90892771
 13.40555009 13.76722804 14.19183709 13.87244215 13.35333245 13.69416961]","[0.20063807 0.20034203 0.20025555 0.2003123  0.20272432 0.20189339
 0.20296811 0.20386297 0.20369791 0.20253348 0.20376068 0.20516284]"
6,-8.0,14,0.2,0.1,"[0.0, -20.0, 0.0]","[0.6, 0.6, 1.0]","[14.36713768 13.96177995 13.51820218 13.96177995 14.26550482 13.91251104
 13.42257502 13.80240595 14.27386617 13.9171088  13.43043845 13.81474983]","[0.20000557 0.20001043 0.20001378 0.20000383 0.20186953 0.20107461
 0.20176128 0.20266909 0.20156214 0.2008968  0.20156639 0.20236893]"
6,-8.0,14,0.2,0.1,"[0.0, -20.0, 0.0]","[1.0, 1.0, 1.0]","[14.36713768 13.96177995 13.51820218 13.96177995 14.19708417 13.8776673
 13.35819926 13.69767317 14.21447651 13.88785429 13.37454621 13.72235384]","[0.20001548 0.20002898 0.20003828 0.20001064 0.20397134 0.20255758
 0.20365965 0.20519403 0.20340981 0.20230644 0.20339956 0.20473694]"
6,-8.0,14,0.2,0.1,"[0.0, 0.0, 0.0]","[0.6, 0.6, 1.0]","[14.36713768 13.96177995 13.51820218 13.96177995 14.26550482 13.91251104
 13.42257502 13.80240595 14.25986814 13.90851217 13.41727199 13.79525136]","[0.20000557 0.20001043 0.20001378 0.20000383 0.20172862 0.20101633
 0.20174203 0.20261274 0.20192364 0.20120139 0.20195866 0.20283291]"
6,-8.0,14,0.2,0.1,"[0.0, 0.0, 0.0]","[1.0, 1.0, 1.0]","[14.36713768 13.96177995 13.51820218 13.96177995 14.19708417 13.8776673
 13.35819926 13.69767317 14.1851141  13.8691787  13.3469402  13.68259886]","[0.20001548 0.20002898 0.20003828 0.20001064 0.20356475 0.20239004
 0.20360297 0.20502947 0.2038102  0.20258975 0.20385439 0.20533231]"
6,-8.0,14,0.2,0.1,"[0.0, 20.0, 0.0]","[0.6, 0.6, 1.0]","[14.36713768 13.96177995 13.51820218 13.96177995 14.26550482 13.91251104
 13.42257502 13.80240595 14.2631147  13.90980368 13.42033999 13.80125646]","[0.20000557 0.20001043 0.20001378 0.20000383 0.20180155 0.20111567
 0.20190995 0.20270119 0.20178334 0.20110027 0.20184408 0.20266828]"
6,-8.0,14,0.2,0.1,"[0.0, 20.0, 0.0]","[1.0, 1.0, 1.0]","[14.36713768 13.96177995 13.51820218 13.96177995 14.19708417 13.8776673
 13.35819926 13.69767317 14.18451123 13.86692701 13.34646489 13.68547541]","[0.20001548 0.20002898 0.20003828 0.20001064 0.20377547 0.20267453
 0.20408658 0.20528671 0.20382692 0.20264499 0.20391183 0.20533384]"
6,-8.0,14,0.2,0.1,"[30.0, -20.0, 0.0]","[0.6, 0.6, 1.0]","[14.36713768 13.96177995 13.51820218 13.96177995 14.27731004 13.91865637
 13.43369431 13.82123621 14.27384394 13.91723332 13.43041561 13.81459911]","[0.20014112 0.20016399 0.20025241 0.20013699 0.20158993 0.20089217
 0.20149963 0.20228674 0.20155732 0.2008978  0.20157415 0.20237074]"
6,-8.0,14,0.2,0.1,"[30.0, -20.0, 0.0]","[1.0, 1.0, 1.0]","[14.36713768 13.96177995 13.51820218 13.96177995 14.20895557 13.88235328
 13.36945292 13.71956057 14.21295827 13.88692184 13.37310783 13.72035188]","[0.20039187 0.20045537 0.20070067 0.2003804  0.20370238 0.20244432
 0.20344084 0.204786   0.20341788 0.20232071 0.20343006 0.20476053]"
6,-8.0,14,0.2,0.1,"[30.0, 0.0, 0.0]","[0.6, 0.6, 1.0]","[14.36713768 13.96177995 13.51820218 13.96177995 14.27731004 13.91865637
 13.43369431 13.82123621 14.25958379 13.90836786 13.41700666 13.79488406]","[0.20014112 0.20016399 0.20025241 0.20013699 0.20148795 0.20086001
 0.20151978 0.20228    0.2019246  0.20120697 0.20197158 0.20284148]"
6,-8.0,14,0.2,0.1,"[30.0, 0.0, 0.0]","[1.0, 1.0, 1.0]","[14.36713768 13.96177995 13.51820218 13.96177995 14.20895557 13.88235328
 13.36945292 13.71956057 14.18295314 13.86754163 13.34492185 13.68017695]","[0.20039187 0.20045537 0.20070067 0.2003804  0.20340672 0.20235062
 0.20349648 0.20476388 0.20383555 0.20261848 0.20390041 0.20537483]"
6,-8.0,14,0.2,0.1,"[30.0, 20.0, 0.0]","[0.6, 0.6, 1.0]","[14.36713768 13.96177995 13.51820218 13.96177995 14.27731004 13.91865637
 13.43369431 13.82123621 14.26305835 13.90979872 13.42028988 13.80121597]","[0.20014112 0.20016399 0.20025241 0.20013699 0.20160544 0.20098698
 0.20172515 0.20242086 0.20178499 0.20110577 0.20185633 0.20267711]"
6,-8.0,14,0.2,0.1,"[30.0, 20.0, 0.0]","[1.0, 1.0, 1.0]","[14.36713768 13.96177995 13.51820218 13.96177995 14.20895557 13.88235328
 13.36945292 13.71956057 14.18294879 13.86557208 13.34501724 13.68403252]","[0.20039187 0.20045537 0.20070067 0.2003804  0.20374422 0.20271315
 0.20408641 0.20517101 0.2038537  0.20267401 0.20395542 0.20537511]"
6,0.0,14,0.2,0.1,"[-30.0, -20.0, 0.0]","[0.6, 0.6, 1.0]","[14.36713768 13.96177995 13.51820218 13.96177995 14.16423581 13.7709141
 13.32710475 13.75971684 14.12606997 13.73446127 13.29086175 13.72055576]","[0.20022984 0.20012317 0.20009202 0.20011246 0.20386037 0.20351556
 0.20351863 0.20365328 0.20431197 0.20400604 0.20398192 0.20415323]"
6,0.0,14,0.2,0.1,"[-30.0, -20.0, 0.0]","[1.0, 1.0, 1.0]","[14.36713768 13.96177995 13.51820218 13.96177995 14.0355659  13.65506305
 13.20539104 13.62523778 13.9672087  13.59066986 13.13945643 13.55272945]","[0.20063807 0.20034203 0.20025555 0.2003123  0.20736128 0.20639061
 0.20636807 0.20676304 0.20796704 0.20717998 0.20718323 0.20765673]"
6,0.0,14,0.2,0.1,"[-30.0, 0.0, 0.0]","[0.6, 0.6, 1.0]","[14.36713768 13.96177995 13.51820218 13.96177995 14.16423581 13.7709141
 13.32710475 13.75971684 14.10865626 13.71372897 13.27476455 13.70709346]","[0.20022984 0.20012317 0.20009202 0.20011246 0.20350288 0.2033276
 0.20337145 0.20347234 0.20435494 0.20424316 0.20423584 0.20428471]"
6,0.0,14,0.2,0.1,"[-30.0, 0.0, 0.0]","[1.0, 1.0, 1.0]","[14.36713768 13.96177995 13.51820218 13.96177995 14.0355659  13.65506305
 13.20539104 13.62523778 13.93542337 13.55039606 13.11092234 13.53244939]","[0.20063807 0.20034203 0.20025555 0.2003123  0.2063053  0.20583635
 0.205933   0.20622711 0.20787199 0.20757168 0.20757492 0.20774865]"
6,0.0,14,0.2,0.1,"[-30.0, 20.0, 0.0]","[0.6, 0.6, 1.0]","[14.36713768 13.96177995 13.51820218 13.96177995 14.16423581 13.7709141
 13.32710475 13.75971684 14.12481417 13.72552857 13.29024588 13.72796718]","[0.20022984 0.20012317 0.20009202 0.20011246 0.20337614 0.20331173
 0.20342672 0.2034468  0.20401401 0.2040704  0.20407987 0.20396681]"
6,0.0,14,0.2,0.1,"[-30.0, 20.0, 0.0]","[1.0, 1.0, 1.0]","[14.36713768 13.96177995 13.51820218 13.96177995 14.0355659  13.65506305
 13.20539104 13.62523778 13.9612996  13.56450823 13.13661444 13.57176302]","[0.20063807 0.20034203 0.20025555 0.2003123  0.20594158 0.20579796
 0.20610683 0.20615905 0.20721955 0.2073474  0.20733611 0.20711482]"
6,0.0,14,0.2,0.1,"[0.0, -20.0, 0.0]","[0.6, 0.6, 1.0]","[14.36713768 13.96177995 13.51820218 13.96177995 14.12738873 13.72878404
 13.29263237 13.7287733  14.11988032 13.72593316 13.28532203 13.71756256]","[0.20000557 0.20001043 0.20001378 0.20000383 0.20407918 0.20397619
 0.20391564 0.20395291 0.2042064  0.20406969 0.20407691 0.20413712]"
6,0.0,14,0.2,0.1,"[0.0, -20.0, 0.0]","[1.0, 1.0, 1.0]","[14.36713768 13.96177995 13.51820218 13.96177995 13.97377556 13.57951973
 13.14814061 13.57947114 13.95187913 13.56985592 13.12631884 13.5461555 ]","[0.20001548 0.20002898 0.20003828 0.20001064 0.20738146 0.20706844
 0.20688678 0.20699967 0.20769663 0.20732004 0.20736184 0.207584  ]"
6,0.0,14,0.2,0.1,"[0.0, 0.0, 0.0]","[0.6, 0.6, 1.0]","[14.36713768 13.96177995 13.51820218 13.96177995 14.12738873 13.72878404
 13.29263237 13.7287733  14.10304316 13.7049869  13.2697476  13.7052579 ]","[0.20000557 0.20001043 0.20001378 0.20000383 0.20389982 0.20391307
 0.20392168 0.20389413 0.20432742 0.20436799 0.2043903  0.2043081 ]"
6,0.0,14,0.2,0.1,"[0.0, 0.0, 0.0]","[1.0, 1.0, 1.0]","[14.36713768 13.96177995 13.51820218 13.96177995 13.97377556 13.57951973
 13.14814061 13.57947114 13.92221387 13.52906625 13.09973827 13.52973759]","[0.20001548 0.20002898 0.20003828 0.20001064 0.20683458 0.20687349
 0.20689883 0.20681788 0.20781933 0.20788904 0.20792227 0.20778286]"
6,0.0,14,0.2,0.1,"[0.0, 20.0, 0.0]","[0.6, 0.6, 1.0]","[14.36713768 13.96177995 13.51820218 13.96177995 14.12738873 13.72878404
 13.29263237 13.7287733  14.11971517 13.71743441 13.28565465 13.72622706]","[0.20000557 0.20001043 0.20001378 0.20000383 0.20395378 0.20402618
 0.20413212 0.20398852 0.20406642 0.20424444 0.2042941  0.20404351]"
6,0.0,14,0.2,0.1,"[0.0, 20.0, 0.0]","[1.0, 1.0, 1.0]","[14.36713768 13.96177995 13.51820218 13.96177995 13.97377556 13.57951973
 13.14814061 13.57947114 13.95106156 13.54611043 13.12796122 13.57072529]","[0.20001548 0.20002898 0.20003828 0.20001064 0.2070041  0.20721911
 0.20753843 0.20710666 0.20738172 0.20779554 0.20784212 0.2072864 ]"
6,0.0,14,0.2,0.1,"[30.0, -20.0, 0.0]","[0.6, 0.6, 1.0]","[14.36713768 13.96177995 13.51820218 13.96177995 14.16410933 13.7597852
 13.32731781 13.77092963 14.12481828 13.72767016 13.29019652 13.72579161]","[0.20014112 0.20016399 0.20025241 0.20013699 0.20339457 0.20346437
 0.20337774 0.20327135 0.20401801 0.20403428 0.20406493 0.20399523]"
6,0.0,14,0.2,0.1,"[30.0, -20.0, 0.0]","[1.0, 1.0, 1.0]","[14.36713768 13.96177995 13.51820218 13.96177995 14.03500447 13.62555661
 13.20634738 13.65512984 13.96135291 13.57102045 13.13633719 13.56507845]","[0.20039187 0.20045537 0.20070067 0.2003804  0.20600778 0.20620574
 0.20594298 0.20567674 0.20723576 0.20723495 0.2072927  0.20720619]"
6,0.0,14,0.2,0.1,"[30.0, 0.0, 0.0]","[0.6, 0.6, 1.0]","[14.36713768 13.96177995 13.51820218 13.96177995 14.16410933 13.7597852
 13.32731781 13.77092963 14.10849409 13.70688725 13.27506922 13.7140879 ]","[0.20014112 0.20016399 0.20025241 0.20013699 0.20339971 0.20352981
 0.20353389 0.20333174 0.20422051 0.20438911 0.20443601 0.20421167]"
6,0.0,14,0.2,0.1,"[30.0, 0.0, 0.0]","[1.0, 1.0, 1.0]","[14.36713768 13.96177995 13.51820218 13.96177995 14.03500447 13.62555661
 13.20634738 13.65512984 13.93466912 13.53215978 13.11235618 13.55141883]","[0.20039187 0.20045537 0.20070067 0.2003804  0.20601133 0.20639141
 0.20639523 0.20584733 0.20757975 0.20794954 0.20800227 0.20752443]"
6,0.0,14,0.2,0.1,"[30.0, 20.0, 0.0]","[0.6, 0.6, 1.0]","[14.36713768 13.96177995 13.51820218 13.96177995 14.16410933 13.7597852
 13.32731781 13.77092963 14.1257577  13.72054643 13.29145861 13.73476372]","[0.20014112 0.20016399 0.20025241 0.20013699 0.203641   0.20377455
 0.20388975 0.20354298 0.20404292 0.2043085  0.20439483 0.20400562]"
6,0.0,14,0.2,0.1,"[30.0, 20.0, 0.0]","[1.0, 1.0, 1.0]","[14.36713768 13.96177995 13.51820218 13.96177995 14.03500447 13.62555661
 13.20634738 13.65512984 13.96575663 13.55321137 13.14227572 13.59160722]","[0.20039187 0.20045537 0.20070067 0.2003804  0.20672442 0.20711594
 0.20744661 0.20647039 0.20737891 0.2079719  0.20807379 0.20719758]"
6,8.0,14,0.2,0.1,"[-30.0, -20.0, 0.0]","[0.6, 0.6, 1.0]","[14.36713768 13.96177995 13.51820218 13.96177995 14.27731815 13.82122932
 13.43369282 13.91866836 14.26336491 13.80155043 13.42055479 13.91002595]","[0.20022984 0.20012317 0.20009202 0.20011246 0.20167842 0.20238101
 0.20154062 0.20091939 0.20180098 0.20266749 0.20178708 0.20105795]"
6,8.0,14,0.2,0.1,"[-30.0, -20.0, 0.0]","[1.0, 1.0, 1.0]","[14.36713768 13.96177995 13.51820218 13.96177995 14.20901892 13.71952442
 13.36940779 13.88240292 14.18384704 13.68485958 13.3456728  13.86625612]","[0.20063807 0.20034203 0.20025555 0.2003123  0.20395355 0.20505724
 0.20355943 0.20252109 0.20386671 0.20532586 0.20382266 0.20259543]"
6,8.0,14,0.2,0.1,"[-30.0, 0.0, 0.0]","[0.6, 0.6, 1.0]","[14.36713768 13.96177995 13.51820218 13.96177995 14.27731815 13.82122932
 13.43369282 13.91866836 14.25994458 13.79531973 13.41733949 13.90862486]","[0.20022984 0.20012317 0.20009202 0.20011246 0.20149942 0.20227147
 0.20148251 0.20083947 0.20192398 0.20284801 0.20194573 0.20117233]"
6,8.0,14,0.2,0.1,"[-30.0, 0.0, 0.0]","[1.0, 1.0, 1.0]","[14.36713768 13.96177995 13.51820218 13.96177995 14.20901892 13.71952442
 13.36940779 13.88240292 14.18395448 13.68133916 13.34582293 13.86827637]","[0.20063807 0.20034203 0.20025555 0.2003123  0.20343894 0.20474028
 0.20339162 0.20229247 0.20382629 0.20536137 0.20384728 0.20256624]"
6,8.0,14,0.2,0.1,"[-30.0, 20.0, 0.0]","[0.6, 0.6, 1.0]","[14.36713768 13.96177995 13.51820218 13.96177995 14.27731815 13.82122932
 13.43369282 13.91866836 14.2741543  13.81500529 13.43070359 13.91743348]","[0.20022984 0.20012317 0.20009202 0.20011246 0.20153482 0.20232382
 0.20160921 0.20089894 0.20153925 0.20239476 0.20159305 0.20087572]"
6,8.0,14,0.2,0.1,"[-30.0, 20.0, 0.0]","[1.0, 1.0, 1.0]","[14.36713768 13.96177995 13.51820218 13.96177995 14.20901892 13.71952442
 13.36940779 13.88240292 14.2138041  13.72147275 13.37388607 13.88746067]","[0.20063807 0.20034203 0.20025555 0.2003123  0.2035433  0.2048941
 0.20375753 0.20246377 0.20338206 0.20478427 0.20346086 0.20229434]"
6,8.0,14,0.2,0.1,"[0.0, -20.0, 0.0]","[0.6, 0.6, 1.0]","[14.36713768 13.96177995 13.51820218 13.96177995 14.26550595 13.80241011
 13.42257616 13.91251282 14.26342721 13.8016141  13.42061842 13.91003063]","[0.20000557 0.20001043 0.20001378 0.20000383 0.20186718 0.20267717
 0.20175971 0.20106154 0.20179372 0.20266414 0.20179363 0.2010595 ]"
6,8.0,14,0.2,0.1,"[0.0, -20.0, 0.0]","[1.0, 1.0, 1.0]","[14.36713768 13.96177995 13.51820218 13.96177995 14.19708928 13.69769255
 13.35820439 13.87767491 14.18541765 13.68639808 13.34718786 13.86760723]","[0.20001548 0.20002898 0.20003828 0.20001064 0.20396446 0.20521733
 0.20365567 0.20252044 0.20383305 0.20529724 0.20381351 0.20258024]"
6,8.0,14,0.2,0.1,"[0.0, 0.0, 0.0]","[0.6, 0.6, 1.0]","[14.36713768 13.96177995 13.51820218 13.96177995 14.26550595 13.80241011
 13.42257616 13.91251282 14.26022019 13.79569141 13.41760327 13.90875842]","[0.20000557 0.20001043 0.20001378 0.20000383 0.20172751 0.2026188
 0.20174114 0.20100704 0.20191656 0.20284464 0.20195207 0.20117371]"
6,8.0,14,0.2,0.1,"[0.0, 0.0, 0.0]","[1.0, 1.0, 1.0]","[14.36713768 13.96177995 13.51820218 13.96177995 14.19708928 13.69769255
 13.35820439 13.87767491 14.18608391 13.68379638 13.34785276 13.86987612]","[0.20001548 0.20002898 0.20003828 0.20001064 0.20356165 0.20504689
 0.20360048 0.20236368 0.20379172 0.20533076 0.20383702 0.20255107]"
6,8.0,14,0.2,0.1,"[0.0, 20.0, 0.0]","[0.6, 0.6, 1.0]","[14.36713768 13.96177995 13.51820218 13.96177995 14.26550595 13.80241011
 13.42257616 13.91251282 14.27415749 13.81514104 13.43070928 13.91729095]","[0.20000557 0.20001043 0.20001378 0.20000383 0.20179928 0.20272058
 0.20190872 0.20109142 0.201537   0.20239802 0.20160492 0.20088156]"
6,8.0,14,0.2,0.1,"[0.0, 20.0, 0.0]","[1.0, 1.0, 1.0]","[14.36713768 13.96177995 13.51820218 13.96177995 14.19708928 13.69769255
 13.35820439 13.87767491 14.21526902 13.72344318 13.37527568 13.8883364 ]","[0.20001548 0.20002898 0.20003828 0.20001064 0.20376973 0.20534286
 0.20408301 0.2026054  0.20336305 0.20477225 0.20346714 0.20229318]"
6,8.0,14,0.2,0.1,"[30.0, -20.0, 0.0]","[0.6, 0.6, 1.0]","[14.36713768 13.96177995 13.51820218 13.96177995 14.29142215 13.83897824
 13.44694603 13.92820532 14.26643154 13.80521225 13.42344971 13.91230481]","[0.20014112 0.20016399 0.20025241 0.20013699 0.20137614 0.20202599
 0.20129835 0.20073752 0.2017427  0.20260818 0.20175562 0.20102482]"
6,8.0,14,0.2,0.1,"[30.0, -20.0, 0.0]","[1.0, 1.0, 1.0]","[14.36713768 13.96177995 13.51820218 13.96177995 14.24744512 13.76729427
 13.40551311 13.90891401 14.1927644  13.69518969 13.35413239 13.87313853]","[0.20039187 0.20045537 0.20070067 0.2003804  0.20286702 0.20383047
 0.20264616 0.20177054 0.20369373 0.20513992 0.20369732 0.20247885]"
6,8.0,14,0.2,0.1,"[30.0, 0.0, 0.0]","[0.6, 0.6, 1.0]","[14.36713768 13.96177995 13.51820218 13.96177995 14.29142215 13.83897824
 13.44694603 13.92820532 14.26332079 13.79945956 13.42052269 13.91106866]","[0.20014112 0.20016399 0.20025241 0.20013699 0.20127962 0.2020223
 0.20131973 0.20070812 0.20177275 0.20269603 0.20182139 0.20104646]"
6,8.0,14,0.2,0.1,"[30.0, 0.0, 0.0]","[1.0, 1.0, 1.0]","[14.36713768 13.96177995 13.51820218 13.96177995 14.24744512 13.76729427
 13.40551311 13.90891401 14.19369721 13.69313846 13.35502732 13.87545413]","[0.20039187 0.20045537 0.20070067 0.2003804  0.20259173 0.20381824
 0.20270513 0.20168639 0.20365492 0.20517637 0.20372357 0.20245238]"
6,8.0,14,0.2,0.1,"[30.0, 20.0, 0.0]","[0.6, 0.6, 1.0]","[14.36713768 13.96177995 13.51820218 13.96177995 14.29142215 13.83897824
 13.44694603 13.92820532 14.27711217 13.81870916 13.43348805 13.91953239]","[0.20014112 0.20016399 0.20025241 0.20013699 0.20139108 0.20217581
 0.20152424 0.20081562 0.20149178 0.20235093 0.20157288 0.20085048]"
6,8.0,14,0.2,0.1,"[30.0, 20.0, 0.0]","[1.0, 1.0, 1.0]","[14.36713768 13.96177995 13.51820218 13.96177995 14.24744512 13.76729427
 13.40551311 13.90891401 14.22221211 13.73201759 13.3817999  13.89344013]","[0.20039187 0.20045537 0.20070067 0.2003804  0.20290856 0.20425612
 0.20328513 0.20198994 0.20324224 0.20464032 0.20336981 0.20220478]"
8,-8.0,14,0.2,0.1,"[-30.0, -20.0, 0.0]","[0.6, 0.6, 1.0]","[14.36713768 13.96177995 13.51820218 13.96177995 14.32347148 13.93898606
 13.47712314 13.89606908 14.31545021 13.93371132 13.46957369 13.88532115]","[0.20022984 0.20012317 0.20009202 0.20011246 0.20082376 0.20045562
 0.2007093  0.20107773 0.20079253 0.20047694 0.20079773 0.20115768]"
8,-8.0,14,0.2,0.1,"[-30.0, -20.0, 0.0]","[1.0, 1.0, 1.0]","[14.36713768 13.96177995 13.51820218 13.96177995 14.29782401 13.92572822
 13.45302055 13.85733883 14.28353918 13.91626419 13.43956753 13.83832806]","[0.20063807 0.20034203 0.20025555 0.2003123  0.20186613 0.20117274
 0.20154407 0.20217487 0.20163548 0.2011137  0.20162781 0.20223039]"
8,-8.0,14,0.2,0.1,"[-30.0, 0.0, 0.0]","[0.6, 0.6, 1.0]","[14.36713768 13.96177995 13.51820218 13.96177995 14.32347148 13.93898606
 13.47712314 13.89606908 14.30777674 13.92871048 13.46234931 13.87503715]","[0.20022984 0.20012317 0.20009202 0.20011246 0.20066652 0.20038206
 0.2006633  0.20099545 0.20103068 0.2006894  0.2010541  0.20144555]"
8,-8.0,14,0.2,0.1,"[-30.0, 0.0, 0.0]","[1.0, 1.0, 1.0]","[14.36713768 13.96177995 13.51820218 13.96177995 14.29782401 13.92572822
 13.45302055 13.85733883 14.26771614 13.90570365 13.42465748 13.81748473]","[0.20063807 0.20034203 0.20025555 0.2003123  0.20142363 0.20096611
 0.20141444 0.20194262 0.20238632 0.20180995 0.20241001 0.20307733]"
8,-8.0,14,0.2,0.1,"[-30.0, 20.0, 0.0]","[0.6, 0.6, 1.0]","[14.36713768 13.96177995 13.51820218 13.96177995 14.32347148 13.93898606
 13.47712314 13.89606908 14.30960932 13.92957126 13.46407516 13.87806836]","[0.20022984 0.20012317 0.20009202 0.20011246 0.20071303 0.20046031
 0.20079719 0.20104962 0.20100212 0.20068333 0.20104196 0.20140753]"
8,-8.0,14,0.2,0.1,"[-30.0, 20.0, 0.0]","[1.0, 1.0, 1.0]","[14.36713768 13.96177995 13.51820218 13.96177995 14.29782401 13.92572822
 13.45302055 13.85733883 14.2674631  13.90470133 13.4244371  13.81854891]","[0.20063807 0.20034203 0.20025555 0.2003123  0.20155504 0.20118617
 0.20179156 0.20209606 0.2023875  0.20183628 0.20243811 0.20307503]"
8,-8.0,14,0.2,0.1,"[0.0, -20.0, 0.0]","[0.6, 0.6, 1.0]","[14.36713768 13.96177995 13.51820218 13.96177995 14.30908209 13.92971865
 13.46357684 13.87660219 14.31421593 13.93267961 13.4684105  13.88394012]","[0.20000557 0.20001043 0.20001378 0.20000383 0.20113282 0.20071044
 0.20103148 0.20146804 0.20080728 0.20049296 0.20081951 0.20117815]"
8,-8.0,14,0.2,0.1,"[0.0, -20.0, 0.0]","[1.0, 1.0, 1.0]","[14.36713768 13.96177995 13.51820218 13.96177995 14.26995665 13.90741867
 13.42676302 13.82017244 14.280735   13.91392403 13.43691921 13.83519532]","[0.20001548 0.20002898 0.20003828 0.20001064 0.20271075 0.20192621
 0.20242387 0.20317177 0.20167406 0.20115304 0.20167836 0.20227988]"
8,-8.0,14,0.2,0.1,"[0.0, 0.0, 0.0]","[0.6, 0.6, 1.0]","[14.36713768 13.96177995 13.51820218 13.96177995 14.30908209 13.92971865
 13.46357684 13.87660219 14.30653157 13.92769151 13.46117702 13.87362751]","[0.20000557 0.20001043 0.20001378 0.20000383 0.20099754 0.20065244
 0.20100921 0.20141314 0.20104705 0.20070648 0.20107764 0.20146843]"
8,-8.0,14,0.2,0.1,"[0.0, 0.0, 0.0]","[1.0, 1.0, 1.0]","[14.36713768 13.96177995 13.51820218 13.96177995 14.26995665 13.90741867
 13.42676302 13.82017244 14.26480581 13.90330335 13.42191683 13.81423571]","[0.20001548 0.20002898 0.20003828 0.20001064 0.20232729 0.20176211
 0.20236016 0.20301521 0.20243409 0.20185721 0.20247015 0.20313776]"
8,-8.0,14,0.2,0.1,"[0.0, 20.0, 0.0]","[0.6, 0.6, 1.0]","[14.36713768 13.96177995 13.51820218 13.96177995 14.30908209 13.92971865
 13.46357684 13.87660219 14.30839893 13.92856902 13.4629361  13.87671386]","[0.20000557 0.20001043 0.20001378 0.20000383 0.20106936 0.20074818
 0.20116856 0.20149708 0.20101882 0.20070072 0.20106591 0.20143091]"
8,-8.0,14,0.2,0.1,"[0.0, 20.0, 0.0]","[1.0, 1.0, 1.0]","[14.36713768 13.96177995 13.51820218 13.96177995 14.26995665 13.90741867
 13.42676302 13.82017244 14.26468712 13.9023704  13.42182814 13.81551434]","[0.20001548 0.20002898 0.20003828 0.20001064 0.20253104 0.20203249
 0.20281139 0.20325407 0.20243573 0.20188413 0.20249884 0.20313606]"
8,-8.0,14,0.2,0.1,"[30.0, -20.0, 0.0]","[0.6, 0.6, 1.0]","[14.36713768 13.96177995 13.51820218 13.96177995 14.31578104 13.93353672
 13.46988181 13.88652922 14.31439815 13.93289761 13.46858051 13.8840727 ]","[0.20014112 0.20016399 0.20025241 0.20013699 0.20091652 0.20054531
 0.20082645 0.20120587 0.20083806 0.20052738 0.20085724 0.20121251]"
8,-8.0,14,0.2,0.1,"[30.0, -20.0, 0.0]","[1.0, 1.0, 1.0]","[14.36713768 13.96177995 13.51820218 13.96177995 14.27682175 13.91063761
 13.43324703 13.83151264 14.28053328 13.91390168 13.43672282 13.8347988 ]","[0.20039187 0.20045537 0.20070067 0.2003804  0.20235208 0.20165223
 0.20209638 0.20275476 0.20167187 0.20115573 0.20168811 0.20228531]"
8,-8.0,14,0.2,0.1,"[30.0, 0.0, 0.0]","[0.6, 0.6, 1.0]","[14.36713768 13.96177995 13.51820218 13.96177995 14.31578104 13.93353672
 13.46988181 13.88652922 14.30659391 13.92779705 13.46123543 13.87364385]","[0.20014112 0.20016399 0.20025241 0.20013699 0.20080391 0.20050419
 0.20082819 0.20117762 0.20104452 0.20070724 0.20108199 0.20146986]"
8,-8.0,14,0.2,0.1,"[30.0, 0.0, 0.0]","[1.0, 1.0, 1.0]","[14.36713768 13.96177995 13.51820218 13.96177995 14.27682175 13.91063761
 13.43324703 13.83151264 14.26430597 13.90300659 13.4214469  13.81355674]","[0.20039187 0.20045537 0.20070067 0.2003804  0.20203225 0.20153537
 0.20210026 0.20267343 0.20243738 0.20186414 0.20248513 0.20314989]"
8,-8.0,14,0.2,0.1,"[30.0, 20.0, 0.0]","[0.6, 0.6, 1.0]","[14.36713768 13.96177995 13.51820218 13.96177995 14.31578104 13.93353672
 13.46988181 13.88652922 14.30853816 13.92872513 13.4630675  13.87683515]","[0.20014112 0.20016399 0.20025241 0.20013699 0.20090181 0.20061805
 0.20101112 0.20129026 0.20101636 0.20070138 0.20107    0.20143229]"
8,-8.0,14,0.2,0.1,"[30.0, 20.0, 0.0]","[1.0, 1.0, 1.0]","[14.36713768 13.96177995 13.51820218 13.96177995 14.27682175 13.91063761
 13.43324703 13.83151264 14.26435571 13.90216059 13.42152138 13.81510113]","[0.20039187 0.20045537 0.20070067 0.2003804  0.20230948 0.20185671
 0.20261798 0.20299334 0.20243984 0.20189155 0.20251376 0.20314844]"
8,0.0,14,0.2,0.1,"[-30.0, -20.0, 0.0]","[0.6, 0.6, 1.0]","[14.36713768 13.96177995 13.51820218 13.96177995 14.2337     13.83478544
 13.39251749 13.82976124 14.2117834  13.81362254 13.37170217 13.80773516]","[0.20022984 0.20012317 0.20009202 0.20011246 0.20272597 0.20246438
 0.20242179 0.202513   0.20290192 0.20270394 0.20264232 0.20273922]"
8,0.0,14,0.2,0.1,"[-30.0, -20.0, 0.0]","[1.0, 1.0, 1.0]","[14.36713768 13.96177995 13.51820218 13.96177995 14.14874084 13.756186
 13.31211698 13.74273936 14.11079093 13.71962311 13.27549225 13.70365285]","[0.20063807 0.20034203 0.20025555 0.2003123  0.20532173 0.20458445
 0.20445279 0.20471392 0.20536441 0.20487021 0.20476237 0.20502505]"
8,0.0,14,0.2,0.1,"[-30.0, 0.0, 0.0]","[0.6, 0.6, 1.0]","[14.36713768 13.96177995 13.51820218 13.96177995 14.2337     13.83478544
 13.39251749 13.82976124 14.20072387 13.80127889 13.3614865  13.79863718]","[0.20022984 0.20012317 0.20009202 0.20011246 0.20240202 0.20229562
 0.20229277 0.20235083 0.20289839 0.20283358 0.20281027 0.20282296]"
8,0.0,14,0.2,0.1,"[-30.0, 0.0, 0.0]","[1.0, 1.0, 1.0]","[14.36713768 13.96177995 13.51820218 13.96177995 14.14874084 13.756186
 13.31211698 13.74273936 14.09097709 13.69652045 13.2577361  13.6893733 ]","[0.20063807 0.20034203 0.20025555 0.2003123  0.20438599 0.20409709
 0.20407971 0.20424464 0.2052291  0.20505549 0.20500875 0.20508285]"
8,0.0,14,0.2,0.1,"[-30.0, 20.0, 0.0]","[0.6, 0.6, 1.0]","[14.36713768 13.96177995 13.51820218 13.96177995 14.2337     13.83478544
 13.39251749 13.82976124 14.21108487 13.80959075 13.37141611 13.81096606]","[0.20022984 0.20012317 0.20009202 0.20011246 0.20229828 0.20229125
 0.20235696 0.20233671 0.20266748 0.20271654 0.20272881 0.20263849]"
8,0.0,14,0.2,0.1,"[-30.0, 20.0, 0.0]","[1.0, 1.0, 1.0]","[14.36713768 13.96177995 13.51820218 13.96177995 14.14874084 13.756186
 13.31211698 13.74273936 14.10756385 13.70787116 13.27419464 13.71172227]","[0.20063807 0.20034203 0.20025555 0.2003123  0.20409249 0.20408933
 0.20427122 0.20420815 0.20478926 0.20488511 0.20488974 0.20472911]"
8,0.0,14,0.2,0.1,"[0.0, -20.0, 0.0]","[0.6, 0.6, 1.0]","[14.36713768 13.96177995 13.51820218 13.96177995 14.20992628 13.80900194
 13.37028932 13.80899426 14.20856996 13.80955826 13.36885147 13.80585257]","[0.20000557 0.20001043 0.20001378 0.20000383 0.20280009 0.20270422
 0.20264903 0.20268328 0.20279918 0.20271718 0.20269783 0.20272234]"
8,0.0,14,0.2,0.1,"[0.0, -20.0, 0.0]","[1.0, 1.0, 1.0]","[14.36713768 13.96177995 13.51820218 13.96177995 14.1088944  13.71083495
 13.27525944 13.7108002  14.10346807 13.71034289 13.26938323 13.70007832]","[0.20001548 0.20002898 0.20003828 0.20001064 0.20514954 0.20486843
 0.20470782 0.20480808 0.20509261 0.20487227 0.20483784 0.2049459 ]"
8,0.0,14,0.2,0.1,"[0.0, 0.0, 0.0]","[0.6, 0.6, 1.0]","[14.36713768 13.96177995 13.51820218 13.96177995 14.20992628 13.80900194
 13.37028932 13.80899426 14.19784727 13.7972123  13.35893692 13.79731086]","[0.20000557 0.20001043 0.20001378 0.20000383 0.20263202 0.20264375
 0.20265133 0.2026269  0.2028551  0.20288908 0.20290934 0.20283932]"
8,0.0,14,0.2,0.1,"[0.0, 0.0, 0.0]","[1.0, 1.0, 1.0]","[14.36713768 13.96177995 13.51820218 13.96177995 14.1088944  13.71083495
 13.27525944 13.7108002  14.08490969 13.68740479 13.2527544  13.68763112]","[0.20001548 0.20002898 0.20003828 0.20001064 0.20465571 0.2046894
 0.20471115 0.20464102 0.2051225  0.20517618 0.20520551 0.20509524]"
8,0.0,14,0.2,0.1,"[0.0, 20.0, 0.0]","[0.6, 0.6, 1.0]","[14.36713768 13.96177995 13.51820218 13.96177995 14.20992628 13.80900194
 13.37028932 13.80899426 14.20845724 13.80583285 13.36906297 13.80967748]","[0.20000557 0.20001043 0.20001378 0.20000383 0.20268499 0.20275017
 0.20284733 0.2027158  0.20268507 0.20281029 0.2028722  0.20269407]"
8,0.0,14,0.2,0.1,"[0.0, 20.0, 0.0]","[1.0, 1.0, 1.0]","[14.36713768 13.96177995 13.51820218 13.96177995 14.1088944  13.71083495
 13.27525944 13.7108002  14.10293239 13.70019523 13.27038815 13.71070139]","[0.20001548 0.20002898 0.20003828 0.20001064 0.20481406 0.20500253
 0.20528595 0.2049028  0.20484807 0.20510818 0.20520547 0.20484585]"
8,0.0,14,0.2,0.1,"[30.0, -20.0, 0.0]","[0.6, 0.6, 1.0]","[14.36713768 13.96177995 13.51820218 13.96177995 14.23361004 13.82981049
 13.39266981 13.8347969  14.21109827 13.81085767 13.37136684 13.80967017]","[0.20014112 0.20016399 0.20025241 0.20013699 0.20232353 0.2023492
 0.20229663 0.20225149 0.20267433 0.20269329 0.20271147 0.20265359]"
8,0.0,14,0.2,0.1,"[30.0, -20.0, 0.0]","[1.0, 1.0, 1.0]","[14.36713768 13.96177995 13.51820218 13.96177995 14.14833949 13.74296668
 13.31280183 13.75623612 14.1076393  13.71145938 13.27394797 13.70799403]","[0.20039187 0.20045537 0.20070067 0.2003804  0.20417227 0.20424117
 0.20408576 0.20397328 0.204807   0.20481976 0.20484889 0.20477551]"
8,0.0,14,0.2,0.1,"[30.0, 0.0, 0.0]","[0.6, 0.6, 1.0]","[14.36713768 13.96177995 13.51820218 13.96177995 14.23361004 13.82981049
 13.39266981 13.8347969  14.20062199 13.79857995 13.36166121 13.80141715]","[0.20014112 0.20016399 0.20025241 0.20013699 0.20231484 0.20239939
 0.20242747 0.20229771 0.2027921  0.20290706 0.20296615 0.20280596]"
8,0.0,14,0.2,0.1,"[30.0, 0.0, 0.0]","[1.0, 1.0, 1.0]","[14.36713768 13.96177995 13.51820218 13.96177995 14.14833949 13.74296668
 13.31280183 13.75623612 14.09050824 13.68935942 13.25854511 13.69691423]","[0.20039187 0.20045537 0.20070067 0.2003804  0.20414044 0.20438171
 0.20445859 0.20410242 0.20500557 0.20523515 0.20533132 0.20501906]"
8,0.0,14,0.2,0.1,"[30.0, 20.0, 0.0]","[0.6, 0.6, 1.0]","[14.36713768 13.96177995 13.51820218 13.96177995 14.23361004 13.82981049
 13.39266981 13.8347969  14.21157903 13.80777875 13.3720679  13.8137487 ]","[0.20014112 0.20016399 0.20025241 0.20013699 0.20253103 0.20262011
 0.20274918 0.20248819 0.20268497 0.20286449 0.20297004 0.20270082]"
8,0.0,14,0.2,0.1,"[30.0, 20.0, 0.0]","[1.0, 1.0, 1.0]","[14.36713768 13.96177995 13.51820218 13.96177995 14.14833949 13.74296668
 13.31280183 13.75623612 14.1098532  13.70404708 13.27718725 13.72002878]","[0.20039187 0.20045537 0.20070067 0.2003804  0.20476529 0.20502014
 0.20538801 0.20465252 0.20490696 0.20526688 0.20544452 0.20488233]"
8,8.0,14,0.2,0.1,"[-30.0, -20.0, 0.0]","[0.6, 0.6, 1.0]","[14.36713768 13.96177995 13.51820218 13.96177995 14.31578153 13.88652663
 13.46988685 13.93354435 14.30866533 13.87698195 13.4631889  13.92882614]","[0.20022984 0.20012317 0.20009202 0.20011246 0.20096867 0.20126215
 0.20085238 0.20055975 0.20102736 0.20143789 0.20103069 0.2006658 ]"
8,8.0,14,0.2,0.1,"[-30.0, -20.0, 0.0]","[1.0, 1.0, 1.0]","[14.36713768 13.96177995 13.51820218 13.96177995 14.27683774 13.83149821
 13.43324992 13.9106695  14.26472295 13.81548169 13.42184203 13.90246307]","[0.20063807 0.20034203 0.20025555 0.2003123  0.20249853 0.20291404
 0.20216999 0.20169254 0.20245261 0.20313749 0.20244144 0.20183984]"
8,8.0,14,0.2,0.1,"[-30.0, 0.0, 0.0]","[0.6, 0.6, 1.0]","[14.36713768 13.96177995 13.51820218 13.96177995 14.31578153 13.88652663
 13.46988685 13.93354435 14.30674605 13.87383003 13.46137936 13.92790939]","[0.20022984 0.20012317 0.20009202 0.20011246 0.20081105 0.20117706
 0.20080607 0.20048859 0.20104539 0.20148365 0.20106875 0.20068036]"
8,8.0,14,0.2,0.1,"[-30.0, 0.0, 0.0]","[1.0, 1.0, 1.0]","[14.36713768 13.96177995 13.51820218 13.96177995 14.27683774 13.83149821
 13.43324992 13.9106695  14.26472507 13.81406101 13.42184169 13.90332453]","[0.20063807 0.20034203 0.20025555 0.2003123  0.20205217 0.20267214
 0.20203839 0.20149148 0.20243552 0.20315597 0.2024592  0.20182888]"
8,8.0,14,0.2,0.1,"[-30.0, 20.0, 0.0]","[0.6, 0.6, 1.0]","[14.36713768 13.96177995 13.51820218 13.96177995 14.31578153 13.88652663
 13.46988685 13.93354435 14.31452856 13.88423686 13.46869522 13.93298366]","[0.20022984 0.20012317 0.20009202 0.20011246 0.20086085 0.20124766
 0.20094021 0.20055378 0.20082874 0.2012356  0.20087078 0.2005083 ]"
8,8.0,14,0.2,0.1,"[-30.0, 20.0, 0.0]","[1.0, 1.0, 1.0]","[14.36713768 13.96177995 13.51820218 13.96177995 14.27683774 13.83149821
 13.43324992 13.9106695  14.28089222 13.8352492  13.43702346 13.91413116]","[0.20063807 0.20034203 0.20025555 0.2003123  0.20219432 0.2028736
 0.20241879 0.20167609 0.20165441 0.2023105  0.2017109  0.20113556]"
8,8.0,14,0.2,0.1,"[0.0, -20.0, 0.0]","[0.6, 0.6, 1.0]","[14.36713768 13.96177995 13.51820218 13.96177995 14.30908263 13.87660374
 13.46357738 13.92971979 14.30852819 13.87686595 13.46305941 13.92866926]","[0.20000557 0.20001043 0.20001378 0.20000383 0.20113155 0.20147721
 0.20103064 0.2006986  0.20102606 0.20143879 0.2010369  0.20066891]"
8,8.0,14,0.2,0.1,"[0.0, -20.0, 0.0]","[1.0, 1.0, 1.0]","[14.36713768 13.96177995 13.51820218 13.96177995 14.26995908 13.82017982
 13.42676545 13.90742363 14.26505791 13.81591515 13.42215887 13.90266862]","[0.20001548 0.20002898 0.20003828 0.20001064 0.20270712 0.20319773
 0.20242173 0.20189291 0.20244316 0.20313025 0.20244491 0.20183951]"
8,8.0,14,0.2,0.1,"[0.0, 0.0, 0.0]","[0.6, 0.6, 1.0]","[14.36713768 13.96177995 13.51820218 13.96177995 14.30908263 13.87660374
 13.46357738 13.92971979 14.30668189 13.87381361 13.46131847 13.92780019]","[0.20000557 0.20001043 0.20001378 0.20000383 0.20099696 0.20141966
 0.20100878 0.20064426 0.20104389 0.20148434 0.20107479 0.20068332]"
8,8.0,14,0.2,0.1,"[0.0, 0.0, 0.0]","[1.0, 1.0, 1.0]","[14.36713768 13.96177995 13.51820218 13.96177995 14.26995908 13.82017982
 13.42676545 13.90742363 14.26521841 13.81474265 13.42230507 13.90360803]","[0.20001548 0.20002898 0.20003828 0.20001064 0.2023257  0.20303366
 0.20235899 0.2017391  0.20242615 0.20314859 0.20246284 0.20182889]"
8,8.0,14,0.2,0.1,"[0.0, 20.0, 0.0]","[0.6, 0.6, 1.0]","[14.36713768 13.96177995 13.51820218 13.96177995 14.30908263 13.87660374
 13.46357738 13.92971979 14.31434171 13.88409906 13.46851832 13.93275978]","[0.20000557 0.20001043 0.20001378 0.20000383 0.201068   0.20151685
 0.20116798 0.20072572 0.20079372 0.20120325 0.20084349 0.20047753]"
8,8.0,14,0.2,0.1,"[0.0, 20.0, 0.0]","[1.0, 1.0, 1.0]","[14.36713768 13.96177995 13.51820218 13.96177995 14.26995908 13.82017982
 13.42676545 13.90742363 14.28108203 13.83563176 13.43719695 13.91413443]","[0.20001548 0.20002898 0.20003828 0.20001064 0.20252754 0.20331018
 0.20280974 0.20196921 0.20164992 0.2023095  0.20171994 0.20113964]"
8,8.0,14,0.2,0.1,"[30.0, -20.0, 0.0]","[0.6, 0.6, 1.0]","[14.36713768 13.96177995 13.51820218 13.96177995 14.3234809  13.89607426
 13.47711379 13.93898408 14.30974365 13.87822785 13.46420299 13.92967428]","[0.20014112 0.20016399 0.20025241 0.20013699 0.20076682 0.20103724
 0.20068146 0.20041731 0.20100526 0.20141862 0.2010233  0.20065418]"
8,8.0,14,0.2,0.1,"[30.0, -20.0, 0.0]","[1.0, 1.0, 1.0]","[14.36713768 13.96177995 13.51820218 13.96177995 14.29786833 13.85735799
 13.45297316 13.92571929 14.26784588 13.81897603 13.42478531 13.90500544]","[0.20039187 0.20045537 0.20070067 0.2003804  0.20170629 0.20206102
 0.20146638 0.20106561 0.20238851 0.20307558 0.20240263 0.20179672]"
8,8.0,14,0.2,0.1,"[30.0, 0.0, 0.0]","[0.6, 0.6, 1.0]","[14.36713768 13.96177995 13.51820218 13.96177995 14.3234809  13.89607426
 13.47711379 13.93898408 14.30792885 13.87522588 13.46249101 13.92881919]","[0.20014112 0.20016399 0.20025241 0.20013699 0.20065708 0.20100926
 0.2006844  0.20037945 0.20102335 0.2014646  0.20106154 0.20066885]"
8,8.0,14,0.2,0.1,"[30.0, 0.0, 0.0]","[1.0, 1.0, 1.0]","[14.36713768 13.96177995 13.51820218 13.96177995 14.29786833 13.85735799
 13.45297316 13.92571929 14.26813412 13.81800262 13.42504577 13.90600562]","[0.20039187 0.20045537 0.20070067 0.2003804  0.20139699 0.20198137
 0.20147381 0.20095881 0.20237172 0.20309428 0.20242105 0.20178656]"
8,8.0,14,0.2,0.1,"[30.0, 20.0, 0.0]","[0.6, 0.6, 1.0]","[14.36713768 13.96177995 13.51820218 13.96177995 14.3234809  13.89607426
 13.47711379 13.93898408 14.31557522 13.8854777  13.4696772  13.93378927]","[0.20014112 0.20016399 0.20025241 0.20013699 0.20075121 0.20113451
 0.20086681 0.20047636 0.20077481 0.20118587 0.20083195 0.20046411]"
8,8.0,14,0.2,0.1,"[30.0, 20.0, 0.0]","[1.0, 1.0, 1.0]","[14.36713768 13.96177995 13.51820218 13.96177995 14.29786833 13.85735799
 13.45297316 13.92571929 14.28388763 13.83875883 13.43982764 13.91646604]","[0.20039187 0.20045537 0.20070067 0.2003804  0.20166211 0.20233469
 0.2019868  0.20123081 0.20160466 0.20226601 0.20168756 0.20110514]"
4,-8.0,14,0.2,0.2,"[-30.0, -20.0, 0.0]","[0.6, 0.6, 1.0]","[14.74390322 13.93229608 13.05298501 13.93229608 14.581735   13.87829939
 12.9093968  13.65018328 14.54828876 13.86076925 12.87975467 13.60018772]","[0.20022927 0.20012308 0.20009406 0.2001154  0.20298759 0.20138348
 0.20282501 0.20482613 0.20343117 0.20173256 0.20340087 0.20560069]"
4,-8.0,14,0.2,0.2,"[-30.0, -20.0, 0.0]","[1.0, 1.0, 1.0]","[14.74390322 13.93229608 13.05298501 13.93229608 14.48699036 13.84705552
 12.82546956 13.48465966 14.42694177 13.81528619 12.77215059 13.39626337]","[0.20063647 0.20034179 0.20026121 0.20032046 0.20579661 0.20301491
 0.2053251  0.20870219 0.20617535 0.20335225 0.2060963  0.20976547]"
4,-8.0,14,0.2,0.2,"[-30.0, 0.0, 0.0]","[0.6, 0.6, 1.0]","[14.74390322 13.93229608 13.05298501 13.93229608 14.581735   13.87829939
 12.9093968  13.65018328 14.51945149 13.84416542 12.85425496 13.55948561]","[0.20022927 0.20012308 0.20009406 0.2001154  0.20277134 0.20128902
 0.20274465 0.20467124 0.20380692 0.20198025 0.20383063 0.20620248]"
4,-8.0,14,0.2,0.2,"[-30.0, 0.0, 0.0]","[1.0, 1.0, 1.0]","[14.74390322 13.93229608 13.05298501 13.93229608 14.48699036 13.84705552
 12.82546956 13.48465966 14.36652914 13.77913262 12.71879318 13.31439447]","[0.20063647 0.20034179 0.20026121 0.20032046 0.20516678 0.20274307
 0.20509082 0.20824541 0.20697797 0.20389266 0.20699964 0.21099666]"
4,-8.0,14,0.2,0.2,"[-30.0, 20.0, 0.0]","[0.6, 0.6, 1.0]","[14.74390322 13.93229608 13.05298501 13.93229608 14.581735   13.87829939
 12.9093968  13.65018328 14.52678518 13.84672501 12.86080683 13.57487373]","[0.20022927 0.20012308 0.20009406 0.2001154  0.20277516 0.20135964
 0.20286808 0.20467323 0.20369873 0.20195622 0.20376796 0.20599686]"
4,-8.0,14,0.2,0.2,"[-30.0, 20.0, 0.0]","[1.0, 1.0, 1.0]","[14.74390322 13.93229608 13.05298501 13.93229608 14.48699036 13.84705552
 12.82546956 13.48465966 14.36626372 13.77447191 12.71889197 13.32611438]","[0.20063647 0.20034179 0.20026121 0.20032046 0.20518101 0.20294875
 0.20545343 0.20825621 0.2069844  0.20398899 0.20708295 0.21088388]"
4,-8.0,14,0.2,0.2,"[0.0, -20.0, 0.0]","[0.6, 0.6, 1.0]","[14.74390322 13.93229608 13.05298501 13.93229608 14.52799596 13.84810423
 12.86184167 13.57287495 14.538986   13.85464518 12.87153215 13.58846183]","[0.2000053  0.20001066 0.2000148  0.20000401 0.2037865  0.20192422
 0.20366224 0.20601521 0.20356326 0.20183658 0.20355409 0.2057847 ]"
4,-8.0,14,0.2,0.2,"[0.0, -20.0, 0.0]","[1.0, 1.0, 1.0]","[14.74390322 13.93229608 13.05298501 13.93229608 14.38275139 13.78645264
 12.73326498 13.33989181 14.40347922 13.80092655 12.75142065 13.3651269 ]","[0.20001472 0.2000296  0.20004111 0.20001114 0.20705787 0.20382682
 0.20668281 0.21064636 0.20655626 0.20363263 0.20651485 0.21030154]"
4,-8.0,14,0.2,0.2,"[0.0, 0.0, 0.0]","[0.6, 0.6, 1.0]","[14.74390322 13.93229608 13.05298501 13.93229608 14.52799596 13.84810423
 12.86184167 13.57287495 14.50966654 13.83771433 12.84561863 13.54731827]","[0.2000053  0.20001066 0.2000148  0.20000401 0.20363019 0.20186369
 0.20364784 0.20595175 0.20395174 0.20209193 0.20399766 0.20640607]"
4,-8.0,14,0.2,0.2,"[0.0, 0.0, 0.0]","[1.0, 1.0, 1.0]","[14.74390322 13.93229608 13.05298501 13.93229608 14.38275139 13.78645264
 12.73326498 13.33989181 14.34034168 13.76259526 12.69574416 13.28091462]","[0.20001472 0.2000296  0.20004111 0.20001114 0.20658382 0.20364497
 0.20663582 0.21044816 0.20741619 0.20421432 0.2074793  0.21161   ]"
4,-8.0,14,0.2,0.2,"[0.0, 20.0, 0.0]","[0.6, 0.6, 1.0]","[14.74390322 13.93229608 13.05298501 13.93229608 14.52799596 13.84810423
 12.86184167 13.57287495 14.51727207 13.84032475 12.85241379 13.56330736]","[0.2000053  0.20001066 0.2000148  0.20000401 0.20370523 0.20197433
 0.20384269 0.20605254 0.20384639 0.20207003 0.20393789 0.20620423]"
4,-8.0,14,0.2,0.2,"[0.0, 20.0, 0.0]","[1.0, 1.0, 1.0]","[14.74390322 13.93229608 13.05298501 13.93229608 14.38275139 13.78645264
 12.73326498 13.33989181 14.34064125 13.7575873  12.69639826 13.29480569]","[0.20001472 0.2000296  0.20004111 0.20001114 0.20681216 0.20397442
 0.20722441 0.21076012 0.20743541 0.20432496 0.20757551 0.21150432]"
4,-8.0,14,0.2,0.2,"[30.0, -20.0, 0.0]","[0.6, 0.6, 1.0]","[14.74390322 13.93229608 13.05298501 13.93229608 14.5537572  13.86019271
 12.8846943  13.6174651  14.53860803 13.85440332 12.87120314 13.5884108 ]","[0.20014337 0.20017203 0.20026629 0.20014214 0.20337314 0.20172515
 0.2032771  0.20530197 0.20355351 0.2018392  0.20356555 0.20577649]"
4,-8.0,14,0.2,0.2,"[30.0, -20.0, 0.0]","[1.0, 1.0, 1.0]","[14.74390322 13.93229608 13.05298501 13.93229608 14.4107693  13.79604906
 12.75834274 13.39757103 14.39838245 13.7972475  12.74693257 13.36001359]","[0.20039812 0.20047766 0.20073919 0.2003947  0.20649796 0.2036169
 0.20620412 0.20961786 0.20658793 0.20367417 0.20658615 0.21034709]"
4,-8.0,14,0.2,0.2,"[30.0, 0.0, 0.0]","[0.6, 0.6, 1.0]","[14.74390322 13.93229608 13.05298501 13.93229608 14.5537572  13.86019271
 12.8846943  13.6174651  14.50883375 13.83678546 12.84490384 13.54723683]","[0.20014337 0.20017203 0.20026629 0.20014214 0.2032808  0.20170324
 0.20333074 0.20532933 0.20395549 0.20210746 0.20402141 0.20641122]"
4,-8.0,14,0.2,0.2,"[30.0, 0.0, 0.0]","[1.0, 1.0, 1.0]","[14.74390322 13.93229608 13.05298501 13.93229608 14.4107693  13.79604906
 12.75834274 13.39757103 14.33434975 13.7570802  12.6905663  13.27664689]","[0.20039812 0.20047766 0.20073919 0.2003947  0.20621414 0.20354733
 0.20635826 0.20969297 0.20748212 0.20429178 0.20758097 0.21168204]"
4,-8.0,14,0.2,0.2,"[30.0, 20.0, 0.0]","[0.6, 0.6, 1.0]","[14.74390322 13.93229608 13.05298501 13.93229608 14.5537572  13.86019271
 12.8846943  13.6174651  14.51709013 13.83975937 12.85227656 13.56419011]","[0.20014337 0.20017203 0.20026629 0.20014214 0.20342783 0.2018537
 0.20358933 0.20552488 0.20385012 0.20208324 0.2039582  0.20620841]"
4,-8.0,14,0.2,0.2,"[30.0, 20.0, 0.0]","[1.0, 1.0, 1.0]","[14.74390322 13.93229608 13.05298501 13.93229608 14.4107693  13.79604906
 12.75834274 13.39757103 14.33669147 13.75286435 12.69304757 13.29404455]","[0.20039812 0.20047766 0.20073919 0.2003947  0.2066536  0.20399067
 0.20713195 0.21028603 0.2074985  0.20439943 0.20766429 0.21156163]"
4,0.0,14,0.2,0.2,"[-30.0, -20.0, 0.0]","[0.6, 0.6, 1.0]","[14.74390322 13.93229608 13.05298501 13.93229608 14.39877561 13.62400501
 12.74719163 13.59538478 14.31594356 13.54726778 12.67342696 13.51106301]","[0.20022927 0.20012308 0.20009406 0.2001154  0.20591876 0.20540807
 0.20559848 0.20581989 0.20702099 0.20655525 0.20674757 0.20705435]"
4,0.0,14,0.2,0.2,"[-30.0, -20.0, 0.0]","[1.0, 1.0, 1.0]","[14.74390322 13.93229608 13.05298501 13.93229608 14.17938318 13.44138183
 12.55208979 13.36535829 14.01801112 13.2969171  12.40689858 13.19483599]","[0.20063647 0.20034179 0.20026121 0.20032046 0.21097414 0.20956517
 0.20999892 0.21069999 0.21308242 0.21181262 0.21241143 0.21336054]"
4,0.0,14,0.2,0.2,"[-30.0, 0.0, 0.0]","[0.6, 0.6, 1.0]","[14.74390322 13.93229608 13.05298501 13.93229608 14.39877561 13.62400501
 12.74719163 13.59538478 14.28545165 13.5067392  12.64683155 13.49089177]","[0.20022927 0.20012308 0.20009406 0.2001154  0.20556007 0.20522076
 0.20545003 0.20563439 0.20728529 0.207121   0.20720232 0.20730883]"
4,0.0,14,0.2,0.2,"[-30.0, 0.0, 0.0]","[1.0, 1.0, 1.0]","[14.74390322 13.93229608 13.05298501 13.93229608 14.17938318 13.44138183
 12.55208979 13.36535829 13.96030473 13.21236999 12.35788612 13.16888519]","[0.20063647 0.20034179 0.20026121 0.20032046 0.20985321 0.20898377
 0.20953545 0.21011766 0.21345126 0.21298194 0.21322873 0.21358878]"
4,0.0,14,0.2,0.2,"[-30.0, 20.0, 0.0]","[0.6, 0.6, 1.0]","[14.74390322 13.93229608 13.05298501 13.93229608 14.39877561 13.62400501
 12.74719163 13.59538478 14.31394314 13.52413907 12.67243884 13.53189947]","[0.20022927 0.20012308 0.20009406 0.2001154  0.20545561 0.20522436
 0.20553103 0.20562453 0.20678389 0.20686532 0.20687136 0.20668083]"
4,0.0,14,0.2,0.2,"[-30.0, 20.0, 0.0]","[1.0, 1.0, 1.0]","[14.74390322 13.93229608 13.05298501 13.93229608 14.17938318 13.44138183
 12.55208979 13.36535829 14.00797971 13.22748043 12.40210455 13.25279338]","[0.20063647 0.20034179 0.20026121 0.20032046 0.20954943 0.20901292
 0.2098116  0.2101031  0.21249785 0.2127564  0.21266644 0.2122264 ]"
4,0.0,14,0.2,0.2,"[0.0, -20.0, 0.0]","[0.6, 0.6, 1.0]","[14.74390322 13.93229608 13.05298501 13.93229608 14.33543478 13.54622003
 12.69138143 13.5462051  14.30017525 13.52577241 12.65980914 13.50340479]","[0.2000053  0.20001066 0.2000148  0.20000401 0.20655198 0.20644092
 0.20637923 0.20642029 0.20711053 0.20685289 0.20700207 0.20714054]"
4,0.0,14,0.2,0.2,"[0.0, -20.0, 0.0]","[1.0, 1.0, 1.0]","[14.74390322 13.93229608 13.05298501 13.93229608 14.07263639 13.29786487
 12.45879087 13.29779678 13.9821939  13.24709823 12.37678469 13.18055217]","[0.20001472 0.2000296  0.20004111 0.20001114 0.21175736 0.21139495
 0.21119884 0.21133124 0.21327969 0.2125301  0.21297545 0.21350745]"
4,0.0,14,0.2,0.2,"[0.0, 0.0, 0.0]","[0.6, 0.6, 1.0]","[14.74390322 13.93229608 13.05298501 13.93229608 14.33543478 13.54622003
 12.69138143 13.5462051  14.27048051 13.48450164 12.63391273 13.48516353]","[0.2000053  0.20001066 0.2000148  0.20000401 0.20635695 0.20637146
 0.20638238 0.20635276 0.207431   0.2074791  0.20750559 0.20741288]"
4,0.0,14,0.2,0.2,"[0.0, 0.0, 0.0]","[1.0, 1.0, 1.0]","[14.74390322 13.93229608 13.05298501 13.93229608 14.07263639 13.29786487
 12.45879087 13.29779678 13.92772745 13.1600396  12.33070331 13.16178051]","[0.20001472 0.2000296  0.20004111 0.20001114 0.21111766 0.21116234
 0.21119608 0.21110468 0.21380483 0.21389347 0.21393098 0.21376576]"
4,0.0,14,0.2,0.2,"[0.0, 20.0, 0.0]","[0.6, 0.6, 1.0]","[14.74390322 13.93229608 13.05298501 13.93229608 14.33543478 13.54622003
 12.69138143 13.5462051  14.29993678 13.50298252 12.66032539 13.52645868]","[0.2000053  0.20001066 0.2000148  0.20000401 0.2064246  0.20650351
 0.20662399 0.20646228 0.2069849  0.20725593 0.20722003 0.20682608]"
4,0.0,14,0.2,0.2,"[0.0, 20.0, 0.0]","[1.0, 1.0, 1.0]","[14.74390322 13.93229608 13.05298501 13.93229608 14.07263639 13.29786487
 12.45879087 13.29779678 13.98090388 13.17995477 12.37956695 13.24914425]","[0.20001472 0.2000296  0.20004111 0.20001114 0.21134874 0.21159612
 0.21198382 0.21146515 0.21298563 0.21374698 0.21347486 0.21249159]"
4,0.0,14,0.2,0.2,"[30.0, -20.0, 0.0]","[0.6, 0.6, 1.0]","[14.74390322 13.93229608 13.05298501 13.93229608 14.39859646 13.59548325
 12.74749926 13.62403001 14.31397211 13.53119539 12.6723267  13.52477879]","[0.20014337 0.20017203 0.20026629 0.20014214 0.20548934 0.20563388
 0.20545083 0.20517775 0.20679704 0.20674934 0.20684248 0.20678352]"
4,0.0,14,0.2,0.2,"[30.0, -20.0, 0.0]","[1.0, 1.0, 1.0]","[14.74390322 13.93229608 13.05298501 13.93229608 14.17858975 13.36583169
 12.55347644 13.44148706 14.00821889 13.25091087 12.40138286 13.22896848]","[0.20039812 0.20047766 0.20073919 0.2003947  0.20967413 0.21012265
 0.2095265  0.20886351 0.21253983 0.21235394 0.21258213 0.21259074]"
4,0.0,14,0.2,0.2,"[30.0, 0.0, 0.0]","[0.6, 0.6, 1.0]","[14.74390322 13.93229608 13.05298501 13.93229608 14.39859646 13.59548325
 12.74749926 13.62403001 14.28524901 13.49030674 12.64725069 13.50754688]","[0.20014337 0.20017203 0.20026629 0.20014214 0.20547238 0.20569113
 0.20560475 0.20522789 0.20717516 0.20741847 0.20738746 0.20708516]"
4,0.0,14,0.2,0.2,"[30.0, 0.0, 0.0]","[1.0, 1.0, 1.0]","[14.74390322 13.93229608 13.05298501 13.93229608 14.17858975 13.36583169
 12.55347644 13.44148706 13.95931568 13.16770229 12.35995315 13.21467785]","[0.20039812 0.20047766 0.20073919 0.2003947  0.20959675 0.21028496
 0.20998706 0.20900298 0.21320782 0.21380885 0.21362867 0.21291858]"
4,0.0,14,0.2,0.2,"[30.0, 20.0, 0.0]","[0.6, 0.6, 1.0]","[14.74390322 13.93229608 13.05298501 13.93229608 14.39859646 13.59548325
 12.74749926 13.62403001 14.31553016 13.51080742 12.67430516 13.5479817 ]","[0.20014337 0.20017203 0.20026629 0.20014214 0.2057151  0.20594919
 0.20598607 0.20544718 0.20679179 0.20721435 0.2071433  0.20655681]"
4,0.0,14,0.2,0.2,"[30.0, 20.0, 0.0]","[1.0, 1.0, 1.0]","[14.74390322 13.93229608 13.05298501 13.93229608 14.17858975 13.36583169
 12.55347644 13.44148706 14.01596307 13.19506016 12.41132392 13.29908195]","[0.20039812 0.20047766 0.20073919 0.2003947  0.21035502 0.2110945
 0.21117888 0.20968403 0.21256761 0.21369481 0.21328506 0.21183256]"
4,8.0,14,0.2,0.2,"[-30.0, -20.0, 0.0]","[0.6, 0.6, 1.0]","[14.74390322 13.93229608 13.05298501 13.93229608 14.55379135 13.61743951
 12.88466323 13.86021539 14.51774399 13.564727   12.85269284 13.84021683]","[0.20022927 0.20012308 0.20009406 0.2001154  0.20352087 0.20546328
 0.20334423 0.20177168 0.20387739 0.2061717  0.20383236 0.20201799]"
4,8.0,14,0.2,0.2,"[-30.0, -20.0, 0.0]","[1.0, 1.0, 1.0]","[14.74390322 13.93229608 13.05298501 13.93229608 14.41097872 13.39744483
 12.75812056 13.79614242 14.33872882 13.29514503 12.69382125 13.75429227]","[0.20063647 0.20034179 0.20026121 0.20032046 0.20693082 0.21010373
 0.20640832 0.20375149 0.20752356 0.21144444 0.20740866 0.20427906]"
4,8.0,14,0.2,0.2,"[-30.0, 0.0, 0.0]","[0.6, 0.6, 1.0]","[14.74390322 13.93229608 13.05298501 13.93229608 14.55379135 13.61743951
 12.88466323 13.86021539 14.5095584  13.54798587 12.84548202 13.83729028]","[0.20022927 0.20012308 0.20009406 0.2001154  0.20330298 0.20530783
 0.20326327 0.20167652 0.20395309 0.20640607 0.20397495 0.20206161]"
4,8.0,14,0.2,0.2,"[-30.0, 0.0, 0.0]","[1.0, 1.0, 1.0]","[14.74390322 13.93229608 13.05298501 13.93229608 14.41097872 13.39744483
 12.75812056 13.79614242 14.3364386  13.27857839 12.69206861 13.75857641]","[0.20063647 0.20034179 0.20026121 0.20032046 0.20627812 0.2096317
 0.20616439 0.20347023 0.20746215 0.21163654 0.20748123 0.20421268]"
4,8.0,14,0.2,0.2,"[-30.0, 20.0, 0.0]","[0.6, 0.6, 1.0]","[14.74390322 13.93229608 13.05298501 13.93229608 14.55379135 13.61743951
 12.88466323 13.86021539 14.53924425 13.58920662 12.87177407 13.85479998]","[0.20022927 0.20012308 0.20009406 0.2001154  0.20331763 0.20533446
 0.20338729 0.20173303 0.20351842 0.20580345 0.20360012 0.20181249]"
4,8.0,14,0.2,0.2,"[-30.0, 20.0, 0.0]","[1.0, 1.0, 1.0]","[14.74390322 13.93229608 13.05298501 13.93229608 14.41097872 13.39744483
 12.75812056 13.79614242 14.40014732 13.36229468 12.74854725 13.79834533]","[0.20063647 0.20034179 0.20026121 0.20032046 0.20632926 0.20972055
 0.20654132 0.20364093 0.20651028 0.21036882 0.20664667 0.20363717]"
4,8.0,14,0.2,0.2,"[0.0, -20.0, 0.0]","[0.6, 0.6, 1.0]","[14.74390322 13.93229608 13.05298501 13.93229608 14.52799863 13.57288755
 12.8618445  13.84810733 14.51792085 13.56392479 12.85289058 13.84077407]","[0.2000053  0.20001066 0.2000148  0.20000401 0.20378296 0.20602005
 0.20366002 0.20191172 0.20386544 0.20617927 0.20384467 0.20201615]"
4,8.0,14,0.2,0.2,"[0.0, -20.0, 0.0]","[1.0, 1.0, 1.0]","[14.74390322 13.93229608 13.05298501 13.93229608 14.3827634  13.33994943
 12.73327775 13.78646562 14.34261789 13.29628637 12.69750972 13.75899087]","[0.20001472 0.2000296  0.20004111 0.20001114 0.20704684 0.21066104
 0.20667754 0.2037904  0.2074511  0.21141294 0.20738072 0.20422766]"
4,8.0,14,0.2,0.2,"[0.0, 0.0, 0.0]","[0.6, 0.6, 1.0]","[14.74390322 13.93229608 13.05298501 13.93229608 14.52799863 13.57288755
 12.8618445  13.84810733 14.51034935 13.54810717 12.84622358 13.83818625]","[0.2000053  0.20001066 0.2000148  0.20000401 0.20362866 0.20595717
 0.2036463  0.20185306 0.20393905 0.20641206 0.20398513 0.20205743]"
4,8.0,14,0.2,0.2,"[0.0, 0.0, 0.0]","[1.0, 1.0, 1.0]","[14.74390322 13.93229608 13.05298501 13.93229608 14.3827634  13.33994943
 12.73327775 13.78646562 14.34226414 13.28309203 12.69744802 13.76398148]","[0.20001472 0.2000296  0.20004111 0.20001114 0.20657951 0.21046462
 0.20663152 0.20361401 0.20738105 0.21158872 0.20744449 0.20415835]"
4,8.0,14,0.2,0.2,"[0.0, 20.0, 0.0]","[0.6, 0.6, 1.0]","[14.74390322 13.93229608 13.05298501 13.93229608 14.52799863 13.57288755
 12.8618445  13.84810733 14.53955994 13.58925071 12.87209078 13.8549951 ]","[0.2000053  0.20001066 0.2000148  0.20000401 0.20370262 0.20607434
 0.20384098 0.20194588 0.20351648 0.20582259 0.20362355 0.20182099]"
4,8.0,14,0.2,0.2,"[0.0, 20.0, 0.0]","[1.0, 1.0, 1.0]","[14.74390322 13.93229608 13.05298501 13.93229608 14.3827634  13.33994943
 12.73327775 13.78646562 14.40503968 13.36746288 12.75305388 13.80187443]","[0.20001472 0.2000296  0.20004111 0.20001114 0.20680669 0.21082714
 0.20721921 0.20389057 0.20645938 0.21034747 0.20664343 0.20361795]"
4,8.0,14,0.2,0.2,"[30.0, -20.0, 0.0]","[0.6, 0.6, 1.0]","[14.74390322 13.93229608 13.05298501 13.93229608 14.58174893 13.65024465
 12.90941357 13.87829263 14.52744993 13.57558698 12.86136559 13.84719305]","[0.20014337 0.20017203 0.20026629 0.20014214 0.20282215 0.20466607
 0.20275532 0.20131311 0.20370655 0.20598444 0.20370837 0.20191091]"
4,8.0,14,0.2,0.2,"[30.0, -20.0, 0.0]","[1.0, 1.0, 1.0]","[14.74390322 13.93229608 13.05298501 13.93229608 14.48705719 13.48491492
 12.82552694 13.84702599 14.36817687 13.32796691 12.72036735 13.77588737]","[0.20039812 0.20047766 0.20073919 0.2003947  0.20531925 0.2082326
 0.20512331 0.20281503 0.20698209 0.21082012 0.2069546  0.20391025]"
4,8.0,14,0.2,0.2,"[30.0, 0.0, 0.0]","[0.6, 0.6, 1.0]","[14.74390322 13.93229608 13.05298501 13.93229608 14.58174893 13.65024465
 12.90941357 13.87829263 14.52012816 13.56033653 12.85490858 13.84463707]","[0.20014337 0.20017203 0.20026629 0.20014214 0.20273946 0.20470021
 0.20280748 0.201291   0.20378243 0.20622016 0.2038512  0.20195405]"
4,8.0,14,0.2,0.2,"[30.0, 0.0, 0.0]","[1.0, 1.0, 1.0]","[14.74390322 13.93229608 13.05298501 13.93229608 14.48705719 13.48491492
 12.82552694 13.84702599 14.36835725 13.31679916 12.72068418 13.78047078]","[0.20039812 0.20047766 0.20073919 0.2003947  0.20507515 0.20832831
 0.20527056 0.2027485  0.2069231  0.21099977 0.20702861 0.20385398]"
4,8.0,14,0.2,0.2,"[30.0, 20.0, 0.0]","[0.6, 0.6, 1.0]","[14.74390322 13.93229608 13.05298501 13.93229608 14.58174893 13.65024465
 12.90941357 13.87829263 14.54883766 13.60098735 12.88031726 13.86110392]","[0.20014337 0.20017203 0.20026629 0.20014214 0.20287741 0.20490805
 0.20306166 0.20141601 0.20337301 0.20565003 0.20350275 0.20172503]"
4,8.0,14,0.2,0.2,"[30.0, 20.0, 0.0]","[1.0, 1.0, 1.0]","[14.74390322 13.93229608 13.05298501 13.93229608 14.48705719 13.48491492
 12.82552694 13.84702599 14.42839625 13.39862309 12.77377713 13.81615981]","[0.20039812 0.20047766 0.20073919 0.2003947  0.20547794 0.20894126
 0.20600954 0.20310768 0.20606021 0.20983487 0.20628529 0.20335341]"
6,-8.0,14,0.2,0.2,"[-30.0, -20.0, 0.0]","[0.6, 0.6, 1.0]","[14.74390322 13.93229608 13.05298501 13.93229608 14.66612825 13.89876709
 12.9841327  13.80963372 14.65096549 13.88981065 12.97070476 13.78878408]","[0.20022927 0.20012308 0.20009406 0.2001154  0.20146021 0.20078602
 0.20133981 0.20209819 0.20152073 0.20086318 0.20152344 0.20231783]"
6,-8.0,14,0.2,0.2,"[-30.0, -20.0, 0.0]","[1.0, 1.0, 1.0]","[14.74390322 13.93229608 13.05298501 13.93229608 14.62092172 13.87951319
 12.94412984 13.73800318 14.59377277 13.86328327 12.92007053 13.70111938]","[0.20063647 0.20034179 0.20026121 0.20032046 0.20310393 0.20190668
 0.20276234 0.20403441 0.20329618 0.20221421 0.2032813  0.20459593]"
6,-8.0,14,0.2,0.2,"[-30.0, 0.0, 0.0]","[0.6, 0.6, 1.0]","[14.74390322 13.93229608 13.05298501 13.93229608 14.66612825 13.89876709
 12.9841327  13.80963372 14.63667513 13.88124108 12.95805388 13.76943668]","[0.20022927 0.20012308 0.20009406 0.2001154  0.20129278 0.2007089
 0.2012868  0.20200082 0.20188215 0.20116438 0.20190898 0.20277724]"
6,-8.0,14,0.2,0.2,"[-30.0, 0.0, 0.0]","[1.0, 1.0, 1.0]","[14.74390322 13.93229608 13.05298501 13.93229608 14.62092172 13.87951319
 12.94412984 13.73800318 14.56412964 13.84494697 12.89382557 13.66197432]","[0.20063647 0.20034179 0.20026121 0.20032046 0.20262843 0.20168858
 0.20261154 0.20375633 0.20369332 0.20248891 0.20372033 0.20517953]"
6,-8.0,14,0.2,0.2,"[-30.0, 20.0, 0.0]","[0.6, 0.6, 1.0]","[14.74390322 13.93229608 13.05298501 13.93229608 14.66612825 13.89876709
 12.9841327  13.80963372 14.63992037 13.88249492 12.96093836 13.77528424]","[0.20022927 0.20012308 0.20009406 0.2001154  0.20133442 0.2007902
 0.20142558 0.20204833 0.20174152 0.20106149 0.20178988 0.20260757]"
6,-8.0,14,0.2,0.2,"[-30.0, 20.0, 0.0]","[1.0, 1.0, 1.0]","[14.74390322 13.93229608 13.05298501 13.93229608 14.62092172 13.87951319
 12.94412984 13.73800318 14.56326786 13.84263003 12.89313783 13.66436176]","[0.20063647 0.20034179 0.20026121 0.20032046 0.2027477  0.20191909
 0.20300646 0.20389331 0.2037038  0.20253751 0.20376591 0.20516573]"
6,-8.0,14,0.2,0.2,"[0.0, -20.0, 0.0]","[0.6, 0.6, 1.0]","[14.74390322 13.93229608 13.05298501 13.93229608 14.63951465 13.88308412
 12.96056868 13.77311266 14.64814576 13.88768097 12.96820676 13.78553503]","[0.2000053  0.20001066 0.2000148  0.20000401 0.20196034 0.20116526
 0.20185463 0.20276355 0.2015582  0.20089732 0.20156978 0.20236758]"
6,-8.0,14,0.2,0.2,"[0.0, -20.0, 0.0]","[1.0, 1.0, 1.0]","[14.74390322 13.93229608 13.05298501 13.93229608 14.56923846 13.84827916
 12.8983542  13.66850728 14.58721702 13.85852786 12.91425649 13.69331034]","[0.20001472 0.2000296  0.20004111 0.20001114 0.20397194 0.2025593
 0.20366747 0.20520303 0.2034027  0.20230689 0.20340294 0.20473268]"
6,-8.0,14,0.2,0.2,"[0.0, 0.0, 0.0]","[0.6, 0.6, 1.0]","[14.74390322 13.93229608 13.05298501 13.93229608 14.63951465 13.88308412
 12.96056868 13.77311266 14.63377966 13.87909921 12.95549182 13.76607598]","[0.2000053  0.20001066 0.2000148  0.20000401 0.20181994 0.2011067
 0.20183367 0.20270506 0.20192346 0.20120111 0.20195959 0.2028326 ]"
6,-8.0,14,0.2,0.2,"[0.0, 0.0, 0.0]","[1.0, 1.0, 1.0]","[14.74390322 13.93229608 13.05298501 13.93229608 14.56923846 13.84827916
 12.8983542  13.66850728 14.55707375 13.83989094 12.8875874  13.65360531]","[0.20001472 0.2000296  0.20004111 0.20001114 0.20356662 0.2023909
 0.20360578 0.20503217 0.20381022 0.20258832 0.20385354 0.20533154]"
6,-8.0,14,0.2,0.2,"[0.0, 20.0, 0.0]","[0.6, 0.6, 1.0]","[14.74390322 13.93229608 13.05298501 13.93229608 14.63951465 13.88308412
 12.96056868 13.77311266 14.63710604 13.8803838  12.95844953 13.77206259]","[0.2000053  0.20001066 0.2000148  0.20000401 0.20189398 0.20120961
 0.2020074  0.20279521 0.20187578 0.20119104 0.20193364 0.20275637]"
6,-8.0,14,0.2,0.2,"[0.0, 20.0, 0.0]","[1.0, 1.0, 1.0]","[14.74390322 13.93229608 13.05298501 13.93229608 14.56923846 13.84827916
 12.8983542  13.66850728 14.5564256  13.83762108 12.88710321 13.65644151]","[0.20001472 0.2000296  0.20004111 0.20001114 0.20378066 0.20268579
 0.20410643 0.2052945  0.20382145 0.2026386  0.20390045 0.20531788]"
6,-8.0,14,0.2,0.2,"[30.0, -20.0, 0.0]","[0.6, 0.6, 1.0]","[14.74390322 13.93229608 13.05298501 13.93229608 14.65163334 13.88921653
 12.97130962 13.79191565 14.64836491 13.88798326 12.9683989  13.78565136]","[0.20014337 0.20017203 0.20026629 0.20014214 0.20159785 0.20089557
 0.20150386 0.20229416 0.20155164 0.20089482 0.2015722  0.20236573]"
6,-8.0,14,0.2,0.2,"[30.0, -20.0, 0.0]","[1.0, 1.0, 1.0]","[14.74390322 13.93229608 13.05298501 13.93229608 14.58141362 13.85294068
 12.90922066 13.6903604  14.58630808 13.85801203 12.91344258 13.69213146]","[0.20039812 0.20047766 0.20073919 0.2003947  0.2037247  0.20245431
 0.20345268 0.20480636 0.203405   0.20231365 0.20342093 0.20474526]"
6,-8.0,14,0.2,0.2,"[30.0, 0.0, 0.0]","[0.6, 0.6, 1.0]","[14.74390322 13.93229608 13.05298501 13.93229608 14.65163334 13.88921653
 12.97130962 13.79191565 14.63376185 13.87917184 12.95547783 13.76599075]","[0.20014337 0.20017203 0.20026629 0.20014214 0.2014858  0.20085786
 0.20151583 0.20227368 0.20192082 0.201202   0.20196585 0.20283531]"
6,-8.0,14,0.2,0.2,"[30.0, 0.0, 0.0]","[1.0, 1.0, 1.0]","[14.74390322 13.93229608 13.05298501 13.93229608 14.58141362 13.85294068
 12.90922066 13.6903604  14.5556248  13.83880391 12.88631691 13.65207378]","[0.20039812 0.20047766 0.20073919 0.2003947  0.20340038 0.20234495
 0.20348492 0.20474478 0.20382408 0.20260577 0.20388287 0.20535627]"
6,-8.0,14,0.2,0.2,"[30.0, 20.0, 0.0]","[0.6, 0.6, 1.0]","[14.74390322 13.93229608 13.05298501 13.93229608 14.65163334 13.88921653
 12.97130962 13.79191565 14.63726614 13.88056179 12.95859448 13.77222819]","[0.20014337 0.20017203 0.20026629 0.20014214 0.20159286 0.20098284
 0.20172102 0.2024044  0.20187252 0.20119127 0.20193875 0.20275793]"
6,-8.0,14,0.2,0.2,"[30.0, 20.0, 0.0]","[1.0, 1.0, 1.0]","[14.74390322 13.93229608 13.05298501 13.93229608 14.58141362 13.85294068
 12.90922066 13.6903604  14.55544166 13.83674384 12.88625609 13.65565975]","[0.20039812 0.20047766 0.20073919 0.2003947  0.20370823 0.20270203
 0.20407463 0.20512297 0.20383401 0.20265548 0.20392692 0.20533867]"
6,0.0,14,0.2,0.2,"[-30.0, -20.0, 0.0]","[0.6, 0.6, 1.0]","[14.74390322 13.93229608 13.05298501 13.93229608 14.53550443 13.7416675
 12.86831134 13.73047944 14.49603608 13.70451403 12.83315643 13.69180355]","[0.20022927 0.20012308 0.20009406 0.2001154  0.20374702 0.20345953
 0.20348546 0.20360768 0.20415336 0.2039504  0.20397496 0.20409666]"
6,0.0,14,0.2,0.2,"[-30.0, -20.0, 0.0]","[1.0, 1.0, 1.0]","[14.74390322 13.93229608 13.05298501 13.93229608 14.40335266 13.62597229
 12.75070212 13.59618271 14.33183288 13.55933519 12.68632392 13.52452879]","[0.20063647 0.20034179 0.20026121 0.20032046 0.20703118 0.2062259
 0.20626881 0.20662784 0.20755002 0.2070256  0.20713419 0.20749212]"
6,0.0,14,0.2,0.2,"[-30.0, 0.0, 0.0]","[0.6, 0.6, 1.0]","[14.74390322 13.93229608 13.05298501 13.93229608 14.53550443 13.7416675
 12.86831134 13.73047944 14.47827208 13.68366247 12.81767626 13.67865006]","[0.20022927 0.20012308 0.20009406 0.2001154  0.20344593 0.20330418
 0.20336726 0.20345456 0.20429052 0.20423059 0.20424407 0.2042619 ]"
6,0.0,14,0.2,0.2,"[-30.0, 0.0, 0.0]","[1.0, 1.0, 1.0]","[14.74390322 13.93229608 13.05298501 13.93229608 14.40335266 13.62597229
 12.75070212 13.59618271 14.29973807 13.51881951 12.65909624 13.50524433]","[0.20063647 0.20034179 0.20026121 0.20032046 0.20613932 0.20576656
 0.20591829 0.20617306 0.20771575 0.20754379 0.20758571 0.20768452]"
6,0.0,14,0.2,0.2,"[-30.0, 20.0, 0.0]","[0.6, 0.6, 1.0]","[14.74390322 13.93229608 13.05298501 13.93229608 14.53550443 13.7416675
 12.86831134 13.73047944 14.49504892 13.69559999 12.83276165 13.69959353]","[0.20022927 0.20012308 0.20009406 0.2001154  0.2033762  0.20332352
 0.20345817 0.20346091 0.20399644 0.20406278 0.20406762 0.20395234]"
6,0.0,14,0.2,0.2,"[-30.0, 20.0, 0.0]","[1.0, 1.0, 1.0]","[14.74390322 13.93229608 13.05298501 13.93229608 14.40335266 13.62597229
 12.75070212 13.59618271 14.32717599 13.53357623 12.68451521 13.54502171]","[0.20063647 0.20034179 0.20026121 0.20032046 0.2059425  0.20583133
 0.2061971  0.20619877 0.20718207 0.20733309 0.20729895 0.20707305]"
6,0.0,14,0.2,0.2,"[0.0, -20.0, 0.0]","[0.6, 0.6, 1.0]","[14.74390322 13.93229608 13.05298501 13.93229608 14.49765942 13.69958217
 12.83499609 13.69957138 14.48993727 13.69677442 12.82794145 13.68834821]","[0.2000053  0.20001066 0.2000148  0.20000401 0.20407083 0.20397437
 0.20392225 0.20395728 0.20414708 0.20404397 0.20408027 0.20412648]"
6,0.0,14,0.2,0.2,"[0.0, -20.0, 0.0]","[1.0, 1.0, 1.0]","[14.74390322 13.93229608 13.05298501 13.93229608 14.33988921 13.55050507
 12.69536982 13.55045628 14.31727477 13.54089389 12.67426552 13.51705637]","[0.20001472 0.2000296  0.20004111 0.20001114 0.20735289 0.20705925
 0.20690271 0.20700882 0.20754101 0.20725139 0.20736067 0.20754957]"
6,0.0,14,0.2,0.2,"[0.0, 0.0, 0.0]","[0.6, 0.6, 1.0]","[14.74390322 13.93229608 13.05298501 13.93229608 14.49765942 13.69958217
 12.83499609 13.69957138 14.47265268 13.67585022 12.81287551 13.67604726]","[0.2000053  0.20001066 0.2000148  0.20000401 0.20389949 0.20391136
 0.20392024 0.20389605 0.20431834 0.20435337 0.20437657 0.20430681]"
6,0.0,14,0.2,0.2,"[0.0, 0.0, 0.0]","[1.0, 1.0, 1.0]","[14.74390322 13.93229608 13.05298501 13.93229608 14.33988921 13.55050507
 12.69536982 13.55045628 14.286841   13.5001247  12.64849952 13.50060652]","[0.20001472 0.2000296  0.20004111 0.20001114 0.20682963 0.20686456
 0.20689073 0.20681949 0.20780069 0.20785604 0.20788851 0.20777992]"
6,0.0,14,0.2,0.2,"[0.0, 20.0, 0.0]","[0.6, 0.6, 1.0]","[14.74390322 13.93229608 13.05298501 13.93229608 14.49765942 13.69958217
 12.83499609 13.69957138 14.48978682 13.6882754  12.82824521 13.6969999 ]","[0.2000053  0.20001066 0.2000148  0.20000401 0.20396232 0.20402813
 0.20413094 0.20399303 0.20406034 0.20420682 0.20422873 0.20402367]"
6,0.0,14,0.2,0.2,"[0.0, 20.0, 0.0]","[1.0, 1.0, 1.0]","[14.74390322 13.93229608 13.05298501 13.93229608 14.33988921 13.55050507
 12.69536982 13.55045628 14.31652923 13.51713429 12.67576963 13.54157801]","[0.20001472 0.2000296  0.20004111 0.20001114 0.20702569 0.20722167
 0.20753217 0.20711637 0.20735631 0.20769614 0.20767094 0.20722923]"
6,0.0,14,0.2,0.2,"[30.0, -20.0, 0.0]","[0.6, 0.6, 1.0]","[14.74390322 13.93229608 13.05298501 13.93229608 14.53537858 13.73055253
 12.86853181 13.74168712 14.49508683 13.69937971 12.8326564  13.69575415]","[0.20014337 0.20017203 0.20026629 0.20014214 0.20341638 0.20346361
 0.20336693 0.20327881 0.20400826 0.20399989 0.20404366 0.20400461]"
6,0.0,14,0.2,0.2,"[30.0, -20.0, 0.0]","[1.0, 1.0, 1.0]","[14.74390322 13.93229608 13.05298501 13.93229608 14.40279426 13.59652356
 12.75169126 13.62605672 14.3273874  13.54446226 12.68397592 13.53384167]","[0.20039812 0.20047766 0.20073919 0.2003947  0.20607011 0.20620221
 0.2059113  0.20569716 0.20720989 0.20714978 0.2072449  0.20723252]"
6,0.0,14,0.2,0.2,"[30.0, 0.0, 0.0]","[0.6, 0.6, 1.0]","[14.74390322 13.93229608 13.05298501 13.93229608 14.53537858 13.73055253
 12.86853181 13.74168712 14.47815886 13.67850451 12.81788725 13.6839134 ]","[0.20014337 0.20017203 0.20026629 0.20014214 0.20338072 0.20349739
 0.20348007 0.20330752 0.20421647 0.20433707 0.20436725 0.20420441]"
6,0.0,14,0.2,0.2,"[30.0, 0.0, 0.0]","[1.0, 1.0, 1.0]","[14.74390322 13.93229608 13.05298501 13.93229608 14.40279426 13.59652356
 12.75169126 13.62605672 14.29921351 13.50504137 12.66009222 13.51953314]","[0.20039812 0.20047766 0.20073919 0.2003947  0.20595424 0.20629515
 0.20623771 0.2057751  0.20756246 0.20781839 0.20783611 0.20750829]"
6,0.0,14,0.2,0.2,"[30.0, 20.0, 0.0]","[0.6, 0.6, 1.0]","[14.74390322 13.93229608 13.05298501 13.93229608 14.53537858 13.73055253
 12.86853181 13.74168712 14.49578554 13.69181273 12.8336466  13.7047512 ]","[0.20014337 0.20017203 0.20026629 0.20014214 0.2035806  0.20371309
 0.20380079 0.20349112 0.20399537 0.20420713 0.2042441  0.20394925]"
6,0.0,14,0.2,0.2,"[30.0, 20.0, 0.0]","[1.0, 1.0, 1.0]","[14.74390322 13.93229608 13.05298501 13.93229608 14.40279426 13.59652356
 12.75169126 13.62605672 14.33066057 13.524974   12.68865418 13.56008912]","[0.20039812 0.20047766 0.20073919 0.2003947  0.20654659 0.2069353
 0.20718767 0.20631798 0.20722153 0.20770009 0.20768563 0.20704054]"
6,8.0,14,0.2,0.2,"[-30.0, -20.0, 0.0]","[0.6, 0.6, 1.0]","[14.74390322 13.93229608 13.05298501 13.93229608 14.65164161 13.79190698
 12.97130718 13.88922936 14.63750312 13.77247531 12.95878407 13.88073459]","[0.20022927 0.20012308 0.20009406 0.2001154  0.20166318 0.20236774
 0.20153933 0.20091722 0.20188518 0.20275679 0.20188425 0.20115004]"
6,8.0,14,0.2,0.2,"[-30.0, -20.0, 0.0]","[1.0, 1.0, 1.0]","[14.74390322 13.93229608 13.05298501 13.93229608 14.58147775 13.69031482
 12.90916954 13.8529937  14.55614483 13.65626417 12.88671058 13.83726791]","[0.20063647 0.20034179 0.20026121 0.20032046 0.20390988 0.20501815
 0.20355543 0.20251532 0.20384691 0.20531193 0.20382471 0.20259159]"
6,8.0,14,0.2,0.2,"[-30.0, 0.0, 0.0]","[0.6, 0.6, 1.0]","[14.74390322 13.93229608 13.05298501 13.93229608 14.65164161 13.79190698
 12.97130718 13.88922936 14.63403582 13.76631413 12.95571615 13.87936204]","[0.20022927 0.20012308 0.20009406 0.2001154  0.20149495 0.20226948
 0.20148571 0.20084003 0.20192043 0.20284612 0.20194692 0.20117159]"
6,8.0,14,0.2,0.2,"[-30.0, 0.0, 0.0]","[1.0, 1.0, 1.0]","[14.74390322 13.93229608 13.05298501 13.93229608 14.58147775 13.69031482
 12.90916954 13.8529937  14.55638574 13.65294043 12.88696267 13.8393483 ]","[0.20063647 0.20034179 0.20026121 0.20032046 0.20342596 0.20473353
 0.20340039 0.20229436 0.20381802 0.20535411 0.20384458 0.20256282]"
6,8.0,14,0.2,0.2,"[-30.0, 20.0, 0.0]","[0.6, 0.6, 1.0]","[14.74390322 13.93229608 13.05298501 13.93229608 14.65164161 13.79190698
 12.97130718 13.88922936 14.64860024 13.78595474 12.96860324 13.8881285 ]","[0.20022927 0.20012308 0.20009406 0.2001154  0.20154198 0.20233711
 0.20162499 0.20090667 0.20153822 0.20239011 0.20158998 0.20087445]"
6,8.0,14,0.2,0.2,"[-30.0, 20.0, 0.0]","[1.0, 1.0, 1.0]","[14.74390322 13.93229608 13.05298501 13.93229608 14.58147775 13.69031482
 12.90916954 13.8529937  14.58695269 13.69297895 12.91399508 13.85840076]","[0.20063647 0.20034179 0.20026121 0.20032046 0.2035635  0.20493137
 0.20380239 0.20248602 0.2033784  0.20477038 0.20345035 0.20229075]"
6,8.0,14,0.2,0.2,"[0.0, -20.0, 0.0]","[0.6, 0.6, 1.0]","[14.74390322 13.93229608 13.05298501 13.93229608 14.63951576 13.77311684
 12.96056985 13.88308591 14.63734577 13.7723242  12.958647   13.88055493]","[0.2000053  0.20001066 0.2000148  0.20000401 0.20195863 0.20277053
 0.2018536  0.20115485 0.20188433 0.20275875 0.20189302 0.20115487]"
6,8.0,14,0.2,0.2,"[0.0, -20.0, 0.0]","[1.0, 1.0, 1.0]","[14.74390322 13.93229608 13.05298501 13.93229608 14.56924347 13.66852674
 12.89835951 13.8482868  14.55713018 13.65710949 12.88760279 13.83813833]","[0.20001472 0.2000296  0.20004111 0.20001114 0.20396686 0.20522309
 0.20366497 0.20252973 0.20382866 0.20529874 0.20382315 0.20258429]"
6,8.0,14,0.2,0.2,"[0.0, 0.0, 0.0]","[0.6, 0.6, 1.0]","[14.74390322 13.93229608 13.05298501 13.93229608 14.63951576 13.77311684
 12.96056985 13.88308591 14.63404774 13.76640264 12.95572933 13.87928195]","[0.2000053  0.20001066 0.2000148  0.20000401 0.20181926 0.20271159
 0.20183305 0.20109806 0.20191853 0.20284679 0.20195482 0.20117572]"
6,8.0,14,0.2,0.2,"[0.0, 0.0, 0.0]","[1.0, 1.0, 1.0]","[14.74390322 13.93229608 13.05298501 13.93229608 14.56924347 13.66852674
 12.89835951 13.8482868  14.55781351 13.65449821 12.88824309 13.84040949]","[0.20001472 0.2000296  0.20004111 0.20001114 0.20356475 0.20505093
 0.20360409 0.20236632 0.20379727 0.20533662 0.20384095 0.20255482]"
6,8.0,14,0.2,0.2,"[0.0, 20.0, 0.0]","[0.6, 0.6, 1.0]","[14.74390322 13.93229608 13.05298501 13.93229608 14.63951576 13.77311684
 12.96056985 13.88308591 14.64836939 13.78583013 12.96840072 13.88781456]","[0.2000053  0.20001066 0.2000148  0.20000401 0.20189255 0.20281712
 0.20200672 0.20118463 0.20153992 0.20239526 0.20160194 0.2008819 ]"
6,8.0,14,0.2,0.2,"[0.0, 20.0, 0.0]","[1.0, 1.0, 1.0]","[14.74390322 13.93229608 13.05298501 13.93229608 14.56924347 13.66852674
 12.89835951 13.8482868  14.58782978 13.69414277 12.91477906 13.85887921]","[0.20001472 0.2000296  0.20004111 0.20001114 0.20377733 0.20535798
 0.20410444 0.20261448 0.20336835 0.20476489 0.20345865 0.20229321]"
6,8.0,14,0.2,0.2,"[30.0, -20.0, 0.0]","[0.6, 0.6, 1.0]","[14.74390322 13.93229608 13.05298501 13.93229608 14.66614071 13.80965153
 12.98412627 13.89876314 14.64016841 13.77556382 12.96114838 13.88267115]","[0.20014337 0.20017203 0.20026629 0.20014214 0.20138765 0.20203414
 0.20130245 0.20074397 0.20174536 0.20261455 0.20176327 0.20102894]"
6,8.0,14,0.2,0.2,"[30.0, -20.0, 0.0]","[1.0, 1.0, 1.0]","[14.74390322 13.93229608 13.05298501 13.93229608 14.62098076 13.738074
 12.94409085 13.87949562 14.56398245 13.66509381 12.89368855 13.84315465]","[0.20039812 0.20047766 0.20073919 0.2003947  0.20289885 0.20385229
 0.20265721 0.2017887  0.20370356 0.20515571 0.20371407 0.20249025]"
6,8.0,14,0.2,0.2,"[30.0, 0.0, 0.0]","[0.6, 0.6, 1.0]","[14.74390322 13.93229608 13.05298501 13.93229608 14.66614071 13.80965153
 12.98412627 13.89876314 14.63694483 13.7697716  12.95829533 13.88142349]","[0.20014337 0.20017203 0.20026629 0.20014214 0.20128053 0.20201767
 0.20131552 0.20070737 0.20187241 0.20279591 0.20191813 0.20114255]"
6,8.0,14,0.2,0.2,"[30.0, 0.0, 0.0]","[1.0, 1.0, 1.0]","[14.74390322 13.93229608 13.05298501 13.93229608 14.62098076 13.738074
 12.94409085 13.87949562 14.56486689 13.6628973  12.89449453 13.84545637]","[0.20039812 0.20047766 0.20073919 0.2003947  0.20259365 0.20380377
 0.20269267 0.20168428 0.20367258 0.20519333 0.20373292 0.20246222]"
6,8.0,14,0.2,0.2,"[30.0, 20.0, 0.0]","[0.6, 0.6, 1.0]","[14.74390322 13.93229608 13.05298501 13.93229608 14.66614071 13.80965153
 12.98412627 13.89876314 14.65118589 13.78907634 12.9708929  13.88993984]","[0.20014337 0.20017203 0.20026629 0.20014214 0.20138269 0.20216268
 0.2015197  0.20081216 0.20149771 0.20234995 0.20156938 0.20085128]"
6,8.0,14,0.2,0.2,"[30.0, 20.0, 0.0]","[1.0, 1.0, 1.0]","[14.74390322 13.93229608 13.05298501 13.93229608 14.62098076 13.738074
 12.94409085 13.87949562 14.59437758 13.70194379 12.92056806 13.86361654]","[0.20039812 0.20047766 0.20073919 0.2003947  0.20288425 0.20421767
 0.20327193 0.20198031 0.20325416 0.20463671 0.20336169 0.20220708]"
8,-8.0,14,0.2,0.2,"[-30.0, -20.0, 0.0]","[0.6, 0.6, 1.0]","[14.74390322 13.93229608 13.05298501 13.93229608 14.69905634 13.90953143
 13.01328812 13.86666949 14.69075478 13.90422136 13.00593655 13.85585631]","[0.20022927 0.20012308 0.20009406 0.2001154  0.20081531 0.20045253
 0.20070819 0.20107289 0.20079031 0.20047846 0.20080358 0.20115946]"
8,-8.0,14,0.2,0.2,"[-30.0, -20.0, 0.0]","[1.0, 1.0, 1.0]","[14.74390322 13.93229608 13.05298501 13.93229608 14.67271886 13.89629203
 12.98999926 13.82799406 14.65787912 13.88672898 12.97684938 13.80879532]","[0.20063647 0.20034179 0.20026121 0.20032046 0.20184224 0.20116419
 0.20154077 0.20216076 0.20163281 0.20111661 0.20163661 0.20223354]"
8,-8.0,14,0.2,0.2,"[-30.0, 0.0, 0.0]","[0.6, 0.6, 1.0]","[14.74390322 13.93229608 13.05298501 13.93229608 14.69905634 13.90953143
 13.01328812 13.86666949 14.68285368 13.89921081 12.99893748 13.84556407]","[0.20022927 0.20012308 0.20009406 0.2001154  0.20066471 0.20038244
 0.20066554 0.20099544 0.20103124 0.20069067 0.20105851 0.20144832]"
8,-8.0,14,0.2,0.2,"[-30.0, 0.0, 0.0]","[1.0, 1.0, 1.0]","[14.74390322 13.93229608 13.05298501 13.93229608 14.67271886 13.89629203
 12.98999926 13.82799406 14.6415689  13.87613249 12.9623892  13.78791971]","[0.20063647 0.20034179 0.20026121 0.20032046 0.20141838 0.20096727
 0.20142053 0.20194208 0.20238981 0.2018135  0.20241757 0.20308388]"
8,-8.0,14,0.2,0.2,"[-30.0, 20.0, 0.0]","[0.6, 0.6, 1.0]","[14.74390322 13.93229608 13.05298501 13.93229608 14.69905634 13.90953143
 13.01328812 13.86666949 14.68474341 13.9000741  13.00061192 13.84860321]","[0.20022927 0.20012308 0.20009406 0.2001154  0.20071914 0.20046833
 0.20081037 0.20105865 0.2009473  0.20062744 0.20098769 0.20135251]"
8,-8.0,14,0.2,0.2,"[-30.0, 20.0, 0.0]","[1.0, 1.0, 1.0]","[14.74390322 13.93229608 13.05298501 13.93229608 14.67271886 13.89629203
 12.98999926 13.82799406 14.6413274  13.87513504 12.96219306 13.78901825]","[0.20063647 0.20034179 0.20026121 0.20032046 0.20157201 0.20120874
 0.2018284  0.20212094 0.20239065 0.20183706 0.20244017 0.20307688]"
8,-8.0,14,0.2,0.2,"[0.0, -20.0, 0.0]","[0.6, 0.6, 1.0]","[14.74390322 13.93229608 13.05298501 13.93229608 14.68427348 13.9002729
 13.00019374 13.84722185 14.68956724 13.90324428 13.00488361 13.85457703]","[0.2000053  0.20001066 0.2000148  0.20000401 0.20113353 0.20071094
 0.20103369 0.20147123 0.20080511 0.20049354 0.20082324 0.2011787 ]"
8,-8.0,14,0.2,0.2,"[0.0, -20.0, 0.0]","[1.0, 1.0, 1.0]","[14.74390322 13.93229608 13.05298501 13.93229608 14.64408692 13.87799869
 12.96461562 13.79086128 14.65523074 13.88458754 12.97449664 13.8058979 ]","[0.20001472 0.2000296  0.20004111 0.20001114 0.20251423 0.20172985
 0.20223136 0.20298101 0.20167052 0.20115305 0.20168251 0.20228056]"
8,-8.0,14,0.2,0.2,"[0.0, 0.0, 0.0]","[0.6, 0.6, 1.0]","[14.74390322 13.93229608 13.05298501 13.93229608 14.68427348 13.9002729
 13.00019374 13.84722185 14.68167659 13.89826419 12.99789464 13.84427817]","[0.2000053  0.20001066 0.2000148  0.20000401 0.20099813 0.20065273
 0.2010103  0.20141417 0.20104696 0.20070631 0.20107927 0.20146903]"
8,-8.0,14,0.2,0.2,"[0.0, 0.0, 0.0]","[1.0, 1.0, 1.0]","[14.74390322 13.93229608 13.05298501 13.93229608 14.64408692 13.87799869
 12.96461562 13.79086128 14.6388572  13.87398339 12.95998578 13.78493067]","[0.20001472 0.2000296  0.20004111 0.20001114 0.20213007 0.20156498
 0.20216439 0.20281813 0.20243496 0.20185639 0.20247137 0.20313974]"
8,-8.0,14,0.2,0.2,"[0.0, 20.0, 0.0]","[0.6, 0.6, 1.0]","[14.74390322 13.93229608 13.05298501 13.93229608 14.68427348 13.9002729
 13.00019374 13.84722185 14.68358857 13.89913618 12.99958927 13.84735373]","[0.2000053  0.20001066 0.2000148  0.20000401 0.20107069 0.20075219
 0.20117616 0.20149997 0.2009628  0.20064295 0.20100835 0.20137305]"
8,-8.0,14,0.2,0.2,"[0.0, 20.0, 0.0]","[1.0, 1.0, 1.0]","[14.74390322 13.93229608 13.05298501 13.93229608 14.64408692 13.87799869
 12.96461562 13.79086128 14.63870505 13.87303008 12.95987349 13.78617204]","[0.20001472 0.2000296  0.20004111 0.20001114 0.20233612 0.20184618
 0.20263453 0.20306255 0.20243563 0.20188014 0.20249416 0.20313253]"
8,-8.0,14,0.2,0.2,"[30.0, -20.0, 0.0]","[0.6, 0.6, 1.0]","[14.74390322 13.93229608 13.05298501 13.93229608 14.69115036 13.90408296
 13.00628377 13.85713367 14.6898373  13.90351139 13.00512144 13.85482086]","[0.20014337 0.20017203 0.20026629 0.20014214 0.20096795 0.20059276
 0.20087498 0.20125772 0.20088144 0.20057244 0.20090441 0.20125732]"
8,-8.0,14,0.2,0.2,"[30.0, -20.0, 0.0]","[1.0, 1.0, 1.0]","[14.74390322 13.93229608 13.05298501 13.93229608 14.65112781 13.88120244
 12.97087445 13.80218124 14.65523258 13.88466254 12.97449248 13.80582315]","[0.20039812 0.20047766 0.20073919 0.2003947  0.20237048 0.20165989
 0.20210659 0.20277377 0.20166701 0.20115339 0.20168725 0.20228139]"
8,-8.0,14,0.2,0.2,"[30.0, 0.0, 0.0]","[0.6, 0.6, 1.0]","[14.74390322 13.93229608 13.05298501 13.93229608 14.69115036 13.90408296
 13.00628377 13.85713367 14.68184282 13.89843431 12.99804147 13.84442608]","[0.20014337 0.20017203 0.20026629 0.20014214 0.20084855 0.20054758
 0.20087109 0.20122052 0.20104336 0.20070526 0.20108056 0.20146779]"
8,-8.0,14,0.2,0.2,"[30.0, 0.0, 0.0]","[1.0, 1.0, 1.0]","[14.74390322 13.93229608 13.05298501 13.93229608 14.65112781 13.88120244
 12.97087445 13.80218124 14.63862602 13.87383747 12.95978089 13.78465566]","[0.20039812 0.20047766 0.20073919 0.2003947  0.20203143 0.2015316
 0.20209457 0.20266713 0.2024345  0.2018594  0.20247927 0.20314411]"
8,-8.0,14,0.2,0.2,"[30.0, 20.0, 0.0]","[0.6, 0.6, 1.0]","[14.74390322 13.93229608 13.05298501 13.93229608 14.69115036 13.90408296
 13.00628377 13.85713367 14.68381644 13.89934617 12.99979129 13.84758298]","[0.20014337 0.20017203 0.20026629 0.20014214 0.20093968 0.20066091
 0.20105591 0.20132778 0.20101503 0.20069768 0.20106538 0.20142763]"
8,-8.0,14,0.2,0.2,"[30.0, 20.0, 0.0]","[1.0, 1.0, 1.0]","[14.74390322 13.93229608 13.05298501 13.93229608 14.65112781 13.88120244
 12.97087445 13.80218124 14.63861271 13.87295414 12.95979617 13.78610876]","[0.20039812 0.20047766 0.20073919 0.2003947  0.20228972 0.20185161
 0.20261787 0.20297197 0.20243479 0.20188304 0.20250143 0.20313592]"
8,0.0,14,0.2,0.2,"[-30.0, -20.0, 0.0]","[0.6, 0.6, 1.0]","[14.74390322 13.93229608 13.05298501 13.93229608 14.60685018 13.80546083
 12.93152514 13.80044218 14.58417515 13.78396491 12.91133642 13.77861857]","[0.20022927 0.20012308 0.20009406 0.2001154  0.20261847 0.20241152
 0.20239071 0.20246937 0.20276886 0.20265513 0.20263986 0.20269654]"
8,0.0,14,0.2,0.2,"[-30.0, -20.0, 0.0]","[1.0, 1.0, 1.0]","[14.74390322 13.93229608 13.05298501 13.93229608 14.51959107 13.72696647
 12.85383583 13.71354211 14.47986091 13.68932301 12.81810961 13.67478784]","[0.20063647 0.20034179 0.20026121 0.20032046 0.20501371 0.20443182
 0.20436195 0.20458735 0.2050237  0.20473718 0.20472751 0.20490104]"
8,0.0,14,0.2,0.2,"[-30.0, 0.0, 0.0]","[0.6, 0.6, 1.0]","[14.74390322 13.93229608 13.05298501 13.93229608 14.60685018 13.80546083
 12.93152514 13.80044218 14.57289515 13.77158494 12.90151142 13.76967945]","[0.20022927 0.20012308 0.20009406 0.2001154  0.20235016 0.20227472
 0.20228999 0.20233481 0.20284458 0.20281801 0.20281686 0.20280852]"
8,0.0,14,0.2,0.2,"[-30.0, 0.0, 0.0]","[1.0, 1.0, 1.0]","[14.74390322 13.93229608 13.05298501 13.93229608 14.51959107 13.72696647
 12.85383583 13.71354211 14.45986917 13.66618836 12.80116707 13.66102698]","[0.20063647 0.20034179 0.20026121 0.20032046 0.20423722 0.20403603
 0.20407002 0.20419724 0.20510141 0.20501866 0.20501522 0.20504159]"
8,0.0,14,0.2,0.2,"[-30.0, 20.0, 0.0]","[0.6, 0.6, 1.0]","[14.74390322 13.93229608 13.05298501 13.93229608 14.60685018 13.80546083
 12.93152514 13.80044218 14.5836478  13.7799804  12.91118041 13.78204828]","[0.20022927 0.20012308 0.20009406 0.2001154  0.20230254 0.20230493
 0.20238897 0.20235208 0.20265274 0.20270368 0.20271543 0.20262992]"
8,0.0,14,0.2,0.2,"[-30.0, 20.0, 0.0]","[1.0, 1.0, 1.0]","[14.74390322 13.93229608 13.05298501 13.93229608 14.51959107 13.72696647
 12.85383583 13.71354211 14.47741961 13.67792505 12.81741005 13.68363645]","[0.20063647 0.20034179 0.20026121 0.20032046 0.20410485 0.20412763
 0.20436174 0.20425106 0.20475795 0.20485715 0.2048531  0.20470457]"
8,0.0,14,0.2,0.2,"[0.0, -20.0, 0.0]","[0.6, 0.6, 1.0]","[14.74390322 13.93229608 13.05298501 13.93229608 14.58243266 13.77970636
 12.91004306 13.77969865 14.58103097 13.7802778  12.90865914 13.77655044]","[0.2000053  0.20001066 0.2000148  0.20000401 0.20279108 0.20270172
 0.20265472 0.20268654 0.20274674 0.20269493 0.20270126 0.20271258]"
8,0.0,14,0.2,0.2,"[0.0, -20.0, 0.0]","[1.0, 1.0, 1.0]","[14.74390322 13.93229608 13.05298501 13.93229608 14.47866611 13.6816642
 12.81821304 13.68162932 14.47304955 13.68121026 12.81255917 13.67090089]","[0.20001472 0.2000296  0.20004111 0.20001114 0.205121   0.20485875
 0.20472188 0.20481506 0.20496137 0.204815   0.20483686 0.20491546]"
8,0.0,14,0.2,0.2,"[0.0, 0.0, 0.0]","[0.6, 0.6, 1.0]","[14.74390322 13.93229608 13.05298501 13.93229608 14.58243266 13.77970636
 12.91004306 13.77969865 14.57002445 13.76794517 12.89906799 13.76801269]","[0.2000053  0.20001066 0.2000148  0.20000401 0.2026308  0.20264124
 0.20264903 0.20262778 0.2028462  0.20287568 0.20289659 0.20283712]"
8,0.0,14,0.2,0.2,"[0.0, 0.0, 0.0]","[1.0, 1.0, 1.0]","[14.74390322 13.93229608 13.05298501 13.93229608 14.47866611 13.6816642
 12.81821304 13.68162932 14.45401946 13.65828997 12.79644271 13.65844003]","[0.20001472 0.2000296  0.20004111 0.20001114 0.20464967 0.20467966
 0.20470208 0.20464099 0.20510415 0.20514661 0.20517479 0.20508956]"
8,0.0,14,0.2,0.2,"[0.0, 20.0, 0.0]","[0.6, 0.6, 1.0]","[14.74390322 13.93229608 13.05298501 13.93229608 14.58243266 13.77970636
 12.91004306 13.77969865 14.58092972 13.77655249 12.90885229 13.78036838]","[0.2000053  0.20001066 0.2000148  0.20000401 0.20269232 0.20275099
 0.20284498 0.20271907 0.20267975 0.20277712 0.202815   0.20267628]"
8,0.0,14,0.2,0.2,"[0.0, 20.0, 0.0]","[1.0, 1.0, 1.0]","[14.74390322 13.93229608 13.05298501 13.93229608 14.47866611 13.6816642
 12.81821304 13.68162932 14.47256824 13.67106121 12.81347819 13.68149349]","[0.20001472 0.2000296  0.20004111 0.20001114 0.20483282 0.20500272
 0.20527717 0.20490984 0.2048261  0.20502434 0.20506278 0.20479677]"
8,0.0,14,0.2,0.2,"[30.0, -20.0, 0.0]","[0.6, 0.6, 1.0]","[14.74390322 13.93229608 13.05298501 13.93229608 14.6067607  13.80049485
 12.93168292 13.8054754  14.58368366 13.78197004 12.91109643 13.78001449]","[0.20014337 0.20017203 0.20026629 0.20014214 0.2023472  0.20235102
 0.20229047 0.20226103 0.20266355 0.20266879 0.20269446 0.20265567]"
8,0.0,14,0.2,0.2,"[30.0, -20.0, 0.0]","[1.0, 1.0, 1.0]","[14.74390322 13.93229608 13.05298501 13.93229608 14.51919197 13.71378511
 12.85454496 13.72703017 14.47759828 13.68343109 12.8170033  13.67791965]","[0.20039812 0.20047766 0.20073919 0.2003947  0.20423901 0.2042453
 0.20406763 0.20399952 0.20478051 0.20476195 0.20481054 0.20478124]"
8,0.0,14,0.2,0.2,"[30.0, 0.0, 0.0]","[0.6, 0.6, 1.0]","[14.74390322 13.93229608 13.05298501 13.93229608 14.6067607  13.80049485
 12.93168292 13.8054754  14.57282821 13.76964152 12.90162782 13.77167742]","[0.20014337 0.20017203 0.20026629 0.20014214 0.20229817 0.20236978
 0.20237884 0.2022759  0.20278889 0.20286838 0.20290895 0.20279475]"
8,0.0,14,0.2,0.2,"[30.0, 0.0, 0.0]","[1.0, 1.0, 1.0]","[14.74390322 13.93229608 13.05298501 13.93229608 14.51919197 13.71378511
 12.85454496 13.72703017 14.45956166 13.66102331 12.8017071  13.66644924]","[0.20039812 0.20047766 0.20073919 0.2003947  0.20409141 0.2042956
 0.20431855 0.20403866 0.20499036 0.20514054 0.20519619 0.2049911 ]"
8,0.0,14,0.2,0.2,"[30.0, 20.0, 0.0]","[0.6, 0.6, 1.0]","[14.74390322 13.93229608 13.05298501 13.93229608 14.6067607  13.80049485
 12.93168292 13.8054754  14.58401476 13.7786628  12.91163438 13.78406374]","[0.20014337 0.20017203 0.20026629 0.20014214 0.20247323 0.20256137
 0.20266568 0.20243896 0.20264779 0.20278361 0.2028444  0.20265089]"
8,0.0,14,0.2,0.2,"[30.0, 20.0, 0.0]","[1.0, 1.0, 1.0]","[14.74390322 13.93229608 13.05298501 13.93229608 14.51919197 13.71378511
 12.85454496 13.72703017 14.47912106 13.67513559 12.8194972  13.68965165]","[0.20039812 0.20047766 0.20073919 0.2003947  0.20459838 0.20485073
 0.20514865 0.20451038 0.20478216 0.20505512 0.20513055 0.20474601]"
8,8.0,14,0.2,0.2,"[-30.0, -20.0, 0.0]","[0.6, 0.6, 1.0]","[14.74390322 13.93229608 13.05298501 13.93229608 14.69115095 13.85713039
 13.00628859 13.90409111 14.68390945 13.84768609 12.99987577 13.89942025]","[0.20022927 0.20012308 0.20009406 0.2001154  0.20100507 0.20130085
 0.20089652 0.20060342 0.2009672  0.20138123 0.20097916 0.20061039]"
8,8.0,14,0.2,0.2,"[-30.0, -20.0, 0.0]","[1.0, 1.0, 1.0]","[14.74390322 13.93229608 13.05298501 13.93229608 14.65114427 13.80216298
 12.97087543 13.8812365  14.63888466 13.78637316 12.96001584 13.87317902]","[0.20063647 0.20034179 0.20026121 0.20032046 0.20247463 0.2028959
 0.2021678  0.20168959 0.20244529 0.20313525 0.20244678 0.2018401 ]"
8,8.0,14,0.2,0.2,"[-30.0, 0.0, 0.0]","[0.6, 0.6, 1.0]","[14.74390322 13.93229608 13.05298501 13.93229608 14.69115095 13.85713039
 13.00628859 13.90409111 14.68195301 13.8445578  12.9981401  13.89851398]","[0.20022927 0.20012308 0.20009406 0.2001154  0.20085401 0.20122231
 0.20085359 0.200534   0.20104395 0.20148344 0.20107116 0.20068075]"
8,8.0,14,0.2,0.2,"[-30.0, 0.0, 0.0]","[1.0, 1.0, 1.0]","[14.74390322 13.93229608 13.05298501 13.93229608 14.65114427 13.80216298
 12.97087543 13.8812365  14.63892979 13.78501387 12.9600522  13.87406375]","[0.20063647 0.20034179 0.20026121 0.20032046 0.20204665 0.20267247
 0.20204569 0.20149331 0.20243342 0.20315493 0.20246112 0.20182911]"
8,8.0,14,0.2,0.2,"[-30.0, 20.0, 0.0]","[0.6, 0.6, 1.0]","[14.74390322 13.93229608 13.05298501 13.93229608 14.69115095 13.85713039
 13.00628859 13.90409111 14.68993279 13.8549379  13.0051977  13.90357096]","[0.20022927 0.20012308 0.20009406 0.2001154  0.20091127 0.20130343
 0.20099897 0.20060523 0.20082886 0.20123415 0.20087045 0.20050816]"
8,8.0,14,0.2,0.2,"[-30.0, 20.0, 0.0]","[1.0, 1.0, 1.0]","[14.74390322 13.93229608 13.05298501 13.93229608 14.65114427 13.80216298
 12.97087543 13.8812365  14.65549855 13.80614782 12.97468923 13.88482023]","[0.20063647 0.20034179 0.20026121 0.20032046 0.20220985 0.2029038
 0.20245796 0.20169497 0.20165423 0.20230597 0.2017072  0.20113435]"
8,8.0,14,0.2,0.2,"[0.0, -20.0, 0.0]","[0.6, 0.6, 1.0]","[14.74390322 13.93229608 13.05298501 13.93229608 14.68427401 13.84722341
 13.00019429 13.90027405 14.68368269 13.84745991 12.9996743  13.89920913]","[0.2000053  0.20001066 0.2000148  0.20000401 0.20113263 0.20147897
 0.20103316 0.20070143 0.20096839 0.20138422 0.20098548 0.20061418]"
8,8.0,14,0.2,0.2,"[0.0, -20.0, 0.0]","[1.0, 1.0, 1.0]","[14.74390322 13.93229608 13.05298501 13.93229608 14.6440893  13.79086869
 12.96461815 13.87800367 14.63897883 13.78644942 12.96009859 13.87325033]","[0.20001472 0.2000296  0.20004111 0.20001114 0.20251163 0.20300289
 0.20223005 0.20170308 0.20244223 0.20313492 0.20245243 0.20184197]"
8,8.0,14,0.2,0.2,"[0.0, 0.0, 0.0]","[0.6, 0.6, 1.0]","[14.74390322 13.93229608 13.05298501 13.93229608 14.68427401 13.84722341
 13.00019429 13.90027405 14.68178581 13.84440998 12.99799141 13.89834124]","[0.2000053  0.20001066 0.2000148  0.20000401 0.20099779 0.20142089
 0.20101001 0.20064495 0.20104486 0.20148606 0.20107728 0.20068439]"
8,8.0,14,0.2,0.2,"[0.0, 0.0, 0.0]","[1.0, 1.0, 1.0]","[14.74390322 13.93229608 13.05298501 13.93229608 14.6440893  13.79086869
 12.96461815 13.87800367 14.63915789 13.78529175 12.96025235 13.87420024]","[0.20001472 0.2000296  0.20004111 0.20001114 0.20212914 0.20283714
 0.20216361 0.20154306 0.20242963 0.20315343 0.20246628 0.20183081]"
8,8.0,14,0.2,0.2,"[0.0, 20.0, 0.0]","[0.6, 0.6, 1.0]","[14.74390322 13.93229608 13.05298501 13.93229608 14.68427401 13.84722341
 13.00019429 13.90027405 14.68966034 13.85469128 13.00495541 13.90330004]","[0.2000053  0.20001066 0.2000148  0.20000401 0.20106985 0.20152178
 0.20117586 0.20072873 0.20079555 0.20120277 0.20084253 0.20047756]"
8,8.0,14,0.2,0.2,"[0.0, 20.0, 0.0]","[1.0, 1.0, 1.0]","[14.74390322 13.93229608 13.05298501 13.93229608 14.6440893  13.79086869
 12.96461815 13.87800367 14.65549153 13.80621561 12.97467775 13.88473243]","[0.20001472 0.2000296  0.20004111 0.20001114 0.2023341  0.2031245
 0.20263366 0.20177997 0.20165321 0.20230787 0.20171563 0.20113866]"
8,8.0,14,0.2,0.2,"[30.0, -20.0, 0.0]","[0.6, 0.6, 1.0]","[14.74390322 13.93229608 13.05298501 13.93229608 14.69906585 13.86667503
 13.01327833 13.90952888 14.6848407  13.84871375 13.00069914 13.90014846]","[0.20014337 0.20017203 0.20026629 0.20014214 0.20077494 0.20104349
 0.20068527 0.2004227  0.20095018 0.20136591 0.20097224 0.20060053]"
8,8.0,14,0.2,0.2,"[30.0, -20.0, 0.0]","[1.0, 1.0, 1.0]","[14.74390322 13.93229608 13.05298501 13.93229608 14.67276352 13.82801456
 12.98994977 13.89628056 14.6416082  13.78931109 12.962427   13.87535748]","[0.20039812 0.20047766 0.20073919 0.2003947  0.20172885 0.20207806
 0.20147692 0.20108081 0.20239286 0.20308347 0.20241152 0.20180233]"
8,8.0,14,0.2,0.2,"[30.0, 0.0, 0.0]","[0.6, 0.6, 1.0]","[14.74390322 13.93229608 13.05298501 13.93229608 14.69906585 13.86667503
 13.01327833 13.90952888 14.68296441 13.84569765 12.99903405 13.89928781]","[0.20014337 0.20017203 0.20026629 0.20014214 0.20065804 0.20100772
 0.20068228 0.20037897 0.2010264  0.20146754 0.20106391 0.20067059]"
8,8.0,14,0.2,0.2,"[30.0, 0.0, 0.0]","[1.0, 1.0, 1.0]","[14.74390322 13.93229608 13.05298501 13.93229608 14.67276352 13.82801456
 12.98994977 13.89628056 14.64187393 13.78828738 12.96265381 13.87634695]","[0.20039812 0.20047766 0.20073919 0.2003947  0.20139948 0.20197651
 0.20146773 0.20095759 0.20238002 0.20310165 0.20242543 0.20179128]"
8,8.0,14,0.2,0.2,"[30.0, 20.0, 0.0]","[0.6, 0.6, 1.0]","[14.74390322 13.93229608 13.05298501 13.93229608 14.69906585 13.86667503
 13.01327833 13.90952888 14.69084825 13.8559696  13.00600542 13.90427587]","[0.20014337 0.20017203 0.20026629 0.20014214 0.20074627 0.20112938
 0.20086664 0.20047444 0.20077803 0.2011857  0.20083019 0.2004643 ]"
8,8.0,14,0.2,0.2,"[30.0, 20.0, 0.0]","[1.0, 1.0, 1.0]","[14.74390322 13.93229608 13.05298501 13.93229608 14.67276352 13.82801456
 12.98994977 13.89628056 14.65814353 13.80911024 12.97701728 13.88686845]","[0.20039812 0.20047766 0.20073919 0.2003947  0.20164809 0.20231982
 0.20198628 0.20122563 0.20161105 0.20226487 0.20168254 0.20110551]"
6,-8.0,8,0.1,0.1,"[-30.0, -20.0, 0.0]","[0.6, 0.6, 1.0]","[8.20979296 7.97815997 7.72468696 7.97815997 8.1286686  7.96917963
 7.66211942 7.81803432 8.06261016 7.95269566 7.60071665 7.68754769]","[0.1209598  0.11156241 0.10869167 0.11054631 0.12632014 0.11653507
 0.11508527 0.12116068 0.11580221 0.11338016 0.11457221 0.11726913]"
6,-8.0,8,0.1,0.1,"[-30.0, -20.0, 0.0]","[0.7, 0.7, 1.0]","[8.20979296 7.97815997 7.72468696 7.97815997 8.1286686  7.96917963
 7.66211942 7.81803432 8.06261016 7.95269566 7.60071665 7.68754769]","[0.1209598  0.11156241 0.10869167 0.11054631 0.12632014 0.11653507
 0.11508527 0.12116068 0.11580221 0.11338016 0.11457221 0.11726913]"
6,-8.0,8,0.1,0.1,"[-30.0, -20.0, 0.0]","[0.8, 0.8, 1.0]","[8.20979296 7.97815997 7.72468696 7.97815997 8.1286686  7.96917963
 7.66211942 7.81803432 8.06261016 7.95269566 7.60071665 7.68754769]","[0.1209598  0.11156241 0.10869167 0.11054631 0.12632014 0.11653507
 0.11508527 0.12116068 0.11580221 0.11338016 0.11457221 0.11726913]"
6,-8.0,8,0.1,0.1,"[-30.0, -20.0, 0.0]","[0.9, 0.9, 1.0]","[8.20979296 7.97815997 7.72468696 7.97815997 8.1286686  7.96917963
 7.66211942 7.81803432 8.06261016 7.95269566 7.60071665 7.68754769]","[0.1209598  0.11156241 0.10869167 0.11054631 0.12632014 0.11653507
 0.11508527 0.12116068 0.11580221 0.11338016 0.11457221 0.11726913]"
6,-8.0,8,0.1,0.1,"[-30.0, -20.0, 0.0]","[1.0, 1.0, 1.0]","[8.20979296 7.97815997 7.72468696 7.97815997 8.1286686  7.96917963
 7.66211942 7.81803432 8.06261016 7.95269566 7.60071665 7.68754769]","[0.1209598  0.11156241 0.10869167 0.11054631 0.12632014 0.11653507
 0.11508527 0.12116068 0.11580221 0.11338016 0.11457221 0.11726913]"
6,-8.0,8,0.1,0.1,"[-30.0, -10.0, 0.0]","[0.6, 0.6, 1.0]","[8.20979296 7.97815997 7.72468696 7.97815997 8.1286686  7.96917963
 7.66211942 7.81803432 7.9702629  7.92427077 7.50776125 7.50279475]","[0.1209598  0.11156241 0.10869167 0.11054631 0.1172823  0.11177876
 0.11080126 0.11524184 0.1254382  0.12237897 0.12507912 0.12893677]"
6,-8.0,8,0.1,0.1,"[-30.0, -10.0, 0.0]","[0.7, 0.7, 1.0]","[8.20979296 7.97815997 7.72468696 7.97815997 8.1286686  7.96917963
 7.66211942 7.81803432 7.9702629  7.92427077 7.50776125 7.50279475]","[0.1209598  0.11156241 0.10869167 0.11054631 0.1172823  0.11177876
 0.11080126 0.11524184 0.1254382  0.12237897 0.12507912 0.12893677]"
6,-8.0,8,0.1,0.1,"[-30.0, -10.0, 0.0]","[0.8, 0.8, 1.0]","[8.20979296 7.97815997 7.72468696 7.97815997 8.1286686  7.96917963
 7.66211942 7.81803432 7.9702629  7.92427077 7.50776125 7.50279475]","[0.1209598  0.11156241 0.10869167 0.11054631 0.1172823  0.11177876
 0.11080126 0.11524184 0.1254382  0.12237897 0.12507912 0.12893677]"
6,-8.0,8,0.1,0.1,"[-30.0, -10.0, 0.0]","[0.9, 0.9, 1.0]","[8.20979296 7.97815997 7.72468696 7.97815997 8.1286686  7.96917963
 7.66211942 7.81803432 7.9702629  7.92427077 7.50776125 7.50279475]","[0.1209598  0.11156241 0.10869167 0.11054631 0.1172823  0.11177876
 0.11080126 0.11524184 0.1254382  0.12237897 0.12507912 0.12893677]"
6,-8.0,8,0.1,0.1,"[-30.0, -10.0, 0.0]","[1.0, 1.0, 1.0]","[8.20979296 7.97815997 7.72468696 7.97815997 8.1286686  7.96917963
 7.66211942 7.81803432 7.9702629  7.92427077 7.50776125 7.50279475]","[0.1209598  0.11156241 0.10869167 0.11054631 0.1172823  0.11177876
 0.11080126 0.11524184 0.1254382  0.12237897 0.12507912 0.12893677]"
6,-8.0,8,0.1,0.1,"[-30.0, 0.0, 0.0]","[0.6, 0.6, 1.0]","[8.20979296 7.97815997 7.72468696 7.97815997 8.1286686  7.96917963
 7.66211942 7.81803432 7.83419195 7.87102772 7.3717039  7.25683724]","[0.1209598  0.11156241 0.10869167 0.11054631 0.11134871 0.10961209
 0.11008046 0.11179574 0.13248583 0.12829822 0.13302915 0.13868902]"
6,-8.0,8,0.1,0.1,"[-30.0, 0.0, 0.0]","[0.7, 0.7, 1.0]","[8.20979296 7.97815997 7.72468696 7.97815997 8.1286686  7.96917963
 7.66211942 7.81803432 7.83419195 7.87102772 7.3717039  7.25683724]","[0.1209598  0.11156241 0.10869167 0.11054631 0.11134871 0.10961209
 0.11008046 0.11179574 0.13248583 0.12829822 0.13302915 0.13868902]"
6,-8.0,8,0.1,0.1,"[-30.0, 0.0, 0.0]","[0.8, 0.8, 1.0]","[8.20979296 7.97815997 7.72468696 7.97815997 8.1286686  7.96917963
 7.66211942 7.81803432 7.83419195 7.87102772 7.3717039  7.25683724]","[0.1209598  0.11156241 0.10869167 0.11054631 0.11134871 0.10961209
 0.11008046 0.11179574 0.13248583 0.12829822 0.13302915 0.13868902]"
6,-8.0,8,0.1,0.1,"[-30.0, 0.0, 0.0]","[0.9, 0.9, 1.0]","[8.20979296 7.97815997 7.72468696 7.97815997 8.1286686  7.96917963
 7.66211942 7.81803432 7.83419195 7.87102772 7.3717039  7.25683724]","[0.1209598  0.11156241 0.10869167 0.11054631 0.11134871 0.10961209
 0.11008046 0.11179574 0.13248583 0.12829822 0.13302915 0.13868902]"
6,-8.0,8,0.1,0.1,"[-30.0, 0.0, 0.0]","[1.0, 1.0, 1.0]","[8.20979296 7.97815997 7.72468696 7.97815997 8.1286686  7.96917963
 7.66211942 7.81803432 7.83419195 7.87102772 7.3717039  7.25683724]","[0.1209598  0.11156241 0.10869167 0.11054631 0.11134871 0.10961209
 0.11008046 0.11179574 0.13248583 0.12829822 0.13302915 0.13868902]"
6,-8.0,8,0.1,0.1,"[-30.0, 10.0, 0.0]","[0.6, 0.6, 1.0]","[8.20979296 7.97815997 7.72468696 7.97815997 8.1286686  7.96917963
 7.66211942 7.81803432 7.66471835 7.78590698 7.21249581 7.00042556]","[0.1209598  0.11156241 0.10869167 0.11054631 0.11041069 0.11123112
 0.11380101 0.11174498 0.13542899 0.12990845 0.13668918 0.14420111]"
6,-8.0,8,0.1,0.1,"[-30.0, 10.0, 0.0]","[0.7, 0.7, 1.0]","[8.20979296 7.97815997 7.72468696 7.97815997 8.1286686  7.96917963
 7.66211942 7.81803432 7.66471835 7.78590698 7.21249581 7.00042556]","[0.1209598  0.11156241 0.10869167 0.11054631 0.11041069 0.11123112
 0.11380101 0.11174498 0.13542899 0.12990845 0.13668918 0.14420111]"
6,-8.0,8,0.1,0.1,"[-30.0, 10.0, 0.0]","[0.8, 0.8, 1.0]","[8.20979296 7.97815997 7.72468696 7.97815997 8.1286686  7.96917963
 7.66211942 7.81803432 7.66471835 7.78590698 7.21249581 7.00042556]","[0.1209598  0.11156241 0.10869167 0.11054631 0.11041069 0.11123112
 0.11380101 0.11174498 0.13542899 0.12990845 0.13668918 0.14420111]"
6,-8.0,8,0.1,0.1,"[-30.0, 10.0, 0.0]","[0.9, 0.9, 1.0]","[8.20979296 7.97815997 7.72468696 7.97815997 8.1286686  7.96917963
 7.66211942 7.81803432 7.66471835 7.78590698 7.21249581 7.00042556]","[0.1209598  0.11156241 0.10869167 0.11054631 0.11041069 0.11123112
 0.11380101 0.11174498 0.13542899 0.12990845 0.13668918 0.14420111]"
6,-8.0,8,0.1,0.1,"[-30.0, 10.0, 0.0]","[1.0, 1.0, 1.0]","[8.20979296 7.97815997 7.72468696 7.97815997 8.1286686  7.96917963
 7.66211942 7.81803432 7.66471835 7.78590698 7.21249581 7.00042556]","[0.1209598  0.11156241 0.10869167 0.11054631 0.11041069 0.11123112
 0.11380101 0.11174498 0.13542899 0.12990845 0.13668918 0.14420111]"
6,-8.0,8,0.1,0.1,"[-30.0, 20.0, 0.0]","[0.6, 0.6, 1.0]","[8.20979296 7.97815997 7.72468696 7.97815997 8.1286686  7.96917963
 7.66211942 7.81803432 7.50853746 7.68254371 7.08200978 6.81992202]","[0.1209598  0.11156241 0.10869167 0.11054631 0.11377655 0.11568685
 0.12070664 0.11470545 0.13848918 0.13191599 0.13999007 0.14883607]"
6,-8.0,8,0.1,0.1,"[-30.0, 20.0, 0.0]","[0.7, 0.7, 1.0]","[8.20979296 7.97815997 7.72468696 7.97815997 8.1286686  7.96917963
 7.66211942 7.81803432 7.50853746 7.68254371 7.08200978 6.81992202]","[0.1209598  0.11156241 0.10869167 0.11054631 0.11377655 0.11568685
 0.12070664 0.11470545 0.13848918 0.13191599 0.13999007 0.14883607]"
6,-8.0,8,0.1,0.1,"[-30.0, 20.0, 0.0]","[0.8, 0.8, 1.0]","[8.20979296 7.97815997 7.72468696 7.97815997 8.1286686  7.96917963
 7.66211942 7.81803432 7.50853746 7.68254371 7.08200978 6.81992202]","[0.1209598  0.11156241 0.10869167 0.11054631 0.11377655 0.11568685
 0.12070664 0.11470545 0.13848918 0.13191599 0.13999007 0.14883607]"
6,-8.0,8,0.1,0.1,"[-30.0, 20.0, 0.0]","[0.9, 0.9, 1.0]","[8.20979296 7.97815997 7.72468696 7.97815997 8.1286686  7.96917963
 7.66211942 7.81803432 7.50853746 7.68254371 7.08200978 6.81992202]","[0.1209598  0.11156241 0.10869167 0.11054631 0.11377655 0.11568685
 0.12070664 0.11470545 0.13848918 0.13191599 0.13999007 0.14883607]"
6,-8.0,8,0.1,0.1,"[-30.0, 20.0, 0.0]","[1.0, 1.0, 1.0]","[8.20979296 7.97815997 7.72468696 7.97815997 8.1286686  7.96917963
 7.66211942 7.81803432 7.50853746 7.68254371 7.08200978 6.81992202]","[0.1209598  0.11156241 0.10869167 0.11054631 0.11377655 0.11568685
 0.12070664 0.11470545 0.13848918 0.13191599 0.13999007 0.14883607]"
6,-8.0,8,0.1,0.1,"[-20.0, -20.0, 0.0]","[0.6, 0.6, 1.0]","[8.20979296 7.97815997 7.72468696 7.97815997 8.05952826 7.9544833
 7.59606523 7.67170229 8.050312   7.94788576 7.58819401 7.66597511]","[0.11282397 0.10665625 0.10397174 0.10568867 0.12955522 0.11958938
 0.11897814 0.12572254 0.11587387 0.11343847 0.11482173 0.11753625]"
6,-8.0,8,0.1,0.1,"[-20.0, -20.0, 0.0]","[0.7, 0.7, 1.0]","[8.20979296 7.97815997 7.72468696 7.97815997 8.05952826 7.9544833
 7.59606523 7.67170229 8.050312   7.94788576 7.58819401 7.66597511]","[0.11282397 0.10665625 0.10397174 0.10568867 0.12955522 0.11958938
 0.11897814 0.12572254 0.11587387 0.11343847 0.11482173 0.11753625]"
6,-8.0,8,0.1,0.1,"[-20.0, -20.0, 0.0]","[0.8, 0.8, 1.0]","[8.20979296 7.97815997 7.72468696 7.97815997 8.05952826 7.9544833
 7.59606523 7.67170229 8.050312   7.94788576 7.58819401 7.66597511]","[0.11282397 0.10665625 0.10397174 0.10568867 0.12955522 0.11958938
 0.11897814 0.12572254 0.11587387 0.11343847 0.11482173 0.11753625]"
6,-8.0,8,0.1,0.1,"[-20.0, -20.0, 0.0]","[0.9, 0.9, 1.0]","[8.20979296 7.97815997 7.72468696 7.97815997 8.05952826 7.9544833
 7.59606523 7.67170229 8.050312   7.94788576 7.58819401 7.66597511]","[0.11282397 0.10665625 0.10397174 0.10568867 0.12955522 0.11958938
 0.11897814 0.12572254 0.11587387 0.11343847 0.11482173 0.11753625]"
6,-8.0,8,0.1,0.1,"[-20.0, -20.0, 0.0]","[1.0, 1.0, 1.0]","[8.20979296 7.97815997 7.72468696 7.97815997 8.05952826 7.9544833
 7.59606523 7.67170229 8.050312   7.94788576 7.58819401 7.66597511]","[0.11282397 0.10665625 0.10397174 0.10568867 0.12955522 0.11958938
 0.11897814 0.12572254 0.11587387 0.11343847 0.11482173 0.11753625]"
6,-8.0,8,0.1,0.1,"[-20.0, -10.0, 0.0]","[0.6, 0.6, 1.0]","[8.20979296 7.97815997 7.72468696 7.97815997 8.05952826 7.9544833
 7.59606523 7.67170229 7.95306325 7.91568626 7.49031061 7.47605776]","[0.11282397 0.10665625 0.10397174 0.10568867 0.12093358 0.11517835
 0.11510531 0.12019682 0.13068154 0.12744449 0.13050274 0.13461115]"
6,-8.0,8,0.1,0.1,"[-20.0, -10.0, 0.0]","[0.7, 0.7, 1.0]","[8.20979296 7.97815997 7.72468696 7.97815997 8.05952826 7.9544833
 7.59606523 7.67170229 7.95306325 7.91568626 7.49031061 7.47605776]","[0.11282397 0.10665625 0.10397174 0.10568867 0.12093358 0.11517835
 0.11510531 0.12019682 0.13068154 0.12744449 0.13050274 0.13461115]"
6,-8.0,8,0.1,0.1,"[-20.0, -10.0, 0.0]","[0.8, 0.8, 1.0]","[8.20979296 7.97815997 7.72468696 7.97815997 8.05952826 7.9544833
 7.59606523 7.67170229 7.95306325 7.91568626 7.49031061 7.47605776]","[0.11282397 0.10665625 0.10397174 0.10568867 0.12093358 0.11517835
 0.11510531 0.12019682 0.13068154 0.12744449 0.13050274 0.13461115]"
6,-8.0,8,0.1,0.1,"[-20.0, -10.0, 0.0]","[0.9, 0.9, 1.0]","[8.20979296 7.97815997 7.72468696 7.97815997 8.05952826 7.9544833
 7.59606523 7.67170229 7.95306325 7.91568626 7.49031061 7.47605776]","[0.11282397 0.10665625 0.10397174 0.10568867 0.12093358 0.11517835
 0.11510531 0.12019682 0.13068154 0.12744449 0.13050274 0.13461115]"
6,-8.0,8,0.1,0.1,"[-20.0, -10.0, 0.0]","[1.0, 1.0, 1.0]","[8.20979296 7.97815997 7.72468696 7.97815997 8.05952826 7.9544833
 7.59606523 7.67170229 7.95306325 7.91568626 7.49031061 7.47605776]","[0.11282397 0.10665625 0.10397174 0.10568867 0.12093358 0.11517835
 0.11510531 0.12019682 0.13068154 0.12744449 0.13050274 0.13461115]"
6,-8.0,8,0.1,0.1,"[-20.0, 0.0, 0.0]","[0.6, 0.6, 1.0]","[8.20979296 7.97815997 7.72468696 7.97815997 8.05952826 7.9544833
 7.59606523 7.67170229 7.8134569  7.85732156 7.35180421 7.23205328]","[0.11282397 0.10665625 0.10397174 0.10568867 0.11551154 0.11333485
 0.11483384 0.11732442 0.13278053 0.12853461 0.13350175 0.13918845]"
6,-8.0,8,0.1,0.1,"[-20.0, 0.0, 0.0]","[0.7, 0.7, 1.0]","[8.20979296 7.97815997 7.72468696 7.97815997 8.05952826 7.9544833
 7.59606523 7.67170229 7.8134569  7.85732156 7.35180421 7.23205328]","[0.11282397 0.10665625 0.10397174 0.10568867 0.11551154 0.11333485
 0.11483384 0.11732442 0.13278053 0.12853461 0.13350175 0.13918845]"
6,-8.0,8,0.1,0.1,"[-20.0, 0.0, 0.0]","[0.8, 0.8, 1.0]","[8.20979296 7.97815997 7.72468696 7.97815997 8.05952826 7.9544833
 7.59606523 7.67170229 7.8134569  7.85732156 7.35180421 7.23205328]","[0.11282397 0.10665625 0.10397174 0.10568867 0.11551154 0.11333485
 0.11483384 0.11732442 0.13278053 0.12853461 0.13350175 0.13918845]"
6,-8.0,8,0.1,0.1,"[-20.0, 0.0, 0.0]","[0.9, 0.9, 1.0]","[8.20979296 7.97815997 7.72468696 7.97815997 8.05952826 7.9544833
 7.59606523 7.67170229 7.8134569  7.85732156 7.35180421 7.23205328]","[0.11282397 0.10665625 0.10397174 0.10568867 0.11551154 0.11333485
 0.11483384 0.11732442 0.13278053 0.12853461 0.13350175 0.13918845]"
6,-8.0,8,0.1,0.1,"[-20.0, 0.0, 0.0]","[1.0, 1.0, 1.0]","[8.20979296 7.97815997 7.72468696 7.97815997 8.05952826 7.9544833
 7.59606523 7.67170229 7.8134569  7.85732156 7.35180421 7.23205328]","[0.11282397 0.10665625 0.10397174 0.10568867 0.11551154 0.11333485
 0.11483384 0.11732442 0.13278053 0.12853461 0.13350175 0.13918845]"
6,-8.0,8,0.1,0.1,"[-20.0, 10.0, 0.0]","[0.6, 0.6, 1.0]","[8.20979296 7.97815997 7.72468696 7.97815997 8.05952826 7.9544833
 7.59606523 7.67170229 7.64650874 7.76816749 7.19704079 6.99051092]","[0.11282397 0.10665625 0.10397174 0.10568867 0.11506986 0.11517952
 0.1189583  0.11794759 0.13570949 0.13023302 0.13712144 0.1444843 ]"
6,-8.0,8,0.1,0.1,"[-20.0, 10.0, 0.0]","[0.7, 0.7, 1.0]","[8.20979296 7.97815997 7.72468696 7.97815997 8.05952826 7.9544833
 7.59606523 7.67170229 7.64650874 7.76816749 7.19704079 6.99051092]","[0.11282397 0.10665625 0.10397174 0.10568867 0.11506986 0.11517952
 0.1189583  0.11794759 0.13570949 0.13023302 0.13712144 0.1444843 ]"
6,-8.0,8,0.1,0.1,"[-20.0, 10.0, 0.0]","[0.8, 0.8, 1.0]","[8.20979296 7.97815997 7.72468696 7.97815997 8.05952826 7.9544833
 7.59606523 7.67170229 7.64650874 7.76816749 7.19704079 6.99051092]","[0.11282397 0.10665625 0.10397174 0.10568867 0.11506986 0.11517952
 0.1189583  0.11794759 0.13570949 0.13023302 0.13712144 0.1444843 ]"
6,-8.0,8,0.1,0.1,"[-20.0, 10.0, 0.0]","[0.9, 0.9, 1.0]","[8.20979296 7.97815997 7.72468696 7.97815997 8.05952826 7.9544833
 7.59606523 7.67170229 7.64650874 7.76816749 7.19704079 6.99051092]","[0.11282397 0.10665625 0.10397174 0.10568867 0.11506986 0.11517952
 0.1189583  0.11794759 0.13570949 0.13023302 0.13712144 0.1444843 ]"
6,-8.0,8,0.1,0.1,"[-20.0, 10.0, 0.0]","[1.0, 1.0, 1.0]","[8.20979296 7.97815997 7.72468696 7.97815997 8.05952826 7.9544833
 7.59606523 7.67170229 7.64650874 7.76816749 7.19704079 6.99051092]","[0.11282397 0.10665625 0.10397174 0.10568867 0.11506986 0.11517952
 0.1189583  0.11794759 0.13570949 0.13023302 0.13712144 0.1444843 ]"
6,-8.0,8,0.1,0.1,"[-20.0, 20.0, 0.0]","[0.6, 0.6, 1.0]","[8.20979296 7.97815997 7.72468696 7.97815997 8.05952826 7.9544833
 7.59606523 7.67170229 7.50092478 7.66523979 7.07748748 6.83377763]","[0.11282397 0.10665625 0.10397174 0.10568867 0.11883092 0.11975311
 0.12616723 0.12154754 0.13859396 0.13225784 0.14023177 0.14865898]"
6,-8.0,8,0.1,0.1,"[-20.0, 20.0, 0.0]","[0.7, 0.7, 1.0]","[8.20979296 7.97815997 7.72468696 7.97815997 8.05952826 7.9544833
 7.59606523 7.67170229 7.50092478 7.66523979 7.07748748 6.83377763]","[0.11282397 0.10665625 0.10397174 0.10568867 0.11883092 0.11975311
 0.12616723 0.12154754 0.13859396 0.13225784 0.14023177 0.14865898]"
6,-8.0,8,0.1,0.1,"[-20.0, 20.0, 0.0]","[0.8, 0.8, 1.0]","[8.20979296 7.97815997 7.72468696 7.97815997 8.05952826 7.9544833
 7.59606523 7.67170229 7.50092478 7.66523979 7.07748748 6.83377763]","[0.11282397 0.10665625 0.10397174 0.10568867 0.11883092 0.11975311
 0.12616723 0.12154754 0.13859396 0.13225784 0.14023177 0.14865898]"
6,-8.0,8,0.1,0.1,"[-20.0, 20.0, 0.0]","[0.9, 0.9, 1.0]","[8.20979296 7.97815997 7.72468696 7.97815997 8.05952826 7.9544833
 7.59606523 7.67170229 7.50092478 7.66523979 7.07748748 6.83377763]","[0.11282397 0.10665625 0.10397174 0.10568867 0.11883092 0.11975311
 0.12616723 0.12154754 0.13859396 0.13225784 0.14023177 0.14865898]"
6,-8.0,8,0.1,0.1,"[-20.0, 20.0, 0.0]","[1.0, 1.0, 1.0]","[8.20979296 7.97815997 7.72468696 7.97815997 8.05952826 7.9544833
 7.59606523 7.67170229 7.50092478 7.66523979 7.07748748 6.83377763]","[0.11282397 0.10665625 0.10397174 0.10568867 0.11883092 0.11975311
 0.12616723 0.12154754 0.13859396 0.13225784 0.14023177 0.14865898]"
6,-8.0,8,0.1,0.1,"[-10.0, -20.0, 0.0]","[0.6, 0.6, 1.0]","[8.20979296 7.97815997 7.72468696 7.97815997 7.94638309 7.92221377
 7.48332107 7.44149286 8.01916983 7.93148063 7.55539547 7.61772244]","[0.10487384 0.10235769 0.1006565  0.10157862 0.14268578 0.13240931
 0.13362252 0.14182993 0.11619163 0.11366373 0.11542028 0.11821671]"
6,-8.0,8,0.1,0.1,"[-10.0, -20.0, 0.0]","[0.7, 0.7, 1.0]","[8.20979296 7.97815997 7.72468696 7.97815997 7.94638309 7.92221377
 7.48332107 7.44149286 8.01916983 7.93148063 7.55539547 7.61772244]","[0.10487384 0.10235769 0.1006565  0.10157862 0.14268578 0.13240931
 0.13362252 0.14182993 0.11619163 0.11366373 0.11542028 0.11821671]"
6,-8.0,8,0.1,0.1,"[-10.0, -20.0, 0.0]","[0.8, 0.8, 1.0]","[8.20979296 7.97815997 7.72468696 7.97815997 7.94638309 7.92221377
 7.48332107 7.44149286 8.01916983 7.93148063 7.55539547 7.61772244]","[0.10487384 0.10235769 0.1006565  0.10157862 0.14268578 0.13240931
 0.13362252 0.14182993 0.11619163 0.11366373 0.11542028 0.11821671]"
6,-8.0,8,0.1,0.1,"[-10.0, -20.0, 0.0]","[0.9, 0.9, 1.0]","[8.20979296 7.97815997 7.72468696 7.97815997 7.94638309 7.92221377
 7.48332107 7.44149286 8.01916983 7.93148063 7.55539547 7.61772244]","[0.10487384 0.10235769 0.1006565  0.10157862 0.14268578 0.13240931
 0.13362252 0.14182993 0.11619163 0.11366373 0.11542028 0.11821671]"
6,-8.0,8,0.1,0.1,"[-10.0, -20.0, 0.0]","[1.0, 1.0, 1.0]","[8.20979296 7.97815997 7.72468696 7.97815997 7.94638309 7.92221377
 7.48332107 7.44149286 8.01916983 7.93148063 7.55539547 7.61772244]","[0.10487384 0.10235769 0.1006565  0.10157862 0.14268578 0.13240931
 0.13362252 0.14182993 0.11619163 0.11366373 0.11542028 0.11821671]"
6,-8.0,8,0.1,0.1,"[-10.0, -10.0, 0.0]","[0.6, 0.6, 1.0]","[8.20979296 7.97815997 7.72468696 7.97815997 7.94638309 7.92221377
 7.48332107 7.44149286 7.9178297  7.89051389 7.45419595 7.43503427]","[0.10487384 0.10235769 0.1006565  0.10157862 0.13508416 0.12868989
 0.13049026 0.13713922 0.13116493 0.12785668 0.13125765 0.13534139]"
6,-8.0,8,0.1,0.1,"[-10.0, -10.0, 0.0]","[0.7, 0.7, 1.0]","[8.20979296 7.97815997 7.72468696 7.97815997 7.94638309 7.92221377
 7.48332107 7.44149286 7.9178297  7.89051389 7.45419595 7.43503427]","[0.10487384 0.10235769 0.1006565  0.10157862 0.13508416 0.12868989
 0.13049026 0.13713922 0.13116493 0.12785668 0.13125765 0.13534139]"
6,-8.0,8,0.1,0.1,"[-10.0, -10.0, 0.0]","[0.8, 0.8, 1.0]","[8.20979296 7.97815997 7.72468696 7.97815997 7.94638309 7.92221377
 7.48332107 7.44149286 7.9178297  7.89051389 7.45419595 7.43503427]","[0.10487384 0.10235769 0.1006565  0.10157862 0.13508416 0.12868989
 0.13049026 0.13713922 0.13116493 0.12785668 0.13125765 0.13534139]"
6,-8.0,8,0.1,0.1,"[-10.0, -10.0, 0.0]","[0.9, 0.9, 1.0]","[8.20979296 7.97815997 7.72468696 7.97815997 7.94638309 7.92221377
 7.48332107 7.44149286 7.9178297  7.89051389 7.45419595 7.43503427]","[0.10487384 0.10235769 0.1006565  0.10157862 0.13508416 0.12868989
 0.13049026 0.13713922 0.13116493 0.12785668 0.13125765 0.13534139]"
6,-8.0,8,0.1,0.1,"[-10.0, -10.0, 0.0]","[1.0, 1.0, 1.0]","[8.20979296 7.97815997 7.72468696 7.97815997 7.94638309 7.92221377
 7.48332107 7.44149286 7.9178297  7.89051389 7.45419595 7.43503427]","[0.10487384 0.10235769 0.1006565  0.10157862 0.13508416 0.12868989
 0.13049026 0.13713922 0.13116493 0.12785668 0.13125765 0.13534139]"
6,-8.0,8,0.1,0.1,"[-10.0, 0.0, 0.0]","[0.6, 0.6, 1.0]","[8.20979296 7.97815997 7.72468696 7.97815997 7.94638309 7.92221377
 7.48332107 7.44149286 7.78351147 7.82415146 7.32350687 7.22107286]","[0.10487384 0.10235769 0.1006565  0.10157862 0.13063731 0.12735042
 0.13079893 0.13520468 0.13320475 0.1291048  0.1341677  0.13944661]"
6,-8.0,8,0.1,0.1,"[-10.0, 0.0, 0.0]","[0.7, 0.7, 1.0]","[8.20979296 7.97815997 7.72468696 7.97815997 7.94638309 7.92221377
 7.48332107 7.44149286 7.78351147 7.82415146 7.32350687 7.22107286]","[0.10487384 0.10235769 0.1006565  0.10157862 0.13063731 0.12735042
 0.13079893 0.13520468 0.13320475 0.1291048  0.1341677  0.13944661]"
6,-8.0,8,0.1,0.1,"[-10.0, 0.0, 0.0]","[0.8, 0.8, 1.0]","[8.20979296 7.97815997 7.72468696 7.97815997 7.94638309 7.92221377
 7.48332107 7.44149286 7.78351147 7.82415146 7.32350687 7.22107286]","[0.10487384 0.10235769 0.1006565  0.10157862 0.13063731 0.12735042
 0.13079893 0.13520468 0.13320475 0.1291048  0.1341677  0.13944661]"
6,-8.0,8,0.1,0.1,"[-10.0, 0.0, 0.0]","[0.9, 0.9, 1.0]","[8.20979296 7.97815997 7.72468696 7.97815997 7.94638309 7.92221377
 7.48332107 7.44149286 7.78351147 7.82415146 7.32350687 7.22107286]","[0.10487384 0.10235769 0.1006565  0.10157862 0.13063731 0.12735042
 0.13079893 0.13520468 0.13320475 0.1291048  0.1341677  0.13944661]"
6,-8.0,8,0.1,0.1,"[-10.0, 0.0, 0.0]","[1.0, 1.0, 1.0]","[8.20979296 7.97815997 7.72468696 7.97815997 7.94638309 7.92221377
 7.48332107 7.44149286 7.78351147 7.82415146 7.32350687 7.22107286]","[0.10487384 0.10235769 0.1006565  0.10157862 0.13063731 0.12735042
 0.13079893 0.13520468 0.13320475 0.1291048  0.1341677  0.13944661]"
6,-8.0,8,0.1,0.1,"[-10.0, 10.0, 0.0]","[0.6, 0.6, 1.0]","[8.20979296 7.97815997 7.72468696 7.97815997 7.94638309 7.92221377
 7.48332107 7.44149286 7.63782863 7.7345056  7.19151487 7.03131744]","[0.10487384 0.10235769 0.1006565  0.10157862 0.13085304 0.12934671
 0.13519937 0.13670462 0.13577634 0.13084987 0.13738591 0.14375308]"
6,-8.0,8,0.1,0.1,"[-10.0, 10.0, 0.0]","[0.7, 0.7, 1.0]","[8.20979296 7.97815997 7.72468696 7.97815997 7.94638309 7.92221377
 7.48332107 7.44149286 7.63782863 7.7345056  7.19151487 7.03131744]","[0.10487384 0.10235769 0.1006565  0.10157862 0.13085304 0.12934671
 0.13519937 0.13670462 0.13577634 0.13084987 0.13738591 0.14375308]"
6,-8.0,8,0.1,0.1,"[-10.0, 10.0, 0.0]","[0.8, 0.8, 1.0]","[8.20979296 7.97815997 7.72468696 7.97815997 7.94638309 7.92221377
 7.48332107 7.44149286 7.63782863 7.7345056  7.19151487 7.03131744]","[0.10487384 0.10235769 0.1006565  0.10157862 0.13085304 0.12934671
 0.13519937 0.13670462 0.13577634 0.13084987 0.13738591 0.14375308]"
6,-8.0,8,0.1,0.1,"[-10.0, 10.0, 0.0]","[0.9, 0.9, 1.0]","[8.20979296 7.97815997 7.72468696 7.97815997 7.94638309 7.92221377
 7.48332107 7.44149286 7.63782863 7.7345056  7.19151487 7.03131744]","[0.10487384 0.10235769 0.1006565  0.10157862 0.13085304 0.12934671
 0.13519937 0.13670462 0.13577634 0.13084987 0.13738591 0.14375308]"
6,-8.0,8,0.1,0.1,"[-10.0, 10.0, 0.0]","[1.0, 1.0, 1.0]","[8.20979296 7.97815997 7.72468696 7.97815997 7.94638309 7.92221377
 7.48332107 7.44149286 7.63782863 7.7345056  7.19151487 7.03131744]","[0.10487384 0.10235769 0.1006565  0.10157862 0.13085304 0.12934671
 0.13519937 0.13670462 0.13577634 0.13084987 0.13738591 0.14375308]"
6,-8.0,8,0.1,0.1,"[-10.0, 20.0, 0.0]","[0.6, 0.6, 1.0]","[8.20979296 7.97815997 7.72468696 7.97815997 7.94638309 7.92221377
 7.48332107 7.44149286 7.52477885 7.64279648 7.10083136 6.92694699]","[0.10487384 0.10235769 0.1006565  0.10157862 0.13489443 0.13377785
 0.1424088  0.14097551 0.13805848 0.13271995 0.13992875 0.14680249]"
6,-8.0,8,0.1,0.1,"[-10.0, 20.0, 0.0]","[0.7, 0.7, 1.0]","[8.20979296 7.97815997 7.72468696 7.97815997 7.94638309 7.92221377
 7.48332107 7.44149286 7.52477885 7.64279648 7.10083136 6.92694699]","[0.10487384 0.10235769 0.1006565  0.10157862 0.13489443 0.13377785
 0.1424088  0.14097551 0.13805848 0.13271995 0.13992875 0.14680249]"
6,-8.0,8,0.1,0.1,"[-10.0, 20.0, 0.0]","[0.8, 0.8, 1.0]","[8.20979296 7.97815997 7.72468696 7.97815997 7.94638309 7.92221377
 7.48332107 7.44149286 7.52477885 7.64279648 7.10083136 6.92694699]","[0.10487384 0.10235769 0.1006565  0.10157862 0.13489443 0.13377785
 0.1424088  0.14097551 0.13805848 0.13271995 0.13992875 0.14680249]"
6,-8.0,8,0.1,0.1,"[-10.0, 20.0, 0.0]","[0.9, 0.9, 1.0]","[8.20979296 7.97815997 7.72468696 7.97815997 7.94638309 7.92221377
 7.48332107 7.44149286 7.52477885 7.64279648 7.10083136 6.92694699]","[0.10487384 0.10235769 0.1006565  0.10157862 0.13489443 0.13377785
 0.1424088  0.14097551 0.13805848 0.13271995 0.13992875 0.14680249]"
6,-8.0,8,0.1,0.1,"[-10.0, 20.0, 0.0]","[1.0, 1.0, 1.0]","[8.20979296 7.97815997 7.72468696 7.97815997 7.94638309 7.92221377
 7.48332107 7.44149286 7.52477885 7.64279648 7.10083136 6.92694699]","[0.10487384 0.10235769 0.1006565  0.10157862 0.13489443 0.13377785
 0.1424088  0.14097551 0.13805848 0.13271995 0.13992875 0.14680249]"
6,-8.0,8,0.1,0.1,"[0.0, -20.0, 0.0]","[0.6, 0.6, 1.0]","[8.20979296 7.97815997 7.72468696 7.97815997 7.7785167  7.85812622
 7.31821896 7.14025651 8.00308691 7.92461884 7.53869681 7.58873099]","[0.10053793 0.10100585 0.10132733 0.10036974 0.14488122 0.13297429
 0.13611674 0.14663248 0.12501782 0.12238534 0.12454955 0.12758757]"
6,-8.0,8,0.1,0.1,"[0.0, -20.0, 0.0]","[0.7, 0.7, 1.0]","[8.20979296 7.97815997 7.72468696 7.97815997 7.7785167  7.85812622
 7.31821896 7.14025651 8.00308691 7.92461884 7.53869681 7.58873099]","[0.10053793 0.10100585 0.10132733 0.10036974 0.14488122 0.13297429
 0.13611674 0.14663248 0.12501782 0.12238534 0.12454955 0.12758757]"
6,-8.0,8,0.1,0.1,"[0.0, -20.0, 0.0]","[0.8, 0.8, 1.0]","[8.20979296 7.97815997 7.72468696 7.97815997 7.7785167  7.85812622
 7.31821896 7.14025651 8.00308691 7.92461884 7.53869681 7.58873099]","[0.10053793 0.10100585 0.10132733 0.10036974 0.14488122 0.13297429
 0.13611674 0.14663248 0.12501782 0.12238534 0.12454955 0.12758757]"
6,-8.0,8,0.1,0.1,"[0.0, -20.0, 0.0]","[0.9, 0.9, 1.0]","[8.20979296 7.97815997 7.72468696 7.97815997 7.7785167  7.85812622
 7.31821896 7.14025651 8.00308691 7.92461884 7.53869681 7.58873099]","[0.10053793 0.10100585 0.10132733 0.10036974 0.14488122 0.13297429
 0.13611674 0.14663248 0.12501782 0.12238534 0.12454955 0.12758757]"
6,-8.0,8,0.1,0.1,"[0.0, -20.0, 0.0]","[1.0, 1.0, 1.0]","[8.20979296 7.97815997 7.72468696 7.97815997 7.7785167  7.85812622
 7.31821896 7.14025651 8.00308691 7.92461884 7.53869681 7.58873099]","[0.10053793 0.10100585 0.10132733 0.10036974 0.14488122 0.13297429
 0.13611674 0.14663248 0.12501782 0.12238534 0.12454955 0.12758757]"
6,-8.0,8,0.1,0.1,"[0.0, -10.0, 0.0]","[0.6, 0.6, 1.0]","[8.20979296 7.97815997 7.72468696 7.97815997 7.7785167  7.85812622
 7.31821896 7.14025651 7.89657029 7.88089474 7.43287315 7.39875791]","[0.10053793 0.10100585 0.10132733 0.10036974 0.13726636 0.12949594
 0.13336509 0.14215277 0.13143247 0.1280683  0.13179841 0.13601462]"
6,-8.0,8,0.1,0.1,"[0.0, -10.0, 0.0]","[0.7, 0.7, 1.0]","[8.20979296 7.97815997 7.72468696 7.97815997 7.7785167  7.85812622
 7.31821896 7.14025651 7.89657029 7.88089474 7.43287315 7.39875791]","[0.10053793 0.10100585 0.10132733 0.10036974 0.13726636 0.12949594
 0.13336509 0.14215277 0.13143247 0.1280683  0.13179841 0.13601462]"
6,-8.0,8,0.1,0.1,"[0.0, -10.0, 0.0]","[0.8, 0.8, 1.0]","[8.20979296 7.97815997 7.72468696 7.97815997 7.7785167  7.85812622
 7.31821896 7.14025651 7.89657029 7.88089474 7.43287315 7.39875791]","[0.10053793 0.10100585 0.10132733 0.10036974 0.13726636 0.12949594
 0.13336509 0.14215277 0.13143247 0.1280683  0.13179841 0.13601462]"
6,-8.0,8,0.1,0.1,"[0.0, -10.0, 0.0]","[0.9, 0.9, 1.0]","[8.20979296 7.97815997 7.72468696 7.97815997 7.7785167  7.85812622
 7.31821896 7.14025651 7.89657029 7.88089474 7.43287315 7.39875791]","[0.10053793 0.10100585 0.10132733 0.10036974 0.13726636 0.12949594
 0.13336509 0.14215277 0.13143247 0.1280683  0.13179841 0.13601462]"
6,-8.0,8,0.1,0.1,"[0.0, -10.0, 0.0]","[1.0, 1.0, 1.0]","[8.20979296 7.97815997 7.72468696 7.97815997 7.7785167  7.85812622
 7.31821896 7.14025651 7.89657029 7.88089474 7.43287315 7.39875791]","[0.10053793 0.10100585 0.10132733 0.10036974 0.13726636 0.12949594
 0.13336509 0.14215277 0.13143247 0.1280683  0.13179841 0.13601462]"
6,-8.0,8,0.1,0.1,"[0.0, 0.0, 0.0]","[0.6, 0.6, 1.0]","[8.20979296 7.97815997 7.72468696 7.97815997 7.7785167  7.85812622
 7.31821896 7.14025651 7.75633167 7.8093978  7.2979902  7.18145705]","[0.10053793 0.10100585 0.10132733 0.10036974 0.13330428 0.12855335
 0.13438464 0.14105883 0.13364248 0.12942804 0.13485279 0.1403179 ]"
6,-8.0,8,0.1,0.1,"[0.0, 0.0, 0.0]","[0.7, 0.7, 1.0]","[8.20979296 7.97815997 7.72468696 7.97815997 7.7785167  7.85812622
 7.31821896 7.14025651 7.75633167 7.8093978  7.2979902  7.18145705]","[0.10053793 0.10100585 0.10132733 0.10036974 0.13330428 0.12855335
 0.13438464 0.14105883 0.13364248 0.12942804 0.13485279 0.1403179 ]"
6,-8.0,8,0.1,0.1,"[0.0, 0.0, 0.0]","[0.8, 0.8, 1.0]","[8.20979296 7.97815997 7.72468696 7.97815997 7.7785167  7.85812622
 7.31821896 7.14025651 7.75633167 7.8093978  7.2979902  7.18145705]","[0.10053793 0.10100585 0.10132733 0.10036974 0.13330428 0.12855335
 0.13438464 0.14105883 0.13364248 0.12942804 0.13485279 0.1403179 ]"
6,-8.0,8,0.1,0.1,"[0.0, 0.0, 0.0]","[0.9, 0.9, 1.0]","[8.20979296 7.97815997 7.72468696 7.97815997 7.7785167  7.85812622
 7.31821896 7.14025651 7.75633167 7.8093978  7.2979902  7.18145705]","[0.10053793 0.10100585 0.10132733 0.10036974 0.13330428 0.12855335
 0.13438464 0.14105883 0.13364248 0.12942804 0.13485279 0.1403179 ]"
6,-8.0,8,0.1,0.1,"[0.0, 0.0, 0.0]","[1.0, 1.0, 1.0]","[8.20979296 7.97815997 7.72468696 7.97815997 7.7785167  7.85812622
 7.31821896 7.14025651 7.75633167 7.8093978  7.2979902  7.18145705]","[0.10053793 0.10100585 0.10132733 0.10036974 0.13330428 0.12855335
 0.13438464 0.14105883 0.13364248 0.12942804 0.13485279 0.1403179 ]"
6,-8.0,8,0.1,0.1,"[0.0, 10.0, 0.0]","[0.6, 0.6, 1.0]","[8.20979296 7.97815997 7.72468696 7.97815997 7.7785167  7.85812622
 7.31821896 7.14025651 7.60943382 7.71477571 7.16750417 7.0005145 ]","[0.10053793 0.10100585 0.10132733 0.10036974 0.13437868 0.13103855
 0.13975587 0.14389136 0.1363184  0.13129296 0.13811089 0.14459719]"
6,-8.0,8,0.1,0.1,"[0.0, 10.0, 0.0]","[0.7, 0.7, 1.0]","[8.20979296 7.97815997 7.72468696 7.97815997 7.7785167  7.85812622
 7.31821896 7.14025651 7.60943382 7.71477571 7.16750417 7.0005145 ]","[0.10053793 0.10100585 0.10132733 0.10036974 0.13437868 0.13103855
 0.13975587 0.14389136 0.1363184  0.13129296 0.13811089 0.14459719]"
6,-8.0,8,0.1,0.1,"[0.0, 10.0, 0.0]","[0.8, 0.8, 1.0]","[8.20979296 7.97815997 7.72468696 7.97815997 7.7785167  7.85812622
 7.31821896 7.14025651 7.60943382 7.71477571 7.16750417 7.0005145 ]","[0.10053793 0.10100585 0.10132733 0.10036974 0.13437868 0.13103855
 0.13975587 0.14389136 0.1363184  0.13129296 0.13811089 0.14459719]"
6,-8.0,8,0.1,0.1,"[0.0, 10.0, 0.0]","[0.9, 0.9, 1.0]","[8.20979296 7.97815997 7.72468696 7.97815997 7.7785167  7.85812622
 7.31821896 7.14025651 7.60943382 7.71477571 7.16750417 7.0005145 ]","[0.10053793 0.10100585 0.10132733 0.10036974 0.13437868 0.13103855
 0.13975587 0.14389136 0.1363184  0.13129296 0.13811089 0.14459719]"
6,-8.0,8,0.1,0.1,"[0.0, 10.0, 0.0]","[1.0, 1.0, 1.0]","[8.20979296 7.97815997 7.72468696 7.97815997 7.7785167  7.85812622
 7.31821896 7.14025651 7.60943382 7.71477571 7.16750417 7.0005145 ]","[0.10053793 0.10100585 0.10132733 0.10036974 0.13437868 0.13103855
 0.13975587 0.14389136 0.1363184  0.13129296 0.13811089 0.14459719]"
6,-8.0,8,0.1,0.1,"[0.0, 20.0, 0.0]","[0.6, 0.6, 1.0]","[8.20979296 7.97815997 7.72468696 7.97815997 7.7785167  7.85812622
 7.31821896 7.14025651 7.50300617 7.62162346 7.08494987 6.91543253]","[0.10053793 0.10100585 0.10132733 0.10036974 0.13940053 0.13595257
 0.14798843 0.14965287 0.13855006 0.133227   0.14053969 0.14735296]"
6,-8.0,8,0.1,0.1,"[0.0, 20.0, 0.0]","[0.7, 0.7, 1.0]","[8.20979296 7.97815997 7.72468696 7.97815997 7.7785167  7.85812622
 7.31821896 7.14025651 7.50300617 7.62162346 7.08494987 6.91543253]","[0.10053793 0.10100585 0.10132733 0.10036974 0.13940053 0.13595257
 0.14798843 0.14965287 0.13855006 0.133227   0.14053969 0.14735296]"
6,-8.0,8,0.1,0.1,"[0.0, 20.0, 0.0]","[0.8, 0.8, 1.0]","[8.20979296 7.97815997 7.72468696 7.97815997 7.7785167  7.85812622
 7.31821896 7.14025651 7.50300617 7.62162346 7.08494987 6.91543253]","[0.10053793 0.10100585 0.10132733 0.10036974 0.13940053 0.13595257
 0.14798843 0.14965287 0.13855006 0.133227   0.14053969 0.14735296]"
6,-8.0,8,0.1,0.1,"[0.0, 20.0, 0.0]","[0.9, 0.9, 1.0]","[8.20979296 7.97815997 7.72468696 7.97815997 7.7785167  7.85812622
 7.31821896 7.14025651 7.50300617 7.62162346 7.08494987 6.91543253]","[0.10053793 0.10100585 0.10132733 0.10036974 0.13940053 0.13595257
 0.14798843 0.14965287 0.13855006 0.133227   0.14053969 0.14735296]"
6,-8.0,8,0.1,0.1,"[0.0, 20.0, 0.0]","[1.0, 1.0, 1.0]","[8.20979296 7.97815997 7.72468696 7.97815997 7.7785167  7.85812622
 7.31821896 7.14025651 7.50300617 7.62162346 7.08494987 6.91543253]","[0.10053793 0.10100585 0.10132733 0.10036974 0.13940053 0.13595257
 0.14798843 0.14965287 0.13855006 0.133227   0.14053969 0.14735296]"
6,-8.0,8,0.1,0.1,"[10.0, -20.0, 0.0]","[0.6, 0.6, 1.0]","[8.20979296 7.97815997 7.72468696 7.97815997 7.57788258 7.75401165
 7.13426953 6.85143192 7.9781428  7.91096314 7.51206451 7.54846662]","[0.10154971 0.10374283 0.10665649 0.1026532  0.14813113 0.13433435
 0.13919303 0.15181215 0.12530907 0.12265014 0.12513216 0.12823831]"
6,-8.0,8,0.1,0.1,"[10.0, -20.0, 0.0]","[0.7, 0.7, 1.0]","[8.20979296 7.97815997 7.72468696 7.97815997 7.57788258 7.75401165
 7.13426953 6.85143192 7.9781428  7.91096314 7.51206451 7.54846662]","[0.10154971 0.10374283 0.10665649 0.1026532  0.14813113 0.13433435
 0.13919303 0.15181215 0.12530907 0.12265014 0.12513216 0.12823831]"
6,-8.0,8,0.1,0.1,"[10.0, -20.0, 0.0]","[0.8, 0.8, 1.0]","[8.20979296 7.97815997 7.72468696 7.97815997 7.57788258 7.75401165
 7.13426953 6.85143192 7.9781428  7.91096314 7.51206451 7.54846662]","[0.10154971 0.10374283 0.10665649 0.1026532  0.14813113 0.13433435
 0.13919303 0.15181215 0.12530907 0.12265014 0.12513216 0.12823831]"
6,-8.0,8,0.1,0.1,"[10.0, -20.0, 0.0]","[0.9, 0.9, 1.0]","[8.20979296 7.97815997 7.72468696 7.97815997 7.57788258 7.75401165
 7.13426953 6.85143192 7.9781428  7.91096314 7.51206451 7.54846662]","[0.10154971 0.10374283 0.10665649 0.1026532  0.14813113 0.13433435
 0.13919303 0.15181215 0.12530907 0.12265014 0.12513216 0.12823831]"
6,-8.0,8,0.1,0.1,"[10.0, -20.0, 0.0]","[1.0, 1.0, 1.0]","[8.20979296 7.97815997 7.72468696 7.97815997 7.57788258 7.75401165
 7.13426953 6.85143192 7.9781428  7.91096314 7.51206451 7.54846662]","[0.10154971 0.10374283 0.10665649 0.1026532  0.14813113 0.13433435
 0.13919303 0.15181215 0.12530907 0.12265014 0.12513216 0.12823831]"
6,-8.0,8,0.1,0.1,"[10.0, -10.0, 0.0]","[0.6, 0.6, 1.0]","[8.20979296 7.97815997 7.72468696 7.97815997 7.57788258 7.75401165
 7.13426953 6.85143192 7.8689925  7.86673734 7.40473481 7.35450179]","[0.10154971 0.10374283 0.10665649 0.1026532  0.14040857 0.13106193
 0.13686889 0.14766872 0.1318279  0.1283654  0.13247871 0.13686518]"
6,-8.0,8,0.1,0.1,"[10.0, -10.0, 0.0]","[0.7, 0.7, 1.0]","[8.20979296 7.97815997 7.72468696 7.97815997 7.57788258 7.75401165
 7.13426953 6.85143192 7.8689925  7.86673734 7.40473481 7.35450179]","[0.10154971 0.10374283 0.10665649 0.1026532  0.14040857 0.13106193
 0.13686889 0.14766872 0.1318279  0.1283654  0.13247871 0.13686518]"
6,-8.0,8,0.1,0.1,"[10.0, -10.0, 0.0]","[0.8, 0.8, 1.0]","[8.20979296 7.97815997 7.72468696 7.97815997 7.57788258 7.75401165
 7.13426953 6.85143192 7.8689925  7.86673734 7.40473481 7.35450179]","[0.10154971 0.10374283 0.10665649 0.1026532  0.14040857 0.13106193
 0.13686889 0.14766872 0.1318279  0.1283654  0.13247871 0.13686518]"
6,-8.0,8,0.1,0.1,"[10.0, -10.0, 0.0]","[0.9, 0.9, 1.0]","[8.20979296 7.97815997 7.72468696 7.97815997 7.57788258 7.75401165
 7.13426953 6.85143192 7.8689925  7.86673734 7.40473481 7.35450179]","[0.10154971 0.10374283 0.10665649 0.1026532  0.14040857 0.13106193
 0.13686889 0.14766872 0.1318279  0.1283654  0.13247871 0.13686518]"
6,-8.0,8,0.1,0.1,"[10.0, -10.0, 0.0]","[1.0, 1.0, 1.0]","[8.20979296 7.97815997 7.72468696 7.97815997 7.57788258 7.75401165
 7.13426953 6.85143192 7.8689925  7.86673734 7.40473481 7.35450179]","[0.10154971 0.10374283 0.10665649 0.1026532  0.14040857 0.13106193
 0.13686889 0.14766872 0.1318279  0.1283654  0.13247871 0.13686518]"
6,-8.0,8,0.1,0.1,"[10.0, 0.0, 0.0]","[0.6, 0.6, 1.0]","[8.20979296 7.97815997 7.72468696 7.97815997 7.57788258 7.75401165
 7.13426953 6.85143192 7.72504656 7.79139816 7.26825373 7.13785573]","[0.10154971 0.10374283 0.10665649 0.1026532  0.13696768 0.13052606
 0.13872055 0.1476552  0.13417726 0.12981846 0.1356369  0.14130355]"
6,-8.0,8,0.1,0.1,"[10.0, 0.0, 0.0]","[0.7, 0.7, 1.0]","[8.20979296 7.97815997 7.72468696 7.97815997 7.57788258 7.75401165
 7.13426953 6.85143192 7.72504656 7.79139816 7.26825373 7.13785573]","[0.10154971 0.10374283 0.10665649 0.1026532  0.13696768 0.13052606
 0.13872055 0.1476552  0.13417726 0.12981846 0.1356369  0.14130355]"
6,-8.0,8,0.1,0.1,"[10.0, 0.0, 0.0]","[0.8, 0.8, 1.0]","[8.20979296 7.97815997 7.72468696 7.97815997 7.57788258 7.75401165
 7.13426953 6.85143192 7.72504656 7.79139816 7.26825373 7.13785573]","[0.10154971 0.10374283 0.10665649 0.1026532  0.13696768 0.13052606
 0.13872055 0.1476552  0.13417726 0.12981846 0.1356369  0.14130355]"
6,-8.0,8,0.1,0.1,"[10.0, 0.0, 0.0]","[0.9, 0.9, 1.0]","[8.20979296 7.97815997 7.72468696 7.97815997 7.57788258 7.75401165
 7.13426953 6.85143192 7.72504656 7.79139816 7.26825373 7.13785573]","[0.10154971 0.10374283 0.10665649 0.1026532  0.13696768 0.13052606
 0.13872055 0.1476552  0.13417726 0.12981846 0.1356369  0.14130355]"
6,-8.0,8,0.1,0.1,"[10.0, 0.0, 0.0]","[1.0, 1.0, 1.0]","[8.20979296 7.97815997 7.72468696 7.97815997 7.57788258 7.75401165
 7.13426953 6.85143192 7.72504656 7.79139816 7.26825373 7.13785573]","[0.10154971 0.10374283 0.10665649 0.1026532  0.13696768 0.13052606
 0.13872055 0.1476552  0.13417726 0.12981846 0.1356369  0.14130355]"
6,-8.0,8,0.1,0.1,"[10.0, 10.0, 0.0]","[0.6, 0.6, 1.0]","[8.20979296 7.97815997 7.72468696 7.97815997 7.57788258 7.75401165
 7.13426953 6.85143192 7.57951937 7.69277875 7.14175053 6.97043065]","[0.10154971 0.10374283 0.10665649 0.1026532  0.13907008 0.13356751
 0.14524594 0.15212388 0.13691722 0.13179093 0.13888858 0.14546232]"
6,-8.0,8,0.1,0.1,"[10.0, 10.0, 0.0]","[0.7, 0.7, 1.0]","[8.20979296 7.97815997 7.72468696 7.97815997 7.57788258 7.75401165
 7.13426953 6.85143192 7.57951937 7.69277875 7.14175053 6.97043065]","[0.10154971 0.10374283 0.10665649 0.1026532  0.13907008 0.13356751
 0.14524594 0.15212388 0.13691722 0.13179093 0.13888858 0.14546232]"
6,-8.0,8,0.1,0.1,"[10.0, 10.0, 0.0]","[0.8, 0.8, 1.0]","[8.20979296 7.97815997 7.72468696 7.97815997 7.57788258 7.75401165
 7.13426953 6.85143192 7.57951937 7.69277875 7.14175053 6.97043065]","[0.10154971 0.10374283 0.10665649 0.1026532  0.13907008 0.13356751
 0.14524594 0.15212388 0.13691722 0.13179093 0.13888858 0.14546232]"
6,-8.0,8,0.1,0.1,"[10.0, 10.0, 0.0]","[0.9, 0.9, 1.0]","[8.20979296 7.97815997 7.72468696 7.97815997 7.57788258 7.75401165
 7.13426953 6.85143192 7.57951937 7.69277875 7.14175053 6.97043065]","[0.10154971 0.10374283 0.10665649 0.1026532  0.13907008 0.13356751
 0.14524594 0.15212388 0.13691722 0.13179093 0.13888858 0.14546232]"
6,-8.0,8,0.1,0.1,"[10.0, 10.0, 0.0]","[1.0, 1.0, 1.0]","[8.20979296 7.97815997 7.72468696 7.97815997 7.57788258 7.75401165
 7.13426953 6.85143192 7.57951937 7.69277875 7.14175053 6.97043065]","[0.10154971 0.10374283 0.10665649 0.1026532  0.13907008 0.13356751
 0.14524594 0.15212388 0.13691722 0.13179093 0.13888858 0.14546232]"
6,-8.0,8,0.1,0.1,"[10.0, 20.0, 0.0]","[0.6, 0.6, 1.0]","[8.20979296 7.97815997 7.72468696 7.97815997 7.57788258 7.75401165
 7.13426953 6.85143192 7.48213503 7.59926652 7.06898632 6.90753054]","[0.10154971 0.10374283 0.10665649 0.1026532  0.14529734 0.13906479
 0.15469681 0.15965459 0.13905405 0.13377325 0.14116697 0.1478545 ]"
6,-8.0,8,0.1,0.1,"[10.0, 20.0, 0.0]","[0.7, 0.7, 1.0]","[8.20979296 7.97815997 7.72468696 7.97815997 7.57788258 7.75401165
 7.13426953 6.85143192 7.48213503 7.59926652 7.06898632 6.90753054]","[0.10154971 0.10374283 0.10665649 0.1026532  0.14529734 0.13906479
 0.15469681 0.15965459 0.13905405 0.13377325 0.14116697 0.1478545 ]"
6,-8.0,8,0.1,0.1,"[10.0, 20.0, 0.0]","[0.8, 0.8, 1.0]","[8.20979296 7.97815997 7.72468696 7.97815997 7.57788258 7.75401165
 7.13426953 6.85143192 7.48213503 7.59926652 7.06898632 6.90753054]","[0.10154971 0.10374283 0.10665649 0.1026532  0.14529734 0.13906479
 0.15469681 0.15965459 0.13905405 0.13377325 0.14116697 0.1478545 ]"
6,-8.0,8,0.1,0.1,"[10.0, 20.0, 0.0]","[0.9, 0.9, 1.0]","[8.20979296 7.97815997 7.72468696 7.97815997 7.57788258 7.75401165
 7.13426953 6.85143192 7.48213503 7.59926652 7.06898632 6.90753054]","[0.10154971 0.10374283 0.10665649 0.1026532  0.14529734 0.13906479
 0.15469681 0.15965459 0.13905405 0.13377325 0.14116697 0.1478545 ]"
6,-8.0,8,0.1,0.1,"[10.0, 20.0, 0.0]","[1.0, 1.0, 1.0]","[8.20979296 7.97815997 7.72468696 7.97815997 7.57788258 7.75401165
 7.13426953 6.85143192 7.48213503 7.59926652 7.06898632 6.90753054]","[0.10154971 0.10374283 0.10665649 0.1026532  0.14529734 0.13906479
 0.15469681 0.15965459 0.13905405 0.13377325 0.14116697 0.1478545 ]"
6,-8.0,8,0.1,0.1,"[20.0, -20.0, 0.0]","[0.6, 0.6, 1.0]","[8.20979296 7.97815997 7.72468696 7.97815997 7.40986846 7.63086969
 6.99766725 6.68184263 7.94547756 7.88913004 7.47955758 7.50437216]","[0.10681204 0.10935979 0.11489387 0.10751197 0.15105167 0.13620032
 0.14151884 0.15490327 0.13080535 0.12798908 0.13086026 0.13419622]"
6,-8.0,8,0.1,0.1,"[20.0, -20.0, 0.0]","[0.7, 0.7, 1.0]","[8.20979296 7.97815997 7.72468696 7.97815997 7.40986846 7.63086969
 6.99766725 6.68184263 7.94547756 7.88913004 7.47955758 7.50437216]","[0.10681204 0.10935979 0.11489387 0.10751197 0.15105167 0.13620032
 0.14151884 0.15490327 0.13080535 0.12798908 0.13086026 0.13419622]"
6,-8.0,8,0.1,0.1,"[20.0, -20.0, 0.0]","[0.8, 0.8, 1.0]","[8.20979296 7.97815997 7.72468696 7.97815997 7.40986846 7.63086969
 6.99766725 6.68184263 7.94547756 7.88913004 7.47955758 7.50437216]","[0.10681204 0.10935979 0.11489387 0.10751197 0.15105167 0.13620032
 0.14151884 0.15490327 0.13080535 0.12798908 0.13086026 0.13419622]"
6,-8.0,8,0.1,0.1,"[20.0, -20.0, 0.0]","[0.9, 0.9, 1.0]","[8.20979296 7.97815997 7.72468696 7.97815997 7.40986846 7.63086969
 6.99766725 6.68184263 7.94547756 7.88913004 7.47955758 7.50437216]","[0.10681204 0.10935979 0.11489387 0.10751197 0.15105167 0.13620032
 0.14151884 0.15490327 0.13080535 0.12798908 0.13086026 0.13419622]"
6,-8.0,8,0.1,0.1,"[20.0, -20.0, 0.0]","[1.0, 1.0, 1.0]","[8.20979296 7.97815997 7.72468696 7.97815997 7.40986846 7.63086969
 6.99766725 6.68184263 7.94547756 7.88913004 7.47955758 7.50437216]","[0.10681204 0.10935979 0.11489387 0.10751197 0.15105167 0.13620032
 0.14151884 0.15490327 0.13080535 0.12798908 0.13086026 0.13419622]"
6,-8.0,8,0.1,0.1,"[20.0, -10.0, 0.0]","[0.6, 0.6, 1.0]","[8.20979296 7.97815997 7.72468696 7.97815997 7.40986846 7.63086969
 6.99766725 6.68184263 7.83677725 7.84705809 7.37318704 7.30926391]","[0.10681204 0.10935979 0.11489387 0.10751197 0.14329304 0.13309001
 0.13966169 0.15131548 0.13232668 0.12875393 0.13321758 0.1377607 ]"
6,-8.0,8,0.1,0.1,"[20.0, -10.0, 0.0]","[0.7, 0.7, 1.0]","[8.20979296 7.97815997 7.72468696 7.97815997 7.40986846 7.63086969
 6.99766725 6.68184263 7.83677725 7.84705809 7.37318704 7.30926391]","[0.10681204 0.10935979 0.11489387 0.10751197 0.14329304 0.13309001
 0.13966169 0.15131548 0.13232668 0.12875393 0.13321758 0.1377607 ]"
6,-8.0,8,0.1,0.1,"[20.0, -10.0, 0.0]","[0.8, 0.8, 1.0]","[8.20979296 7.97815997 7.72468696 7.97815997 7.40986846 7.63086969
 6.99766725 6.68184263 7.83677725 7.84705809 7.37318704 7.30926391]","[0.10681204 0.10935979 0.11489387 0.10751197 0.14329304 0.13309001
 0.13966169 0.15131548 0.13232668 0.12875393 0.13321758 0.1377607 ]"
6,-8.0,8,0.1,0.1,"[20.0, -10.0, 0.0]","[0.9, 0.9, 1.0]","[8.20979296 7.97815997 7.72468696 7.97815997 7.40986846 7.63086969
 6.99766725 6.68184263 7.83677725 7.84705809 7.37318704 7.30926391]","[0.10681204 0.10935979 0.11489387 0.10751197 0.14329304 0.13309001
 0.13966169 0.15131548 0.13232668 0.12875393 0.13321758 0.1377607 ]"
6,-8.0,8,0.1,0.1,"[20.0, -10.0, 0.0]","[1.0, 1.0, 1.0]","[8.20979296 7.97815997 7.72468696 7.97815997 7.40986846 7.63086969
 6.99766725 6.68184263 7.83677725 7.84705809 7.37318704 7.30926391]","[0.10681204 0.10935979 0.11489387 0.10751197 0.14329304 0.13309001
 0.13966169 0.15131548 0.13232668 0.12875393 0.13321758 0.1377607 ]"
6,-8.0,8,0.1,0.1,"[20.0, 0.0, 0.0]","[0.6, 0.6, 1.0]","[8.20979296 7.97815997 7.72468696 7.97815997 7.40986846 7.63086969
 6.99766725 6.68184263 7.69234134 7.77052552 7.23774818 7.0966323 ]","[0.10681204 0.10935979 0.11489387 0.10751197 0.14041066 0.13293754
 0.14231867 0.15244944 0.13475698 0.13025641 0.13642864 0.14226138]"
6,-8.0,8,0.1,0.1,"[20.0, 0.0, 0.0]","[0.7, 0.7, 1.0]","[8.20979296 7.97815997 7.72468696 7.97815997 7.40986846 7.63086969
 6.99766725 6.68184263 7.69234134 7.77052552 7.23774818 7.0966323 ]","[0.10681204 0.10935979 0.11489387 0.10751197 0.14041066 0.13293754
 0.14231867 0.15244944 0.13475698 0.13025641 0.13642864 0.14226138]"
6,-8.0,8,0.1,0.1,"[20.0, 0.0, 0.0]","[0.8, 0.8, 1.0]","[8.20979296 7.97815997 7.72468696 7.97815997 7.40986846 7.63086969
 6.99766725 6.68184263 7.69234134 7.77052552 7.23774818 7.0966323 ]","[0.10681204 0.10935979 0.11489387 0.10751197 0.14041066 0.13293754
 0.14231867 0.15244944 0.13475698 0.13025641 0.13642864 0.14226138]"
6,-8.0,8,0.1,0.1,"[20.0, 0.0, 0.0]","[0.9, 0.9, 1.0]","[8.20979296 7.97815997 7.72468696 7.97815997 7.40986846 7.63086969
 6.99766725 6.68184263 7.69234134 7.77052552 7.23774818 7.0966323 ]","[0.10681204 0.10935979 0.11489387 0.10751197 0.14041066 0.13293754
 0.14231867 0.15244944 0.13475698 0.13025641 0.13642864 0.14226138]"
6,-8.0,8,0.1,0.1,"[20.0, 0.0, 0.0]","[1.0, 1.0, 1.0]","[8.20979296 7.97815997 7.72468696 7.97815997 7.40986846 7.63086969
 6.99766725 6.68184263 7.69234134 7.77052552 7.23774818 7.0966323 ]","[0.10681204 0.10935979 0.11489387 0.10751197 0.14041066 0.13293754
 0.14231867 0.15244944 0.13475698 0.13025641 0.13642864 0.14226138]"
6,-8.0,8,0.1,0.1,"[20.0, 10.0, 0.0]","[0.6, 0.6, 1.0]","[8.20979296 7.97815997 7.72468696 7.97815997 7.40986846 7.63086969
 6.99766725 6.68184263 7.55070333 7.66994907 7.11672524 6.9442775 ]","[0.10681204 0.10935979 0.11489387 0.10751197 0.14355214 0.1365462
 0.14989466 0.15843974 0.13750869 0.13230114 0.13963853 0.14624841]"
6,-8.0,8,0.1,0.1,"[20.0, 10.0, 0.0]","[0.7, 0.7, 1.0]","[8.20979296 7.97815997 7.72468696 7.97815997 7.40986846 7.63086969
 6.99766725 6.68184263 7.55070333 7.66994907 7.11672524 6.9442775 ]","[0.10681204 0.10935979 0.11489387 0.10751197 0.14355214 0.1365462
 0.14989466 0.15843974 0.13750869 0.13230114 0.13963853 0.14624841]"
6,-8.0,8,0.1,0.1,"[20.0, 10.0, 0.0]","[0.8, 0.8, 1.0]","[8.20979296 7.97815997 7.72468696 7.97815997 7.40986846 7.63086969
 6.99766725 6.68184263 7.55070333 7.66994907 7.11672524 6.9442775 ]","[0.10681204 0.10935979 0.11489387 0.10751197 0.14355214 0.1365462
 0.14989466 0.15843974 0.13750869 0.13230114 0.13963853 0.14624841]"
6,-8.0,8,0.1,0.1,"[20.0, 10.0, 0.0]","[0.9, 0.9, 1.0]","[8.20979296 7.97815997 7.72468696 7.97815997 7.40986846 7.63086969
 6.99766725 6.68184263 7.55070333 7.66994907 7.11672524 6.9442775 ]","[0.10681204 0.10935979 0.11489387 0.10751197 0.14355214 0.1365462
 0.14989466 0.15843974 0.13750869 0.13230114 0.13963853 0.14624841]"
6,-8.0,8,0.1,0.1,"[20.0, 10.0, 0.0]","[1.0, 1.0, 1.0]","[8.20979296 7.97815997 7.72468696 7.97815997 7.40986846 7.63086969
 6.99766725 6.68184263 7.55070333 7.66994907 7.11672524 6.9442775 ]","[0.10681204 0.10935979 0.11489387 0.10751197 0.14355214 0.1365462
 0.14989466 0.15843974 0.13750869 0.13230114 0.13963853 0.14624841]"
6,-8.0,8,0.1,0.1,"[20.0, 20.0, 0.0]","[0.6, 0.6, 1.0]","[8.20979296 7.97815997 7.72468696 7.97815997 7.40986846 7.63086969
 6.99766725 6.68184263 7.46308891 7.57743142 7.05327834 6.90131355]","[0.10681204 0.10935979 0.11489387 0.10751197 0.15096202 0.14266203
 0.16040518 0.167478   0.13952776 0.13430553 0.14177008 0.14830537]"
6,-8.0,8,0.1,0.1,"[20.0, 20.0, 0.0]","[0.7, 0.7, 1.0]","[8.20979296 7.97815997 7.72468696 7.97815997 7.40986846 7.63086969
 6.99766725 6.68184263 7.46308891 7.57743142 7.05327834 6.90131355]","[0.10681204 0.10935979 0.11489387 0.10751197 0.15096202 0.14266203
 0.16040518 0.167478   0.13952776 0.13430553 0.14177008 0.14830537]"
6,-8.0,8,0.1,0.1,"[20.0, 20.0, 0.0]","[0.8, 0.8, 1.0]","[8.20979296 7.97815997 7.72468696 7.97815997 7.40986846 7.63086969
 6.99766725 6.68184263 7.46308891 7.57743142 7.05327834 6.90131355]","[0.10681204 0.10935979 0.11489387 0.10751197 0.15096202 0.14266203
 0.16040518 0.167478   0.13952776 0.13430553 0.14177008 0.14830537]"
6,-8.0,8,0.1,0.1,"[20.0, 20.0, 0.0]","[0.9, 0.9, 1.0]","[8.20979296 7.97815997 7.72468696 7.97815997 7.40986846 7.63086969
 6.99766725 6.68184263 7.46308891 7.57743142 7.05327834 6.90131355]","[0.10681204 0.10935979 0.11489387 0.10751197 0.15096202 0.14266203
 0.16040518 0.167478   0.13952776 0.13430553 0.14177008 0.14830537]"
6,-8.0,8,0.1,0.1,"[20.0, 20.0, 0.0]","[1.0, 1.0, 1.0]","[8.20979296 7.97815997 7.72468696 7.97815997 7.40986846 7.63086969
 6.99766725 6.68184263 7.46308891 7.57743142 7.05327834 6.90131355]","[0.10681204 0.10935979 0.11489387 0.10751197 0.15096202 0.14266203
 0.16040518 0.167478   0.13952776 0.13430553 0.14177008 0.14830537]"
6,-8.0,8,0.1,0.1,"[30.0, -20.0, 0.0]","[0.6, 0.6, 1.0]","[8.20979296 7.97815997 7.72468696 7.97815997 7.33149191 7.53384255
 6.94715436 6.66567593 7.91788886 7.86790079 7.45540262 7.47261078]","[0.11317814 0.11526931 0.12291848 0.11280072 0.15220731 0.13776467
 0.14221021 0.15477661 0.13121558 0.12837958 0.13139036 0.13477231]"
6,-8.0,8,0.1,0.1,"[30.0, -20.0, 0.0]","[0.7, 0.7, 1.0]","[8.20979296 7.97815997 7.72468696 7.97815997 7.33149191 7.53384255
 6.94715436 6.66567593 7.91788886 7.86790079 7.45540262 7.47261078]","[0.11317814 0.11526931 0.12291848 0.11280072 0.15220731 0.13776467
 0.14221021 0.15477661 0.13121558 0.12837958 0.13139036 0.13477231]"
6,-8.0,8,0.1,0.1,"[30.0, -20.0, 0.0]","[0.8, 0.8, 1.0]","[8.20979296 7.97815997 7.72468696 7.97815997 7.33149191 7.53384255
 6.94715436 6.66567593 7.91788886 7.86790079 7.45540262 7.47261078]","[0.11317814 0.11526931 0.12291848 0.11280072 0.15220731 0.13776467
 0.14221021 0.15477661 0.13121558 0.12837958 0.13139036 0.13477231]"
6,-8.0,8,0.1,0.1,"[30.0, -20.0, 0.0]","[0.9, 0.9, 1.0]","[8.20979296 7.97815997 7.72468696 7.97815997 7.33149191 7.53384255
 6.94715436 6.66567593 7.91788886 7.86790079 7.45540262 7.47261078]","[0.11317814 0.11526931 0.12291848 0.11280072 0.15220731 0.13776467
 0.14221021 0.15477661 0.13121558 0.12837958 0.13139036 0.13477231]"
6,-8.0,8,0.1,0.1,"[30.0, -20.0, 0.0]","[1.0, 1.0, 1.0]","[8.20979296 7.97815997 7.72468696 7.97815997 7.33149191 7.53384255
 6.94715436 6.66567593 7.91788886 7.86790079 7.45540262 7.47261078]","[0.11317814 0.11526931 0.12291848 0.11280072 0.15220731 0.13776467
 0.14221021 0.15477661 0.13121558 0.12837958 0.13139036 0.13477231]"
6,-8.0,8,0.1,0.1,"[30.0, -10.0, 0.0]","[0.6, 0.6, 1.0]","[8.20979296 7.97815997 7.72468696 7.97815997 7.33149191 7.53384255
 6.94715436 6.66567593 7.80979562 7.82788736 7.34908364 7.27628104]","[0.11317814 0.11526931 0.12291848 0.11280072 0.14460696 0.13478426
 0.14077254 0.15182236 0.13275892 0.12912535 0.13379148 0.13843501]"
6,-8.0,8,0.1,0.1,"[30.0, -10.0, 0.0]","[0.7, 0.7, 1.0]","[8.20979296 7.97815997 7.72468696 7.97815997 7.33149191 7.53384255
 6.94715436 6.66567593 7.80979562 7.82788736 7.34908364 7.27628104]","[0.11317814 0.11526931 0.12291848 0.11280072 0.14460696 0.13478426
 0.14077254 0.15182236 0.13275892 0.12912535 0.13379148 0.13843501]"
6,-8.0,8,0.1,0.1,"[30.0, -10.0, 0.0]","[0.8, 0.8, 1.0]","[8.20979296 7.97815997 7.72468696 7.97815997 7.33149191 7.53384255
 6.94715436 6.66567593 7.80979562 7.82788736 7.34908364 7.27628104]","[0.11317814 0.11526931 0.12291848 0.11280072 0.14460696 0.13478426
 0.14077254 0.15182236 0.13275892 0.12912535 0.13379148 0.13843501]"
6,-8.0,8,0.1,0.1,"[30.0, -10.0, 0.0]","[0.9, 0.9, 1.0]","[8.20979296 7.97815997 7.72468696 7.97815997 7.33149191 7.53384255
 6.94715436 6.66567593 7.80979562 7.82788736 7.34908364 7.27628104]","[0.11317814 0.11526931 0.12291848 0.11280072 0.14460696 0.13478426
 0.14077254 0.15182236 0.13275892 0.12912535 0.13379148 0.13843501]"
6,-8.0,8,0.1,0.1,"[30.0, -10.0, 0.0]","[1.0, 1.0, 1.0]","[8.20979296 7.97815997 7.72468696 7.97815997 7.33149191 7.53384255
 6.94715436 6.66567593 7.80979562 7.82788736 7.34908364 7.27628104]","[0.11317814 0.11526931 0.12291848 0.11280072 0.14460696 0.13478426
 0.14077254 0.15182236 0.13275892 0.12912535 0.13379148 0.13843501]"
6,-8.0,8,0.1,0.1,"[30.0, 0.0, 0.0]","[0.6, 0.6, 1.0]","[8.20979296 7.97815997 7.72468696 7.97815997 7.33149191 7.53384255
 6.94715436 6.66567593 7.66606925 7.75152564 7.21472431 7.06752862]","[0.11317814 0.11526931 0.12291848 0.11280072 0.14224101 0.1349447
 0.14400123 0.15382028 0.13523428 0.13064964 0.13703768 0.14296615]"
6,-8.0,8,0.1,0.1,"[30.0, 0.0, 0.0]","[0.7, 0.7, 1.0]","[8.20979296 7.97815997 7.72468696 7.97815997 7.33149191 7.53384255
 6.94715436 6.66567593 7.66606925 7.75152564 7.21472431 7.06752862]","[0.11317814 0.11526931 0.12291848 0.11280072 0.14224101 0.1349447
 0.14400123 0.15382028 0.13523428 0.13064964 0.13703768 0.14296615]"
6,-8.0,8,0.1,0.1,"[30.0, 0.0, 0.0]","[0.8, 0.8, 1.0]","[8.20979296 7.97815997 7.72468696 7.97815997 7.33149191 7.53384255
 6.94715436 6.66567593 7.66606925 7.75152564 7.21472431 7.06752862]","[0.11317814 0.11526931 0.12291848 0.11280072 0.14224101 0.1349447
 0.14400123 0.15382028 0.13523428 0.13064964 0.13703768 0.14296615]"
6,-8.0,8,0.1,0.1,"[30.0, 0.0, 0.0]","[0.9, 0.9, 1.0]","[8.20979296 7.97815997 7.72468696 7.97815997 7.33149191 7.53384255
 6.94715436 6.66567593 7.66606925 7.75152564 7.21472431 7.06752862]","[0.11317814 0.11526931 0.12291848 0.11280072 0.14224101 0.1349447
 0.14400123 0.15382028 0.13523428 0.13064964 0.13703768 0.14296615]"
6,-8.0,8,0.1,0.1,"[30.0, 0.0, 0.0]","[1.0, 1.0, 1.0]","[8.20979296 7.97815997 7.72468696 7.97815997 7.33149191 7.53384255
 6.94715436 6.66567593 7.66606925 7.75152564 7.21472431 7.06752862]","[0.11317814 0.11526931 0.12291848 0.11280072 0.14224101 0.1349447
 0.14400123 0.15382028 0.13523428 0.13064964 0.13703768 0.14296615]"
6,-8.0,8,0.1,0.1,"[30.0, 10.0, 0.0]","[0.6, 0.6, 1.0]","[8.20979296 7.97815997 7.72468696 7.97815997 7.33149191 7.53384255
 6.94715436 6.66567593 7.52846729 7.65049699 7.09807687 6.92661573]","[0.11317814 0.11526931 0.12291848 0.11280072 0.14615039 0.13901801
 0.15221823 0.16071949 0.1379759  0.13273379 0.14021093 0.14681766]"
6,-8.0,8,0.1,0.1,"[30.0, 10.0, 0.0]","[0.7, 0.7, 1.0]","[8.20979296 7.97815997 7.72468696 7.97815997 7.33149191 7.53384255
 6.94715436 6.66567593 7.52846729 7.65049699 7.09807687 6.92661573]","[0.11317814 0.11526931 0.12291848 0.11280072 0.14615039 0.13901801
 0.15221823 0.16071949 0.1379759  0.13273379 0.14021093 0.14681766]"
6,-8.0,8,0.1,0.1,"[30.0, 10.0, 0.0]","[0.8, 0.8, 1.0]","[8.20979296 7.97815997 7.72468696 7.97815997 7.33149191 7.53384255
 6.94715436 6.66567593 7.52846729 7.65049699 7.09807687 6.92661573]","[0.11317814 0.11526931 0.12291848 0.11280072 0.14615039 0.13901801
 0.15221823 0.16071949 0.1379759  0.13273379 0.14021093 0.14681766]"
6,-8.0,8,0.1,0.1,"[30.0, 10.0, 0.0]","[0.9, 0.9, 1.0]","[8.20979296 7.97815997 7.72468696 7.97815997 7.33149191 7.53384255
 6.94715436 6.66567593 7.52846729 7.65049699 7.09807687 6.92661573]","[0.11317814 0.11526931 0.12291848 0.11280072 0.14615039 0.13901801
 0.15221823 0.16071949 0.1379759  0.13273379 0.14021093 0.14681766]"
6,-8.0,8,0.1,0.1,"[30.0, 10.0, 0.0]","[1.0, 1.0, 1.0]","[8.20979296 7.97815997 7.72468696 7.97815997 7.33149191 7.53384255
 6.94715436 6.66567593 7.52846729 7.65049699 7.09807687 6.92661573]","[0.11317814 0.11526931 0.12291848 0.11280072 0.14615039 0.13901801
 0.15221823 0.16071949 0.1379759  0.13273379 0.14021093 0.14681766]"
6,-8.0,8,0.1,0.1,"[30.0, 20.0, 0.0]","[0.6, 0.6, 1.0]","[8.20979296 7.97815997 7.72468696 7.97815997 7.33149191 7.53384255
 6.94715436 6.66567593 7.44844474 7.55958317 7.04113876 6.89671779]","[0.11317814 0.11526931 0.12291848 0.11280072 0.15434956 0.14564137
 0.16330588 0.17050169 0.13990187 0.1347409  0.14224228 0.14866035]"
6,-8.0,8,0.1,0.1,"[30.0, 20.0, 0.0]","[0.7, 0.7, 1.0]","[8.20979296 7.97815997 7.72468696 7.97815997 7.33149191 7.53384255
 6.94715436 6.66567593 7.44844474 7.55958317 7.04113876 6.89671779]","[0.11317814 0.11526931 0.12291848 0.11280072 0.15434956 0.14564137
 0.16330588 0.17050169 0.13990187 0.1347409  0.14224228 0.14866035]"
6,-8.0,8,0.1,0.1,"[30.0, 20.0, 0.0]","[0.8, 0.8, 1.0]","[8.20979296 7.97815997 7.72468696 7.97815997 7.33149191 7.53384255
 6.94715436 6.66567593 7.44844474 7.55958317 7.04113876 6.89671779]","[0.11317814 0.11526931 0.12291848 0.11280072 0.15434956 0.14564137
 0.16330588 0.17050169 0.13990187 0.1347409  0.14224228 0.14866035]"
6,-8.0,8,0.1,0.1,"[30.0, 20.0, 0.0]","[0.9, 0.9, 1.0]","[8.20979296 7.97815997 7.72468696 7.97815997 7.33149191 7.53384255
 6.94715436 6.66567593 7.44844474 7.55958317 7.04113876 6.89671779]","[0.11317814 0.11526931 0.12291848 0.11280072 0.15434956 0.14564137
 0.16330588 0.17050169 0.13990187 0.1347409  0.14224228 0.14866035]"
6,-8.0,8,0.1,0.1,"[30.0, 20.0, 0.0]","[1.0, 1.0, 1.0]","[8.20979296 7.97815997 7.72468696 7.97815997 7.33149191 7.53384255
 6.94715436 6.66567593 7.44844474 7.55958317 7.04113876 6.89671779]","[0.11317814 0.11526931 0.12291848 0.11280072 0.15434956 0.14564137
 0.16330588 0.17050169 0.13990187 0.1347409  0.14224228 0.14866035]"
6,-4.0,8,0.1,0.1,"[-30.0, -20.0, 0.0]","[0.6, 0.6, 1.0]","[8.20979296 7.97815997 7.72468696 7.97815997 7.82290713 7.86886333
 7.36576048 7.25665699 7.73082655 7.76410988 7.25386257 7.18767843]","[0.1209598  0.11156241 0.10869167 0.11054631 0.15861651 0.13645928
 0.14130963 0.16190986 0.14026466 0.13034892 0.13517909 0.14647973]"
6,-4.0,8,0.1,0.1,"[-30.0, -20.0, 0.0]","[0.7, 0.7, 1.0]","[8.20979296 7.97815997 7.72468696 7.97815997 7.82290713 7.86886333
 7.36576048 7.25665699 7.73082655 7.76410988 7.25386257 7.18767843]","[0.1209598  0.11156241 0.10869167 0.11054631 0.15861651 0.13645928
 0.14130963 0.16190986 0.14026466 0.13034892 0.13517909 0.14647973]"
6,-4.0,8,0.1,0.1,"[-30.0, -20.0, 0.0]","[0.8, 0.8, 1.0]","[8.20979296 7.97815997 7.72468696 7.97815997 7.82290713 7.86886333
 7.36576048 7.25665699 7.73082655 7.76410988 7.25386257 7.18767843]","[0.1209598  0.11156241 0.10869167 0.11054631 0.15861651 0.13645928
 0.14130963 0.16190986 0.14026466 0.13034892 0.13517909 0.14647973]"
6,-4.0,8,0.1,0.1,"[-30.0, -20.0, 0.0]","[0.9, 0.9, 1.0]","[8.20979296 7.97815997 7.72468696 7.97815997 7.82290713 7.86886333
 7.36576048 7.25665699 7.73082655 7.76410988 7.25386257 7.18767843]","[0.1209598  0.11156241 0.10869167 0.11054631 0.15861651 0.13645928
 0.14130963 0.16190986 0.14026466 0.13034892 0.13517909 0.14647973]"
6,-4.0,8,0.1,0.1,"[-30.0, -20.0, 0.0]","[1.0, 1.0, 1.0]","[8.20979296 7.97815997 7.72468696 7.97815997 7.82290713 7.86886333
 7.36576048 7.25665699 7.73082655 7.76410988 7.25386257 7.18767843]","[0.1209598  0.11156241 0.10869167 0.11054631 0.15861651 0.13645928
 0.14130963 0.16190986 0.14026466 0.13034892 0.13517909 0.14647973]"
6,-4.0,8,0.1,0.1,"[-30.0, -10.0, 0.0]","[0.6, 0.6, 1.0]","[8.20979296 7.97815997 7.72468696 7.97815997 7.82290713 7.86886333
 7.36576048 7.25665699 7.57008504 7.65382813 7.0911115  6.966143  ]","[0.1209598  0.11156241 0.10869167 0.11054631 0.14727995 0.1313924
 0.1355966  0.1523206  0.14057113 0.13201567 0.13805137 0.14776828]"
6,-4.0,8,0.1,0.1,"[-30.0, -10.0, 0.0]","[0.7, 0.7, 1.0]","[8.20979296 7.97815997 7.72468696 7.97815997 7.82290713 7.86886333
 7.36576048 7.25665699 7.57008504 7.65382813 7.0911115  6.966143  ]","[0.1209598  0.11156241 0.10869167 0.11054631 0.14727995 0.1313924
 0.1355966  0.1523206  0.14057113 0.13201567 0.13805137 0.14776828]"
6,-4.0,8,0.1,0.1,"[-30.0, -10.0, 0.0]","[0.8, 0.8, 1.0]","[8.20979296 7.97815997 7.72468696 7.97815997 7.82290713 7.86886333
 7.36576048 7.25665699 7.57008504 7.65382813 7.0911115  6.966143  ]","[0.1209598  0.11156241 0.10869167 0.11054631 0.14727995 0.1313924
 0.1355966  0.1523206  0.14057113 0.13201567 0.13805137 0.14776828]"
6,-4.0,8,0.1,0.1,"[-30.0, -10.0, 0.0]","[0.9, 0.9, 1.0]","[8.20979296 7.97815997 7.72468696 7.97815997 7.82290713 7.86886333
 7.36576048 7.25665699 7.57008504 7.65382813 7.0911115  6.966143  ]","[0.1209598  0.11156241 0.10869167 0.11054631 0.14727995 0.1313924
 0.1355966  0.1523206  0.14057113 0.13201567 0.13805137 0.14776828]"
6,-4.0,8,0.1,0.1,"[-30.0, -10.0, 0.0]","[1.0, 1.0, 1.0]","[8.20979296 7.97815997 7.72468696 7.97815997 7.82290713 7.86886333
 7.36576048 7.25665699 7.57008504 7.65382813 7.0911115  6.966143  ]","[0.1209598  0.11156241 0.10869167 0.11054631 0.14727995 0.1313924
 0.1355966  0.1523206  0.14057113 0.13201567 0.13805137 0.14776828]"
6,-4.0,8,0.1,0.1,"[-30.0, 0.0, 0.0]","[0.6, 0.6, 1.0]","[8.20979296 7.97815997 7.72468696 7.97815997 7.82290713 7.86886333
 7.36576048 7.25665699 7.37792964 7.50362488 6.91341616 6.74628379]","[0.1209598  0.11156241 0.10869167 0.11054631 0.13838456 0.12851946
 0.13306192 0.14469507 0.14201348 0.13470826 0.14224371 0.15048249]"
6,-4.0,8,0.1,0.1,"[-30.0, 0.0, 0.0]","[0.7, 0.7, 1.0]","[8.20979296 7.97815997 7.72468696 7.97815997 7.82290713 7.86886333
 7.36576048 7.25665699 7.37792964 7.50362488 6.91341616 6.74628379]","[0.1209598  0.11156241 0.10869167 0.11054631 0.13838456 0.12851946
 0.13306192 0.14469507 0.14201348 0.13470826 0.14224371 0.15048249]"
6,-4.0,8,0.1,0.1,"[-30.0, 0.0, 0.0]","[0.8, 0.8, 1.0]","[8.20979296 7.97815997 7.72468696 7.97815997 7.82290713 7.86886333
 7.36576048 7.25665699 7.37792964 7.50362488 6.91341616 6.74628379]","[0.1209598  0.11156241 0.10869167 0.11054631 0.13838456 0.12851946
 0.13306192 0.14469507 0.14201348 0.13470826 0.14224371 0.15048249]"
6,-4.0,8,0.1,0.1,"[-30.0, 0.0, 0.0]","[0.9, 0.9, 1.0]","[8.20979296 7.97815997 7.72468696 7.97815997 7.82290713 7.86886333
 7.36576048 7.25665699 7.37792964 7.50362488 6.91341616 6.74628379]","[0.1209598  0.11156241 0.10869167 0.11054631 0.13838456 0.12851946
 0.13306192 0.14469507 0.14201348 0.13470826 0.14224371 0.15048249]"
6,-4.0,8,0.1,0.1,"[-30.0, 0.0, 0.0]","[1.0, 1.0, 1.0]","[8.20979296 7.97815997 7.72468696 7.97815997 7.82290713 7.86886333
 7.36576048 7.25665699 7.37792964 7.50362488 6.91341616 6.74628379]","[0.1209598  0.11156241 0.10869167 0.11054631 0.13838456 0.12851946
 0.13306192 0.14469507 0.14201348 0.13470826 0.14224371 0.15048249]"
6,-4.0,8,0.1,0.1,"[-30.0, 10.0, 0.0]","[0.6, 0.6, 1.0]","[8.20979296 7.97815997 7.72468696 7.97815997 7.82290713 7.86886333
 7.36576048 7.25665699 7.19951925 7.33454297 6.77395959 6.6027277 ]","[0.1209598  0.11156241 0.10869167 0.11054631 0.13412366 0.12904106
 0.13484488 0.14055728 0.14464408 0.13816876 0.14692056 0.15421822]"
6,-4.0,8,0.1,0.1,"[-30.0, 10.0, 0.0]","[0.7, 0.7, 1.0]","[8.20979296 7.97815997 7.72468696 7.97815997 7.82290713 7.86886333
 7.36576048 7.25665699 7.19951925 7.33454297 6.77395959 6.6027277 ]","[0.1209598  0.11156241 0.10869167 0.11054631 0.13412366 0.12904106
 0.13484488 0.14055728 0.14464408 0.13816876 0.14692056 0.15421822]"
6,-4.0,8,0.1,0.1,"[-30.0, 10.0, 0.0]","[0.8, 0.8, 1.0]","[8.20979296 7.97815997 7.72468696 7.97815997 7.82290713 7.86886333
 7.36576048 7.25665699 7.19951925 7.33454297 6.77395959 6.6027277 ]","[0.1209598  0.11156241 0.10869167 0.11054631 0.13412366 0.12904106
 0.13484488 0.14055728 0.14464408 0.13816876 0.14692056 0.15421822]"
6,-4.0,8,0.1,0.1,"[-30.0, 10.0, 0.0]","[0.9, 0.9, 1.0]","[8.20979296 7.97815997 7.72468696 7.97815997 7.82290713 7.86886333
 7.36576048 7.25665699 7.19951925 7.33454297 6.77395959 6.6027277 ]","[0.1209598  0.11156241 0.10869167 0.11054631 0.13412366 0.12904106
 0.13484488 0.14055728 0.14464408 0.13816876 0.14692056 0.15421822]"
6,-4.0,8,0.1,0.1,"[-30.0, 10.0, 0.0]","[1.0, 1.0, 1.0]","[8.20979296 7.97815997 7.72468696 7.97815997 7.82290713 7.86886333
 7.36576048 7.25665699 7.19951925 7.33454297 6.77395959 6.6027277 ]","[0.1209598  0.11156241 0.10869167 0.11054631 0.13412366 0.12904106
 0.13484488 0.14055728 0.14464408 0.13816876 0.14692056 0.15421822]"
6,-4.0,8,0.1,0.1,"[-30.0, 20.0, 0.0]","[0.6, 0.6, 1.0]","[8.20979296 7.97815997 7.72468696 7.97815997 7.82290713 7.86886333
 7.36576048 7.25665699 7.10231962 7.1938168  6.72654459 6.60121975]","[0.1209598  0.11156241 0.10869167 0.11054631 0.13438459 0.13233945
 0.14036538 0.14034654 0.14717823 0.14147844 0.15037829 0.15703434]"
6,-4.0,8,0.1,0.1,"[-30.0, 20.0, 0.0]","[0.7, 0.7, 1.0]","[8.20979296 7.97815997 7.72468696 7.97815997 7.82290713 7.86886333
 7.36576048 7.25665699 7.10231962 7.1938168  6.72654459 6.60121975]","[0.1209598  0.11156241 0.10869167 0.11054631 0.13438459 0.13233945
 0.14036538 0.14034654 0.14717823 0.14147844 0.15037829 0.15703434]"
6,-4.0,8,0.1,0.1,"[-30.0, 20.0, 0.0]","[0.8, 0.8, 1.0]","[8.20979296 7.97815997 7.72468696 7.97815997 7.82290713 7.86886333
 7.36576048 7.25665699 7.10231962 7.1938168  6.72654459 6.60121975]","[0.1209598  0.11156241 0.10869167 0.11054631 0.13438459 0.13233945
 0.14036538 0.14034654 0.14717823 0.14147844 0.15037829 0.15703434]"
6,-4.0,8,0.1,0.1,"[-30.0, 20.0, 0.0]","[0.9, 0.9, 1.0]","[8.20979296 7.97815997 7.72468696 7.97815997 7.82290713 7.86886333
 7.36576048 7.25665699 7.10231962 7.1938168  6.72654459 6.60121975]","[0.1209598  0.11156241 0.10869167 0.11054631 0.13438459 0.13233945
 0.14036538 0.14034654 0.14717823 0.14147844 0.15037829 0.15703434]"
6,-4.0,8,0.1,0.1,"[-30.0, 20.0, 0.0]","[1.0, 1.0, 1.0]","[8.20979296 7.97815997 7.72468696 7.97815997 7.82290713 7.86886333
 7.36576048 7.25665699 7.10231962 7.1938168  6.72654459 6.60121975]","[0.1209598  0.11156241 0.10869167 0.11054631 0.13438459 0.13233945
 0.14036538 0.14034654 0.14717823 0.14147844 0.15037829 0.15703434]"
6,-4.0,8,0.1,0.1,"[-20.0, -20.0, 0.0]","[0.6, 0.6, 1.0]","[8.20979296 7.97815997 7.72468696 7.97815997 7.60983704 7.75958123
 7.15154385 6.9083712  7.6834802  7.73469114 7.20678465 7.11731706]","[0.11282397 0.10665625 0.10397174 0.10568867 0.16051189 0.13753059
 0.1439962  0.16607417 0.14054206 0.13076513 0.13601964 0.14715858]"
6,-4.0,8,0.1,0.1,"[-20.0, -20.0, 0.0]","[0.7, 0.7, 1.0]","[8.20979296 7.97815997 7.72468696 7.97815997 7.60983704 7.75958123
 7.15154385 6.9083712  7.6834802  7.73469114 7.20678465 7.11731706]","[0.11282397 0.10665625 0.10397174 0.10568867 0.16051189 0.13753059
 0.1439962  0.16607417 0.14054206 0.13076513 0.13601964 0.14715858]"
6,-4.0,8,0.1,0.1,"[-20.0, -20.0, 0.0]","[0.8, 0.8, 1.0]","[8.20979296 7.97815997 7.72468696 7.97815997 7.60983704 7.75958123
 7.15154385 6.9083712  7.6834802  7.73469114 7.20678465 7.11731706]","[0.11282397 0.10665625 0.10397174 0.10568867 0.16051189 0.13753059
 0.1439962  0.16607417 0.14054206 0.13076513 0.13601964 0.14715858]"
6,-4.0,8,0.1,0.1,"[-20.0, -20.0, 0.0]","[0.9, 0.9, 1.0]","[8.20979296 7.97815997 7.72468696 7.97815997 7.60983704 7.75958123
 7.15154385 6.9083712  7.6834802  7.73469114 7.20678465 7.11731706]","[0.11282397 0.10665625 0.10397174 0.10568867 0.16051189 0.13753059
 0.1439962  0.16607417 0.14054206 0.13076513 0.13601964 0.14715858]"
6,-4.0,8,0.1,0.1,"[-20.0, -20.0, 0.0]","[1.0, 1.0, 1.0]","[8.20979296 7.97815997 7.72468696 7.97815997 7.60983704 7.75958123
 7.15154385 6.9083712  7.6834802  7.73469114 7.20678465 7.11731706]","[0.11282397 0.10665625 0.10397174 0.10568867 0.16051189 0.13753059
 0.1439962  0.16607417 0.14054206 0.13076513 0.13601964 0.14715858]"
6,-4.0,8,0.1,0.1,"[-20.0, -10.0, 0.0]","[0.6, 0.6, 1.0]","[8.20979296 7.97815997 7.72468696 7.97815997 7.60983704 7.75958123
 7.15154385 6.9083712  7.51296089 7.61563661 7.03674827 6.88817608]","[0.11282397 0.10665625 0.10397174 0.10568867 0.14908776 0.13267094
 0.13863313 0.15653644 0.14115419 0.13263588 0.13921066 0.14891262]"
6,-4.0,8,0.1,0.1,"[-20.0, -10.0, 0.0]","[0.7, 0.7, 1.0]","[8.20979296 7.97815997 7.72468696 7.97815997 7.60983704 7.75958123
 7.15154385 6.9083712  7.51296089 7.61563661 7.03674827 6.88817608]","[0.11282397 0.10665625 0.10397174 0.10568867 0.14908776 0.13267094
 0.13863313 0.15653644 0.14115419 0.13263588 0.13921066 0.14891262]"
6,-4.0,8,0.1,0.1,"[-20.0, -10.0, 0.0]","[0.8, 0.8, 1.0]","[8.20979296 7.97815997 7.72468696 7.97815997 7.60983704 7.75958123
 7.15154385 6.9083712  7.51296089 7.61563661 7.03674827 6.88817608]","[0.11282397 0.10665625 0.10397174 0.10568867 0.14908776 0.13267094
 0.13863313 0.15653644 0.14115419 0.13263588 0.13921066 0.14891262]"
6,-4.0,8,0.1,0.1,"[-20.0, -10.0, 0.0]","[0.9, 0.9, 1.0]","[8.20979296 7.97815997 7.72468696 7.97815997 7.60983704 7.75958123
 7.15154385 6.9083712  7.51296089 7.61563661 7.03674827 6.88817608]","[0.11282397 0.10665625 0.10397174 0.10568867 0.14908776 0.13267094
 0.13863313 0.15653644 0.14115419 0.13263588 0.13921066 0.14891262]"
6,-4.0,8,0.1,0.1,"[-20.0, -10.0, 0.0]","[1.0, 1.0, 1.0]","[8.20979296 7.97815997 7.72468696 7.97815997 7.60983704 7.75958123
 7.15154385 6.9083712  7.51296089 7.61563661 7.03674827 6.88817608]","[0.11282397 0.10665625 0.10397174 0.10568867 0.14908776 0.13267094
 0.13863313 0.15653644 0.14115419 0.13263588 0.13921066 0.14891262]"
6,-4.0,8,0.1,0.1,"[-20.0, 0.0, 0.0]","[0.6, 0.6, 1.0]","[8.20979296 7.97815997 7.72468696 7.97815997 7.60983704 7.75958123
 7.15154385 6.9083712  7.31363232 7.45462715 6.85841243 6.67343954]","[0.11282397 0.10665625 0.10397174 0.10568867 0.14055796 0.13017056
 0.13691688 0.14961741 0.14291253 0.13559923 0.14366021 0.15197195]"
6,-4.0,8,0.1,0.1,"[-20.0, 0.0, 0.0]","[0.7, 0.7, 1.0]","[8.20979296 7.97815997 7.72468696 7.97815997 7.60983704 7.75958123
 7.15154385 6.9083712  7.31363232 7.45462715 6.85841243 6.67343954]","[0.11282397 0.10665625 0.10397174 0.10568867 0.14055796 0.13017056
 0.13691688 0.14961741 0.14291253 0.13559923 0.14366021 0.15197195]"
6,-4.0,8,0.1,0.1,"[-20.0, 0.0, 0.0]","[0.8, 0.8, 1.0]","[8.20979296 7.97815997 7.72468696 7.97815997 7.60983704 7.75958123
 7.15154385 6.9083712  7.31363232 7.45462715 6.85841243 6.67343954]","[0.11282397 0.10665625 0.10397174 0.10568867 0.14055796 0.13017056
 0.13691688 0.14961741 0.14291253 0.13559923 0.14366021 0.15197195]"
6,-4.0,8,0.1,0.1,"[-20.0, 0.0, 0.0]","[0.9, 0.9, 1.0]","[8.20979296 7.97815997 7.72468696 7.97815997 7.60983704 7.75958123
 7.15154385 6.9083712  7.31363232 7.45462715 6.85841243 6.67343954]","[0.11282397 0.10665625 0.10397174 0.10568867 0.14055796 0.13017056
 0.13691688 0.14961741 0.14291253 0.13559923 0.14366021 0.15197195]"
6,-4.0,8,0.1,0.1,"[-20.0, 0.0, 0.0]","[1.0, 1.0, 1.0]","[8.20979296 7.97815997 7.72468696 7.97815997 7.60983704 7.75958123
 7.15154385 6.9083712  7.31363232 7.45462715 6.85841243 6.67343954]","[0.11282397 0.10665625 0.10397174 0.10568867 0.14055796 0.13017056
 0.13691688 0.14961741 0.14291253 0.13559923 0.14366021 0.15197195]"
6,-4.0,8,0.1,0.1,"[-20.0, 10.0, 0.0]","[0.6, 0.6, 1.0]","[8.20979296 7.97815997 7.72468696 7.97815997 7.60983704 7.75958123
 7.15154385 6.9083712  7.1411768  7.28044337 6.73226486 6.55604884]","[0.11282397 0.10665625 0.10397174 0.10568867 0.13714465 0.13121312
 0.13993212 0.14683906 0.1456726  0.13926426 0.14829691 0.15565118]"
6,-4.0,8,0.1,0.1,"[-20.0, 10.0, 0.0]","[0.7, 0.7, 1.0]","[8.20979296 7.97815997 7.72468696 7.97815997 7.60983704 7.75958123
 7.15154385 6.9083712  7.1411768  7.28044337 6.73226486 6.55604884]","[0.11282397 0.10665625 0.10397174 0.10568867 0.13714465 0.13121312
 0.13993212 0.14683906 0.1456726  0.13926426 0.14829691 0.15565118]"
6,-4.0,8,0.1,0.1,"[-20.0, 10.0, 0.0]","[0.8, 0.8, 1.0]","[8.20979296 7.97815997 7.72468696 7.97815997 7.60983704 7.75958123
 7.15154385 6.9083712  7.1411768  7.28044337 6.73226486 6.55604884]","[0.11282397 0.10665625 0.10397174 0.10568867 0.13714465 0.13121312
 0.13993212 0.14683906 0.1456726  0.13926426 0.14829691 0.15565118]"
6,-4.0,8,0.1,0.1,"[-20.0, 10.0, 0.0]","[0.9, 0.9, 1.0]","[8.20979296 7.97815997 7.72468696 7.97815997 7.60983704 7.75958123
 7.15154385 6.9083712  7.1411768  7.28044337 6.73226486 6.55604884]","[0.11282397 0.10665625 0.10397174 0.10568867 0.13714465 0.13121312
 0.13993212 0.14683906 0.1456726  0.13926426 0.14829691 0.15565118]"
6,-4.0,8,0.1,0.1,"[-20.0, 10.0, 0.0]","[1.0, 1.0, 1.0]","[8.20979296 7.97815997 7.72468696 7.97815997 7.60983704 7.75958123
 7.15154385 6.9083712  7.1411768  7.28044337 6.73226486 6.55604884]","[0.11282397 0.10665625 0.10397174 0.10568867 0.13714465 0.13121312
 0.13993212 0.14683906 0.1456726  0.13926426 0.14829691 0.15565118]"
6,-4.0,8,0.1,0.1,"[-20.0, 20.0, 0.0]","[0.6, 0.6, 1.0]","[8.20979296 7.97815997 7.72468696 7.97815997 7.60983704 7.75958123
 7.15154385 6.9083712  7.06505885 7.1460511  6.70667316 6.59076336]","[0.11282397 0.10665625 0.10397174 0.10568867 0.13852565 0.13506737
 0.14682053 0.14833843 0.14801014 0.14255942 0.15140564 0.15801822]"
6,-4.0,8,0.1,0.1,"[-20.0, 20.0, 0.0]","[0.7, 0.7, 1.0]","[8.20979296 7.97815997 7.72468696 7.97815997 7.60983704 7.75958123
 7.15154385 6.9083712  7.06505885 7.1460511  6.70667316 6.59076336]","[0.11282397 0.10665625 0.10397174 0.10568867 0.13852565 0.13506737
 0.14682053 0.14833843 0.14801014 0.14255942 0.15140564 0.15801822]"
6,-4.0,8,0.1,0.1,"[-20.0, 20.0, 0.0]","[0.8, 0.8, 1.0]","[8.20979296 7.97815997 7.72468696 7.97815997 7.60983704 7.75958123
 7.15154385 6.9083712  7.06505885 7.1460511  6.70667316 6.59076336]","[0.11282397 0.10665625 0.10397174 0.10568867 0.13852565 0.13506737
 0.14682053 0.14833843 0.14801014 0.14255942 0.15140564 0.15801822]"
6,-4.0,8,0.1,0.1,"[-20.0, 20.0, 0.0]","[0.9, 0.9, 1.0]","[8.20979296 7.97815997 7.72468696 7.97815997 7.60983704 7.75958123
 7.15154385 6.9083712  7.06505885 7.1460511  6.70667316 6.59076336]","[0.11282397 0.10665625 0.10397174 0.10568867 0.13852565 0.13506737
 0.14682053 0.14833843 0.14801014 0.14255942 0.15140564 0.15801822]"
6,-4.0,8,0.1,0.1,"[-20.0, 20.0, 0.0]","[1.0, 1.0, 1.0]","[8.20979296 7.97815997 7.72468696 7.97815997 7.60983704 7.75958123
 7.15154385 6.9083712  7.06505885 7.1460511  6.70667316 6.59076336]","[0.11282397 0.10665625 0.10397174 0.10568867 0.13852565 0.13506737
 0.14682053 0.14833843 0.14801014 0.14255942 0.15140564 0.15801822]"
6,-4.0,8,0.1,0.1,"[-10.0, -20.0, 0.0]","[0.6, 0.6, 1.0]","[8.20979296 7.97815997 7.72468696 7.97815997 7.32917827 7.57832057
 6.88123912 6.52748294 7.60621024 7.68305757 7.13117361 7.00794037]","[0.10487384 0.10235769 0.1006565  0.10157862 0.16283096 0.1397581
 0.14752044 0.16971455 0.14122501 0.13157927 0.13744781 0.14849818]"
6,-4.0,8,0.1,0.1,"[-10.0, -20.0, 0.0]","[0.7, 0.7, 1.0]","[8.20979296 7.97815997 7.72468696 7.97815997 7.32917827 7.57832057
 6.88123912 6.52748294 7.60621024 7.68305757 7.13117361 7.00794037]","[0.10487384 0.10235769 0.1006565  0.10157862 0.16283096 0.1397581
 0.14752044 0.16971455 0.14122501 0.13157927 0.13744781 0.14849818]"
6,-4.0,8,0.1,0.1,"[-10.0, -20.0, 0.0]","[0.8, 0.8, 1.0]","[8.20979296 7.97815997 7.72468696 7.97815997 7.32917827 7.57832057
 6.88123912 6.52748294 7.60621024 7.68305757 7.13117361 7.00794037]","[0.10487384 0.10235769 0.1006565  0.10157862 0.16283096 0.1397581
 0.14752044 0.16971455 0.14122501 0.13157927 0.13744781 0.14849818]"
6,-4.0,8,0.1,0.1,"[-10.0, -20.0, 0.0]","[0.9, 0.9, 1.0]","[8.20979296 7.97815997 7.72468696 7.97815997 7.32917827 7.57832057
 6.88123912 6.52748294 7.60621024 7.68305757 7.13117361 7.00794037]","[0.10487384 0.10235769 0.1006565  0.10157862 0.16283096 0.1397581
 0.14752044 0.16971455 0.14122501 0.13157927 0.13744781 0.14849818]"
6,-4.0,8,0.1,0.1,"[-10.0, -20.0, 0.0]","[1.0, 1.0, 1.0]","[8.20979296 7.97815997 7.72468696 7.97815997 7.32917827 7.57832057
 6.88123912 6.52748294 7.60621024 7.68305757 7.13117361 7.00794037]","[0.10487384 0.10235769 0.1006565  0.10157862 0.16283096 0.1397581
 0.14752044 0.16971455 0.14122501 0.13157927 0.13744781 0.14849818]"
6,-4.0,8,0.1,0.1,"[-10.0, -10.0, 0.0]","[0.6, 0.6, 1.0]","[8.20979296 7.97815997 7.72468696 7.97815997 7.32917827 7.57832057
 6.88123912 6.52748294 7.42481525 7.55410351 6.95554625 6.77397373]","[0.10487384 0.10235769 0.1006565  0.10157862 0.15148767 0.1351621
 0.14291577 0.16097515 0.14221993 0.13370688 0.14101279 0.15080585]"
6,-4.0,8,0.1,0.1,"[-10.0, -10.0, 0.0]","[0.7, 0.7, 1.0]","[8.20979296 7.97815997 7.72468696 7.97815997 7.32917827 7.57832057
 6.88123912 6.52748294 7.42481525 7.55410351 6.95554625 6.77397373]","[0.10487384 0.10235769 0.1006565  0.10157862 0.15148767 0.1351621
 0.14291577 0.16097515 0.14221993 0.13370688 0.14101279 0.15080585]"
6,-4.0,8,0.1,0.1,"[-10.0, -10.0, 0.0]","[0.8, 0.8, 1.0]","[8.20979296 7.97815997 7.72468696 7.97815997 7.32917827 7.57832057
 6.88123912 6.52748294 7.42481525 7.55410351 6.95554625 6.77397373]","[0.10487384 0.10235769 0.1006565  0.10157862 0.15148767 0.1351621
 0.14291577 0.16097515 0.14221993 0.13370688 0.14101279 0.15080585]"
6,-4.0,8,0.1,0.1,"[-10.0, -10.0, 0.0]","[0.9, 0.9, 1.0]","[8.20979296 7.97815997 7.72468696 7.97815997 7.32917827 7.57832057
 6.88123912 6.52748294 7.42481525 7.55410351 6.95554625 6.77397373]","[0.10487384 0.10235769 0.1006565  0.10157862 0.15148767 0.1351621
 0.14291577 0.16097515 0.14221993 0.13370688 0.14101279 0.15080585]"
6,-4.0,8,0.1,0.1,"[-10.0, -10.0, 0.0]","[1.0, 1.0, 1.0]","[8.20979296 7.97815997 7.72468696 7.97815997 7.32917827 7.57832057
 6.88123912 6.52748294 7.42481525 7.55410351 6.95554625 6.77397373]","[0.10487384 0.10235769 0.1006565  0.10157862 0.15148767 0.1351621
 0.14291577 0.16097515 0.14221993 0.13370688 0.14101279 0.15080585]"
6,-4.0,8,0.1,0.1,"[-10.0, 0.0, 0.0]","[0.6, 0.6, 1.0]","[8.20979296 7.97815997 7.72468696 7.97815997 7.32917827 7.57832057
 6.88123912 6.52748294 7.22149881 7.38139024 6.7835606  6.57814827]","[0.10487384 0.10235769 0.1006565  0.10157862 0.14378878 0.13320026
 0.14268446 0.15589652 0.14431663 0.13700784 0.14567476 0.15410046]"
6,-4.0,8,0.1,0.1,"[-10.0, 0.0, 0.0]","[0.7, 0.7, 1.0]","[8.20979296 7.97815997 7.72468696 7.97815997 7.32917827 7.57832057
 6.88123912 6.52748294 7.22149881 7.38139024 6.7835606  6.57814827]","[0.10487384 0.10235769 0.1006565  0.10157862 0.14378878 0.13320026
 0.14268446 0.15589652 0.14431663 0.13700784 0.14567476 0.15410046]"
6,-4.0,8,0.1,0.1,"[-10.0, 0.0, 0.0]","[0.8, 0.8, 1.0]","[8.20979296 7.97815997 7.72468696 7.97815997 7.32917827 7.57832057
 6.88123912 6.52748294 7.22149881 7.38139024 6.7835606  6.57814827]","[0.10487384 0.10235769 0.1006565  0.10157862 0.14378878 0.13320026
 0.14268446 0.15589652 0.14431663 0.13700784 0.14567476 0.15410046]"
6,-4.0,8,0.1,0.1,"[-10.0, 0.0, 0.0]","[0.9, 0.9, 1.0]","[8.20979296 7.97815997 7.72468696 7.97815997 7.32917827 7.57832057
 6.88123912 6.52748294 7.22149881 7.38139024 6.7835606  6.57814827]","[0.10487384 0.10235769 0.1006565  0.10157862 0.14378878 0.13320026
 0.14268446 0.15589652 0.14431663 0.13700784 0.14567476 0.15410046]"
6,-4.0,8,0.1,0.1,"[-10.0, 0.0, 0.0]","[1.0, 1.0, 1.0]","[8.20979296 7.97815997 7.72468696 7.97815997 7.32917827 7.57832057
 6.88123912 6.52748294 7.22149881 7.38139024 6.7835606  6.57814827]","[0.10487384 0.10235769 0.1006565  0.10157862 0.14378878 0.13320026
 0.14268446 0.15589652 0.14431663 0.13700784 0.14567476 0.15410046]"
6,-4.0,8,0.1,0.1,"[-10.0, 10.0, 0.0]","[0.6, 0.6, 1.0]","[8.20979296 7.97815997 7.72468696 7.97815997 7.32917827 7.57832057
 6.88123912 6.52748294 7.0658901  7.20519111 6.68216349 6.5081091 ]","[0.10487384 0.10235769 0.1006565  0.10157862 0.1419584  0.13504039
 0.14777195 0.15584759 0.14708693 0.14087877 0.15008579 0.1574039 ]"
6,-4.0,8,0.1,0.1,"[-10.0, 10.0, 0.0]","[0.7, 0.7, 1.0]","[8.20979296 7.97815997 7.72468696 7.97815997 7.32917827 7.57832057
 6.88123912 6.52748294 7.0658901  7.20519111 6.68216349 6.5081091 ]","[0.10487384 0.10235769 0.1006565  0.10157862 0.1419584  0.13504039
 0.14777195 0.15584759 0.14708693 0.14087877 0.15008579 0.1574039 ]"
6,-4.0,8,0.1,0.1,"[-10.0, 10.0, 0.0]","[0.8, 0.8, 1.0]","[8.20979296 7.97815997 7.72468696 7.97815997 7.32917827 7.57832057
 6.88123912 6.52748294 7.0658901  7.20519111 6.68216349 6.5081091 ]","[0.10487384 0.10235769 0.1006565  0.10157862 0.1419584  0.13504039
 0.14777195 0.15584759 0.14708693 0.14087877 0.15008579 0.1574039 ]"
6,-4.0,8,0.1,0.1,"[-10.0, 10.0, 0.0]","[0.9, 0.9, 1.0]","[8.20979296 7.97815997 7.72468696 7.97815997 7.32917827 7.57832057
 6.88123912 6.52748294 7.0658901  7.20519111 6.68216349 6.5081091 ]","[0.10487384 0.10235769 0.1006565  0.10157862 0.1419584  0.13504039
 0.14777195 0.15584759 0.14708693 0.14087877 0.15008579 0.1574039 ]"
6,-4.0,8,0.1,0.1,"[-10.0, 10.0, 0.0]","[1.0, 1.0, 1.0]","[8.20979296 7.97815997 7.72468696 7.97815997 7.32917827 7.57832057
 6.88123912 6.52748294 7.0658901  7.20519111 6.68216349 6.5081091 ]","[0.10487384 0.10235769 0.1006565  0.10157862 0.1419584  0.13504039
 0.14777195 0.15584759 0.14708693 0.14087877 0.15008579 0.1574039 ]"
6,-4.0,8,0.1,0.1,"[-10.0, 20.0, 0.0]","[0.6, 0.6, 1.0]","[8.20979296 7.97815997 7.72468696 7.97815997 7.32917827 7.57832057
 6.88123912 6.52748294 7.02391115 7.08439154 6.68658625 6.59251523]","[0.10487384 0.10235769 0.1006565  0.10157862 0.14529192 0.13976955
 0.15682071 0.1603576  0.1490256  0.1440572  0.15268765 0.15909385]"
6,-4.0,8,0.1,0.1,"[-10.0, 20.0, 0.0]","[0.7, 0.7, 1.0]","[8.20979296 7.97815997 7.72468696 7.97815997 7.32917827 7.57832057
 6.88123912 6.52748294 7.02391115 7.08439154 6.68658625 6.59251523]","[0.10487384 0.10235769 0.1006565  0.10157862 0.14529192 0.13976955
 0.15682071 0.1603576  0.1490256  0.1440572  0.15268765 0.15909385]"
6,-4.0,8,0.1,0.1,"[-10.0, 20.0, 0.0]","[0.8, 0.8, 1.0]","[8.20979296 7.97815997 7.72468696 7.97815997 7.32917827 7.57832057
 6.88123912 6.52748294 7.02391115 7.08439154 6.68658625 6.59251523]","[0.10487384 0.10235769 0.1006565  0.10157862 0.14529192 0.13976955
 0.15682071 0.1603576  0.1490256  0.1440572  0.15268765 0.15909385]"
6,-4.0,8,0.1,0.1,"[-10.0, 20.0, 0.0]","[0.9, 0.9, 1.0]","[8.20979296 7.97815997 7.72468696 7.97815997 7.32917827 7.57832057
 6.88123912 6.52748294 7.02391115 7.08439154 6.68658625 6.59251523]","[0.10487384 0.10235769 0.1006565  0.10157862 0.14529192 0.13976955
 0.15682071 0.1603576  0.1490256  0.1440572  0.15268765 0.15909385]"
6,-4.0,8,0.1,0.1,"[-10.0, 20.0, 0.0]","[1.0, 1.0, 1.0]","[8.20979296 7.97815997 7.72468696 7.97815997 7.32917827 7.57832057
 6.88123912 6.52748294 7.02391115 7.08439154 6.68658625 6.59251523]","[0.10487384 0.10235769 0.1006565  0.10157862 0.14529192 0.13976955
 0.15682071 0.1603576  0.1490256  0.1440572  0.15268765 0.15909385]"
6,-4.0,8,0.1,0.1,"[0.0, -20.0, 0.0]","[0.6, 0.6, 1.0]","[8.20979296 7.97815997 7.72468696 7.97815997 7.03045091 7.32268692
 6.62008013 6.24664839 7.5012912  7.60461379 7.0334705  6.87580201]","[0.10053793 0.10100585 0.10132733 0.10036974 0.16537072 0.14355841
 0.15108012 0.17078501 0.14245776 0.13294324 0.13939398 0.15037772]"
6,-4.0,8,0.1,0.1,"[0.0, -20.0, 0.0]","[0.7, 0.7, 1.0]","[8.20979296 7.97815997 7.72468696 7.97815997 7.03045091 7.32268692
 6.62008013 6.24664839 7.5012912  7.60461379 7.0334705  6.87580201]","[0.10053793 0.10100585 0.10132733 0.10036974 0.16537072 0.14355841
 0.15108012 0.17078501 0.14245776 0.13294324 0.13939398 0.15037772]"
6,-4.0,8,0.1,0.1,"[0.0, -20.0, 0.0]","[0.8, 0.8, 1.0]","[8.20979296 7.97815997 7.72468696 7.97815997 7.03045091 7.32268692
 6.62008013 6.24664839 7.5012912  7.60461379 7.0334705  6.87580201]","[0.10053793 0.10100585 0.10132733 0.10036974 0.16537072 0.14355841
 0.15108012 0.17078501 0.14245776 0.13294324 0.13939398 0.15037772]"
6,-4.0,8,0.1,0.1,"[0.0, -20.0, 0.0]","[0.9, 0.9, 1.0]","[8.20979296 7.97815997 7.72468696 7.97815997 7.03045091 7.32268692
 6.62008013 6.24664839 7.5012912  7.60461379 7.0334705  6.87580201]","[0.10053793 0.10100585 0.10132733 0.10036974 0.16537072 0.14355841
 0.15108012 0.17078501 0.14245776 0.13294324 0.13939398 0.15037772]"
6,-4.0,8,0.1,0.1,"[0.0, -20.0, 0.0]","[1.0, 1.0, 1.0]","[8.20979296 7.97815997 7.72468696 7.97815997 7.03045091 7.32268692
 6.62008013 6.24664839 7.5012912  7.60461379 7.0334705  6.87580201]","[0.10053793 0.10100585 0.10132733 0.10036974 0.16537072 0.14355841
 0.15108012 0.17078501 0.14245776 0.13294324 0.13939398 0.15037772]"
6,-4.0,8,0.1,0.1,"[0.0, -10.0, 0.0]","[0.6, 0.6, 1.0]","[8.20979296 7.97815997 7.72468696 7.97815997 7.03045091 7.32268692
 6.62008013 6.24664839 7.31145751 7.46714787 6.85764096 6.64608937]","[0.10053793 0.10100585 0.10132733 0.10036974 0.1543328  0.13925668
 0.14781105 0.16402312 0.14384575 0.13534023 0.14329273 0.1531628 ]"
6,-4.0,8,0.1,0.1,"[0.0, -10.0, 0.0]","[0.7, 0.7, 1.0]","[8.20979296 7.97815997 7.72468696 7.97815997 7.03045091 7.32268692
 6.62008013 6.24664839 7.31145751 7.46714787 6.85764096 6.64608937]","[0.10053793 0.10100585 0.10132733 0.10036974 0.1543328  0.13925668
 0.14781105 0.16402312 0.14384575 0.13534023 0.14329273 0.1531628 ]"
6,-4.0,8,0.1,0.1,"[0.0, -10.0, 0.0]","[0.8, 0.8, 1.0]","[8.20979296 7.97815997 7.72468696 7.97815997 7.03045091 7.32268692
 6.62008013 6.24664839 7.31145751 7.46714787 6.85764096 6.64608937]","[0.10053793 0.10100585 0.10132733 0.10036974 0.1543328  0.13925668
 0.14781105 0.16402312 0.14384575 0.13534023 0.14329273 0.1531628 ]"
6,-4.0,8,0.1,0.1,"[0.0, -10.0, 0.0]","[0.9, 0.9, 1.0]","[8.20979296 7.97815997 7.72468696 7.97815997 7.03045091 7.32268692
 6.62008013 6.24664839 7.31145751 7.46714787 6.85764096 6.64608937]","[0.10053793 0.10100585 0.10132733 0.10036974 0.1543328  0.13925668
 0.14781105 0.16402312 0.14384575 0.13534023 0.14329273 0.1531628 ]"
6,-4.0,8,0.1,0.1,"[0.0, -10.0, 0.0]","[1.0, 1.0, 1.0]","[8.20979296 7.97815997 7.72468696 7.97815997 7.03045091 7.32268692
 6.62008013 6.24664839 7.31145751 7.46714787 6.85764096 6.64608937]","[0.10053793 0.10100585 0.10132733 0.10036974 0.1543328  0.13925668
 0.14781105 0.16402312 0.14384575 0.13534023 0.14329273 0.1531628 ]"
6,-4.0,8,0.1,0.1,"[0.0, 0.0, 0.0]","[0.6, 0.6, 1.0]","[8.20979296 7.97815997 7.72468696 7.97815997 7.03045091 7.32268692
 6.62008013 6.24664839 7.11377802 7.28617141 6.70267386 6.49010821]","[0.10053793 0.10100585 0.10132733 0.10036974 0.14820531 0.13808981
 0.14977938 0.16228275 0.14627752 0.13898662 0.14799171 0.15639081]"
6,-4.0,8,0.1,0.1,"[0.0, 0.0, 0.0]","[0.7, 0.7, 1.0]","[8.20979296 7.97815997 7.72468696 7.97815997 7.03045091 7.32268692
 6.62008013 6.24664839 7.11377802 7.28617141 6.70267386 6.49010821]","[0.10053793 0.10100585 0.10132733 0.10036974 0.14820531 0.13808981
 0.14977938 0.16228275 0.14627752 0.13898662 0.14799171 0.15639081]"
6,-4.0,8,0.1,0.1,"[0.0, 0.0, 0.0]","[0.8, 0.8, 1.0]","[8.20979296 7.97815997 7.72468696 7.97815997 7.03045091 7.32268692
 6.62008013 6.24664839 7.11377802 7.28617141 6.70267386 6.49010821]","[0.10053793 0.10100585 0.10132733 0.10036974 0.14820531 0.13808981
 0.14977938 0.16228275 0.14627752 0.13898662 0.14799171 0.15639081]"
6,-4.0,8,0.1,0.1,"[0.0, 0.0, 0.0]","[0.9, 0.9, 1.0]","[8.20979296 7.97815997 7.72468696 7.97815997 7.03045091 7.32268692
 6.62008013 6.24664839 7.11377802 7.28617141 6.70267386 6.49010821]","[0.10053793 0.10100585 0.10132733 0.10036974 0.14820531 0.13808981
 0.14977938 0.16228275 0.14627752 0.13898662 0.14799171 0.15639081]"
6,-4.0,8,0.1,0.1,"[0.0, 0.0, 0.0]","[1.0, 1.0, 1.0]","[8.20979296 7.97815997 7.72468696 7.97815997 7.03045091 7.32268692
 6.62008013 6.24664839 7.11377802 7.28617141 6.70267386 6.49010821]","[0.10053793 0.10100585 0.10132733 0.10036974 0.14820531 0.13808981
 0.14977938 0.16228275 0.14627752 0.13898662 0.14799171 0.15639081]"
6,-4.0,8,0.1,0.1,"[0.0, 10.0, 0.0]","[0.6, 0.6, 1.0]","[8.20979296 7.97815997 7.72468696 7.97815997 7.03045091 7.32268692
 6.62008013 6.24664839 6.99052792 7.11590168 6.6354809  6.48494236]","[0.10053793 0.10100585 0.10132733 0.10036974 0.14902315 0.14117005
 0.15767014 0.16642919 0.14897389 0.14298289 0.15197252 0.15904116]"
6,-4.0,8,0.1,0.1,"[0.0, 10.0, 0.0]","[0.7, 0.7, 1.0]","[8.20979296 7.97815997 7.72468696 7.97815997 7.03045091 7.32268692
 6.62008013 6.24664839 6.99052792 7.11590168 6.6354809  6.48494236]","[0.10053793 0.10100585 0.10132733 0.10036974 0.14902315 0.14117005
 0.15767014 0.16642919 0.14897389 0.14298289 0.15197252 0.15904116]"
6,-4.0,8,0.1,0.1,"[0.0, 10.0, 0.0]","[0.8, 0.8, 1.0]","[8.20979296 7.97815997 7.72468696 7.97815997 7.03045091 7.32268692
 6.62008013 6.24664839 6.99052792 7.11590168 6.6354809  6.48494236]","[0.10053793 0.10100585 0.10132733 0.10036974 0.14902315 0.14117005
 0.15767014 0.16642919 0.14897389 0.14298289 0.15197252 0.15904116]"
6,-4.0,8,0.1,0.1,"[0.0, 10.0, 0.0]","[0.9, 0.9, 1.0]","[8.20979296 7.97815997 7.72468696 7.97815997 7.03045091 7.32268692
 6.62008013 6.24664839 6.99052792 7.11590168 6.6354809  6.48494236]","[0.10053793 0.10100585 0.10132733 0.10036974 0.14902315 0.14117005
 0.15767014 0.16642919 0.14897389 0.14298289 0.15197252 0.15904116]"
6,-4.0,8,0.1,0.1,"[0.0, 10.0, 0.0]","[1.0, 1.0, 1.0]","[8.20979296 7.97815997 7.72468696 7.97815997 7.03045091 7.32268692
 6.62008013 6.24664839 6.99052792 7.11590168 6.6354809  6.48494236]","[0.10053793 0.10100585 0.10132733 0.10036974 0.14902315 0.14117005
 0.15767014 0.16642919 0.14897389 0.14298289 0.15197252 0.15904116]"
6,-4.0,8,0.1,0.1,"[0.0, 20.0, 0.0]","[0.6, 0.6, 1.0]","[8.20979296 7.97815997 7.72468696 7.97815997 7.03045091 7.32268692
 6.62008013 6.24664839 6.99236199 7.01820428 6.67058731 6.61693265]","[0.10053793 0.10100585 0.10132733 0.10036974 0.15533151 0.14724882
 0.1693923  0.17496701 0.15046672 0.14588912 0.15406224 0.16018544]"
6,-4.0,8,0.1,0.1,"[0.0, 20.0, 0.0]","[0.7, 0.7, 1.0]","[8.20979296 7.97815997 7.72468696 7.97815997 7.03045091 7.32268692
 6.62008013 6.24664839 6.99236199 7.01820428 6.67058731 6.61693265]","[0.10053793 0.10100585 0.10132733 0.10036974 0.15533151 0.14724882
 0.1693923  0.17496701 0.15046672 0.14588912 0.15406224 0.16018544]"
6,-4.0,8,0.1,0.1,"[0.0, 20.0, 0.0]","[0.8, 0.8, 1.0]","[8.20979296 7.97815997 7.72468696 7.97815997 7.03045091 7.32268692
 6.62008013 6.24664839 6.99236199 7.01820428 6.67058731 6.61693265]","[0.10053793 0.10100585 0.10132733 0.10036974 0.15533151 0.14724882
 0.1693923  0.17496701 0.15046672 0.14588912 0.15406224 0.16018544]"
6,-4.0,8,0.1,0.1,"[0.0, 20.0, 0.0]","[0.9, 0.9, 1.0]","[8.20979296 7.97815997 7.72468696 7.97815997 7.03045091 7.32268692
 6.62008013 6.24664839 6.99236199 7.01820428 6.67058731 6.61693265]","[0.10053793 0.10100585 0.10132733 0.10036974 0.15533151 0.14724882
 0.1693923  0.17496701 0.15046672 0.14588912 0.15406224 0.16018544]"
6,-4.0,8,0.1,0.1,"[0.0, 20.0, 0.0]","[1.0, 1.0, 1.0]","[8.20979296 7.97815997 7.72468696 7.97815997 7.03045091 7.32268692
 6.62008013 6.24664839 6.99236199 7.01820428 6.67058731 6.61693265]","[0.10053793 0.10100585 0.10132733 0.10036974 0.15533151 0.14724882
 0.1693923  0.17496701 0.15046672 0.14588912 0.15406224 0.16018544]"
6,-4.0,8,0.1,0.1,"[10.0, -20.0, 0.0]","[0.6, 0.6, 1.0]","[8.20979296 7.97815997 7.72468696 7.97815997 6.82535261 7.05262492
 6.47374828 6.19760254 7.39397326 7.51214379 6.94317112 6.76323662]","[0.10154971 0.10374283 0.10665649 0.1026532  0.16627364 0.14809384
 0.15281505 0.16741555 0.14386933 0.1346345  0.14129658 0.15205611]"
6,-4.0,8,0.1,0.1,"[10.0, -20.0, 0.0]","[0.7, 0.7, 1.0]","[8.20979296 7.97815997 7.72468696 7.97815997 6.82535261 7.05262492
 6.47374828 6.19760254 7.39397326 7.51214379 6.94317112 6.76323662]","[0.10154971 0.10374283 0.10665649 0.1026532  0.16627364 0.14809384
 0.15281505 0.16741555 0.14386933 0.1346345  0.14129658 0.15205611]"
6,-4.0,8,0.1,0.1,"[10.0, -20.0, 0.0]","[0.8, 0.8, 1.0]","[8.20979296 7.97815997 7.72468696 7.97815997 6.82535261 7.05262492
 6.47374828 6.19760254 7.39397326 7.51214379 6.94317112 6.76323662]","[0.10154971 0.10374283 0.10665649 0.1026532  0.16627364 0.14809384
 0.15281505 0.16741555 0.14386933 0.1346345  0.14129658 0.15205611]"
6,-4.0,8,0.1,0.1,"[10.0, -20.0, 0.0]","[0.9, 0.9, 1.0]","[8.20979296 7.97815997 7.72468696 7.97815997 6.82535261 7.05262492
 6.47374828 6.19760254 7.39397326 7.51214379 6.94317112 6.76323662]","[0.10154971 0.10374283 0.10665649 0.1026532  0.16627364 0.14809384
 0.15281505 0.16741555 0.14386933 0.1346345  0.14129658 0.15205611]"
6,-4.0,8,0.1,0.1,"[10.0, -20.0, 0.0]","[1.0, 1.0, 1.0]","[8.20979296 7.97815997 7.72468696 7.97815997 6.82535261 7.05262492
 6.47374828 6.19760254 7.39397326 7.51214379 6.94317112 6.76323662]","[0.10154971 0.10374283 0.10665649 0.1026532  0.16627364 0.14809384
 0.15281505 0.16741555 0.14386933 0.1346345  0.14129658 0.15205611]"
6,-4.0,8,0.1,0.1,"[10.0, -10.0, 0.0]","[0.6, 0.6, 1.0]","[8.20979296 7.97815997 7.72468696 7.97815997 6.82535261 7.05262492
 6.47374828 6.19760254 7.20025293 7.36645196 6.77125028 6.55132153]","[0.10154971 0.10374283 0.10665649 0.1026532  0.15630968 0.14417905
 0.15135739 0.16384477 0.14559435 0.13732371 0.14545587 0.15505882]"
6,-4.0,8,0.1,0.1,"[10.0, -10.0, 0.0]","[0.7, 0.7, 1.0]","[8.20979296 7.97815997 7.72468696 7.97815997 6.82535261 7.05262492
 6.47374828 6.19760254 7.20025293 7.36645196 6.77125028 6.55132153]","[0.10154971 0.10374283 0.10665649 0.1026532  0.15630968 0.14417905
 0.15135739 0.16384477 0.14559435 0.13732371 0.14545587 0.15505882]"
6,-4.0,8,0.1,0.1,"[10.0, -10.0, 0.0]","[0.8, 0.8, 1.0]","[8.20979296 7.97815997 7.72468696 7.97815997 6.82535261 7.05262492
 6.47374828 6.19760254 7.20025293 7.36645196 6.77125028 6.55132153]","[0.10154971 0.10374283 0.10665649 0.1026532  0.15630968 0.14417905
 0.15135739 0.16384477 0.14559435 0.13732371 0.14545587 0.15505882]"
6,-4.0,8,0.1,0.1,"[10.0, -10.0, 0.0]","[0.9, 0.9, 1.0]","[8.20979296 7.97815997 7.72468696 7.97815997 6.82535261 7.05262492
 6.47374828 6.19760254 7.20025293 7.36645196 6.77125028 6.55132153]","[0.10154971 0.10374283 0.10665649 0.1026532  0.15630968 0.14417905
 0.15135739 0.16384477 0.14559435 0.13732371 0.14545587 0.15505882]"
6,-4.0,8,0.1,0.1,"[10.0, -10.0, 0.0]","[1.0, 1.0, 1.0]","[8.20979296 7.97815997 7.72468696 7.97815997 6.82535261 7.05262492
 6.47374828 6.19760254 7.20025293 7.36645196 6.77125028 6.55132153]","[0.10154971 0.10374283 0.10665649 0.1026532  0.15630968 0.14417905
 0.15135739 0.16384477 0.14559435 0.13732371 0.14545587 0.15505882]"
6,-4.0,8,0.1,0.1,"[10.0, 0.0, 0.0]","[0.6, 0.6, 1.0]","[8.20979296 7.97815997 7.72468696 7.97815997 6.82535261 7.05262492
 6.47374828 6.19760254 7.01995391 7.1818798  6.63959611 6.45067192]","[0.10154971 0.10374283 0.10665649 0.1026532  0.15252759 0.14401228
 0.15574651 0.16622846 0.14816478 0.14126773 0.15003342 0.15784743]"
6,-4.0,8,0.1,0.1,"[10.0, 0.0, 0.0]","[0.7, 0.7, 1.0]","[8.20979296 7.97815997 7.72468696 7.97815997 6.82535261 7.05262492
 6.47374828 6.19760254 7.01995391 7.1818798  6.63959611 6.45067192]","[0.10154971 0.10374283 0.10665649 0.1026532  0.15252759 0.14401228
 0.15574651 0.16622846 0.14816478 0.14126773 0.15003342 0.15784743]"
6,-4.0,8,0.1,0.1,"[10.0, 0.0, 0.0]","[0.8, 0.8, 1.0]","[8.20979296 7.97815997 7.72468696 7.97815997 6.82535261 7.05262492
 6.47374828 6.19760254 7.01995391 7.1818798  6.63959611 6.45067192]","[0.10154971 0.10374283 0.10665649 0.1026532  0.15252759 0.14401228
 0.15574651 0.16622846 0.14816478 0.14126773 0.15003342 0.15784743]"
6,-4.0,8,0.1,0.1,"[10.0, 0.0, 0.0]","[0.9, 0.9, 1.0]","[8.20979296 7.97815997 7.72468696 7.97815997 6.82535261 7.05262492
 6.47374828 6.19760254 7.01995391 7.1818798  6.63959611 6.45067192]","[0.10154971 0.10374283 0.10665649 0.1026532  0.15252759 0.14401228
 0.15574651 0.16622846 0.14816478 0.14126773 0.15003342 0.15784743]"
6,-4.0,8,0.1,0.1,"[10.0, 0.0, 0.0]","[1.0, 1.0, 1.0]","[8.20979296 7.97815997 7.72468696 7.97815997 6.82535261 7.05262492
 6.47374828 6.19760254 7.01995391 7.1818798  6.63959611 6.45067192]","[0.10154971 0.10374283 0.10665649 0.1026532  0.15252759 0.14401228
 0.15574651 0.16622846 0.14816478 0.14126773 0.15003342 0.15784743]"
6,-4.0,8,0.1,0.1,"[10.0, 10.0, 0.0]","[0.6, 0.6, 1.0]","[8.20979296 7.97815997 7.72468696 7.97815997 6.82535261 7.05262492
 6.47374828 6.19760254 6.93834187 7.02572588 6.6063394  6.50720201]","[0.10154971 0.10374283 0.10665649 0.1026532  0.15659019 0.14862789
 0.16629067 0.17465783 0.15059375 0.14524398 0.15355139 0.15984661]"
6,-4.0,8,0.1,0.1,"[10.0, 10.0, 0.0]","[0.7, 0.7, 1.0]","[8.20979296 7.97815997 7.72468696 7.97815997 6.82535261 7.05262492
 6.47374828 6.19760254 6.93834187 7.02572588 6.6063394  6.50720201]","[0.10154971 0.10374283 0.10665649 0.1026532  0.15659019 0.14862789
 0.16629067 0.17465783 0.15059375 0.14524398 0.15355139 0.15984661]"
6,-4.0,8,0.1,0.1,"[10.0, 10.0, 0.0]","[0.8, 0.8, 1.0]","[8.20979296 7.97815997 7.72468696 7.97815997 6.82535261 7.05262492
 6.47374828 6.19760254 6.93834187 7.02572588 6.6063394  6.50720201]","[0.10154971 0.10374283 0.10665649 0.1026532  0.15659019 0.14862789
 0.16629067 0.17465783 0.15059375 0.14524398 0.15355139 0.15984661]"
6,-4.0,8,0.1,0.1,"[10.0, 10.0, 0.0]","[0.9, 0.9, 1.0]","[8.20979296 7.97815997 7.72468696 7.97815997 6.82535261 7.05262492
 6.47374828 6.19760254 6.93834187 7.02572588 6.6063394  6.50720201]","[0.10154971 0.10374283 0.10665649 0.1026532  0.15659019 0.14862789
 0.16629067 0.17465783 0.15059375 0.14524398 0.15355139 0.15984661]"
6,-4.0,8,0.1,0.1,"[10.0, 10.0, 0.0]","[1.0, 1.0, 1.0]","[8.20979296 7.97815997 7.72468696 7.97815997 6.82535261 7.05262492
 6.47374828 6.19760254 6.93834187 7.02572588 6.6063394  6.50720201]","[0.10154971 0.10374283 0.10665649 0.1026532  0.15659019 0.14862789
 0.16629067 0.17465783 0.15059375 0.14524398 0.15355139 0.15984661]"
6,-4.0,8,0.1,0.1,"[10.0, 20.0, 0.0]","[0.6, 0.6, 1.0]","[8.20979296 7.97815997 7.72468696 7.97815997 6.82535261 7.05262492
 6.47374828 6.19760254 6.9806257  6.9570081  6.665161   6.66707284]","[0.10154971 0.10374283 0.10665649 0.1026532  0.16614158 0.15635792
 0.18024673 0.18666419 0.15167451 0.14773403 0.15528442 0.16087253]"
6,-4.0,8,0.1,0.1,"[10.0, 20.0, 0.0]","[0.7, 0.7, 1.0]","[8.20979296 7.97815997 7.72468696 7.97815997 6.82535261 7.05262492
 6.47374828 6.19760254 6.9806257  6.9570081  6.665161   6.66707284]","[0.10154971 0.10374283 0.10665649 0.1026532  0.16614158 0.15635792
 0.18024673 0.18666419 0.15167451 0.14773403 0.15528442 0.16087253]"
6,-4.0,8,0.1,0.1,"[10.0, 20.0, 0.0]","[0.8, 0.8, 1.0]","[8.20979296 7.97815997 7.72468696 7.97815997 6.82535261 7.05262492
 6.47374828 6.19760254 6.9806257  6.9570081  6.665161   6.66707284]","[0.10154971 0.10374283 0.10665649 0.1026532  0.16614158 0.15635792
 0.18024673 0.18666419 0.15167451 0.14773403 0.15528442 0.16087253]"
6,-4.0,8,0.1,0.1,"[10.0, 20.0, 0.0]","[0.9, 0.9, 1.0]","[8.20979296 7.97815997 7.72468696 7.97815997 6.82535261 7.05262492
 6.47374828 6.19760254 6.9806257  6.9570081  6.665161   6.66707284]","[0.10154971 0.10374283 0.10665649 0.1026532  0.16614158 0.15635792
 0.18024673 0.18666419 0.15167451 0.14773403 0.15528442 0.16087253]"
6,-4.0,8,0.1,0.1,"[10.0, 20.0, 0.0]","[1.0, 1.0, 1.0]","[8.20979296 7.97815997 7.72468696 7.97815997 6.82535261 7.05262492
 6.47374828 6.19760254 6.9806257  6.9570081  6.665161   6.66707284]","[0.10154971 0.10374283 0.10665649 0.1026532  0.16614158 0.15635792
 0.18024673 0.18666419 0.15167451 0.14773403 0.15528442 0.16087253]"
6,-4.0,8,0.1,0.1,"[20.0, -20.0, 0.0]","[0.6, 0.6, 1.0]","[8.20979296 7.97815997 7.72468696 7.97815997 6.80081153 6.86846508
 6.48737108 6.37944447 7.32323376 7.43738955 6.88889004 6.70491476]","[0.10681204 0.10935979 0.11489387 0.10751197 0.16393948 0.15127551
 0.15184166 0.16096957 0.14474865 0.13608367 0.14254898 0.15280808]"
6,-4.0,8,0.1,0.1,"[20.0, -20.0, 0.0]","[0.7, 0.7, 1.0]","[8.20979296 7.97815997 7.72468696 7.97815997 6.80081153 6.86846508
 6.48737108 6.37944447 7.32323376 7.43738955 6.88889004 6.70491476]","[0.10681204 0.10935979 0.11489387 0.10751197 0.16393948 0.15127551
 0.15184166 0.16096957 0.14474865 0.13608367 0.14254898 0.15280808]"
6,-4.0,8,0.1,0.1,"[20.0, -20.0, 0.0]","[0.8, 0.8, 1.0]","[8.20979296 7.97815997 7.72468696 7.97815997 6.80081153 6.86846508
 6.48737108 6.37944447 7.32323376 7.43738955 6.88889004 6.70491476]","[0.10681204 0.10935979 0.11489387 0.10751197 0.16393948 0.15127551
 0.15184166 0.16096957 0.14474865 0.13608367 0.14254898 0.15280808]"
6,-4.0,8,0.1,0.1,"[20.0, -20.0, 0.0]","[0.9, 0.9, 1.0]","[8.20979296 7.97815997 7.72468696 7.97815997 6.80081153 6.86846508
 6.48737108 6.37944447 7.32323376 7.43738955 6.88889004 6.70491476]","[0.10681204 0.10935979 0.11489387 0.10751197 0.16393948 0.15127551
 0.15184166 0.16096957 0.14474865 0.13608367 0.14254898 0.15280808]"
6,-4.0,8,0.1,0.1,"[20.0, -20.0, 0.0]","[1.0, 1.0, 1.0]","[8.20979296 7.97815997 7.72468696 7.97815997 6.80081153 6.86846508
 6.48737108 6.37944447 7.32323376 7.43738955 6.88889004 6.70491476]","[0.10681204 0.10935979 0.11489387 0.10751197 0.16393948 0.15127551
 0.15184166 0.16096957 0.14474865 0.13608367 0.14254898 0.15280808]"
6,-4.0,8,0.1,0.1,"[20.0, -10.0, 0.0]","[0.6, 0.6, 1.0]","[8.20979296 7.97815997 7.72468696 7.97815997 6.80081153 6.86846508
 6.48737108 6.37944447 7.12795227 7.2807754  6.72083162 6.51912786]","[0.10681204 0.10935979 0.11489387 0.10751197 0.15578803 0.14790807
 0.1520969  0.16048027 0.14674458 0.13911583 0.14691783 0.15577197]"
6,-4.0,8,0.1,0.1,"[20.0, -10.0, 0.0]","[0.7, 0.7, 1.0]","[8.20979296 7.97815997 7.72468696 7.97815997 6.80081153 6.86846508
 6.48737108 6.37944447 7.12795227 7.2807754  6.72083162 6.51912786]","[0.10681204 0.10935979 0.11489387 0.10751197 0.15578803 0.14790807
 0.1520969  0.16048027 0.14674458 0.13911583 0.14691783 0.15577197]"
6,-4.0,8,0.1,0.1,"[20.0, -10.0, 0.0]","[0.8, 0.8, 1.0]","[8.20979296 7.97815997 7.72468696 7.97815997 6.80081153 6.86846508
 6.48737108 6.37944447 7.12795227 7.2807754  6.72083162 6.51912786]","[0.10681204 0.10935979 0.11489387 0.10751197 0.15578803 0.14790807
 0.1520969  0.16048027 0.14674458 0.13911583 0.14691783 0.15577197]"
6,-4.0,8,0.1,0.1,"[20.0, -10.0, 0.0]","[0.9, 0.9, 1.0]","[8.20979296 7.97815997 7.72468696 7.97815997 6.80081153 6.86846508
 6.48737108 6.37944447 7.12795227 7.2807754  6.72083162 6.51912786]","[0.10681204 0.10935979 0.11489387 0.10751197 0.15578803 0.14790807
 0.1520969  0.16048027 0.14674458 0.13911583 0.14691783 0.15577197]"
6,-4.0,8,0.1,0.1,"[20.0, -10.0, 0.0]","[1.0, 1.0, 1.0]","[8.20979296 7.97815997 7.72468696 7.97815997 6.80081153 6.86846508
 6.48737108 6.37944447 7.12795227 7.2807754  6.72083162 6.51912786]","[0.10681204 0.10935979 0.11489387 0.10751197 0.15578803 0.14790807
 0.1520969  0.16048027 0.14674458 0.13911583 0.14691783 0.15577197]"
6,-4.0,8,0.1,0.1,"[20.0, 0.0, 0.0]","[0.6, 0.6, 1.0]","[8.20979296 7.97815997 7.72468696 7.97815997 6.80081153 6.86846508
 6.48737108 6.37944447 6.96883061 7.09467201 6.61022045 6.46969102]","[0.10681204 0.10935979 0.11489387 0.10751197 0.15448444 0.14882664
 0.15829886 0.16601009 0.14932832 0.14331222 0.15134624 0.15808153]"
6,-4.0,8,0.1,0.1,"[20.0, 0.0, 0.0]","[0.7, 0.7, 1.0]","[8.20979296 7.97815997 7.72468696 7.97815997 6.80081153 6.86846508
 6.48737108 6.37944447 6.96883061 7.09467201 6.61022045 6.46969102]","[0.10681204 0.10935979 0.11489387 0.10751197 0.15448444 0.14882664
 0.15829886 0.16601009 0.14932832 0.14331222 0.15134624 0.15808153]"
6,-4.0,8,0.1,0.1,"[20.0, 0.0, 0.0]","[0.8, 0.8, 1.0]","[8.20979296 7.97815997 7.72468696 7.97815997 6.80081153 6.86846508
 6.48737108 6.37944447 6.96883061 7.09467201 6.61022045 6.46969102]","[0.10681204 0.10935979 0.11489387 0.10751197 0.15448444 0.14882664
 0.15829886 0.16601009 0.14932832 0.14331222 0.15134624 0.15808153]"
6,-4.0,8,0.1,0.1,"[20.0, 0.0, 0.0]","[0.9, 0.9, 1.0]","[8.20979296 7.97815997 7.72468696 7.97815997 6.80081153 6.86846508
 6.48737108 6.37944447 6.96883061 7.09467201 6.61022045 6.46969102]","[0.10681204 0.10935979 0.11489387 0.10751197 0.15448444 0.14882664
 0.15829886 0.16601009 0.14932832 0.14331222 0.15134624 0.15808153]"
6,-4.0,8,0.1,0.1,"[20.0, 0.0, 0.0]","[1.0, 1.0, 1.0]","[8.20979296 7.97815997 7.72468696 7.97815997 6.80081153 6.86846508
 6.48737108 6.37944447 6.96883061 7.09467201 6.61022045 6.46969102]","[0.10681204 0.10935979 0.11489387 0.10751197 0.15448444 0.14882664
 0.15829886 0.16601009 0.14932832 0.14331222 0.15134624 0.15808153]"
6,-4.0,8,0.1,0.1,"[20.0, 10.0, 0.0]","[0.6, 0.6, 1.0]","[8.20979296 7.97815997 7.72468696 7.97815997 6.80081153 6.86846508
 6.48737108 6.37944447 6.92356164 6.95581057 6.60282884 6.56671507]","[0.10681204 0.10935979 0.11489387 0.10751197 0.16119479 0.15493211
 0.17042096 0.17699543 0.15149512 0.14716408 0.15451863 0.15977162]"
6,-4.0,8,0.1,0.1,"[20.0, 10.0, 0.0]","[0.7, 0.7, 1.0]","[8.20979296 7.97815997 7.72468696 7.97815997 6.80081153 6.86846508
 6.48737108 6.37944447 6.92356164 6.95581057 6.60282884 6.56671507]","[0.10681204 0.10935979 0.11489387 0.10751197 0.16119479 0.15493211
 0.17042096 0.17699543 0.15149512 0.14716408 0.15451863 0.15977162]"
6,-4.0,8,0.1,0.1,"[20.0, 10.0, 0.0]","[0.8, 0.8, 1.0]","[8.20979296 7.97815997 7.72468696 7.97815997 6.80081153 6.86846508
 6.48737108 6.37944447 6.92356164 6.95581057 6.60282884 6.56671507]","[0.10681204 0.10935979 0.11489387 0.10751197 0.16119479 0.15493211
 0.17042096 0.17699543 0.15149512 0.14716408 0.15451863 0.15977162]"
6,-4.0,8,0.1,0.1,"[20.0, 10.0, 0.0]","[0.9, 0.9, 1.0]","[8.20979296 7.97815997 7.72468696 7.97815997 6.80081153 6.86846508
 6.48737108 6.37944447 6.92356164 6.95581057 6.60282884 6.56671507]","[0.10681204 0.10935979 0.11489387 0.10751197 0.16119479 0.15493211
 0.17042096 0.17699543 0.15149512 0.14716408 0.15451863 0.15977162]"
6,-4.0,8,0.1,0.1,"[20.0, 10.0, 0.0]","[1.0, 1.0, 1.0]","[8.20979296 7.97815997 7.72468696 7.97815997 6.80081153 6.86846508
 6.48737108 6.37944447 6.92356164 6.95581057 6.60282884 6.56671507]","[0.10681204 0.10935979 0.11489387 0.10751197 0.16119479 0.15493211
 0.17042096 0.17699543 0.15149512 0.14716408 0.15451863 0.15977162]"
6,-4.0,8,0.1,0.1,"[20.0, 20.0, 0.0]","[0.6, 0.6, 1.0]","[8.20979296 7.97815997 7.72468696 7.97815997 6.80081153 6.86846508
 6.48737108 6.37944447 6.9932577  6.91470398 6.67791383 6.73623627]","[0.10681204 0.10935979 0.11489387 0.10751197 0.17294763 0.16417256
 0.18549043 0.19061104 0.15234774 0.14921147 0.15602867 0.16100114]"
6,-4.0,8,0.1,0.1,"[20.0, 20.0, 0.0]","[0.7, 0.7, 1.0]","[8.20979296 7.97815997 7.72468696 7.97815997 6.80081153 6.86846508
 6.48737108 6.37944447 6.9932577  6.91470398 6.67791383 6.73623627]","[0.10681204 0.10935979 0.11489387 0.10751197 0.17294763 0.16417256
 0.18549043 0.19061104 0.15234774 0.14921147 0.15602867 0.16100114]"
6,-4.0,8,0.1,0.1,"[20.0, 20.0, 0.0]","[0.8, 0.8, 1.0]","[8.20979296 7.97815997 7.72468696 7.97815997 6.80081153 6.86846508
 6.48737108 6.37944447 6.9932577  6.91470398 6.67791383 6.73623627]","[0.10681204 0.10935979 0.11489387 0.10751197 0.17294763 0.16417256
 0.18549043 0.19061104 0.15234774 0.14921147 0.15602867 0.16100114]"
6,-4.0,8,0.1,0.1,"[20.0, 20.0, 0.0]","[0.9, 0.9, 1.0]","[8.20979296 7.97815997 7.72468696 7.97815997 6.80081153 6.86846508
 6.48737108 6.37944447 6.9932577  6.91470398 6.67791383 6.73623627]","[0.10681204 0.10935979 0.11489387 0.10751197 0.17294763 0.16417256
 0.18549043 0.19061104 0.15234774 0.14921147 0.15602867 0.16100114]"
6,-4.0,8,0.1,0.1,"[20.0, 20.0, 0.0]","[1.0, 1.0, 1.0]","[8.20979296 7.97815997 7.72468696 7.97815997 6.80081153 6.86846508
 6.48737108 6.37944447 6.9932577  6.91470398 6.67791383 6.73623627]","[0.10681204 0.10935979 0.11489387 0.10751197 0.17294763 0.16417256
 0.18549043 0.19061104 0.15234774 0.14921147 0.15602867 0.16100114]"
6,-4.0,8,0.1,0.1,"[30.0, -20.0, 0.0]","[0.6, 0.6, 1.0]","[8.20979296 7.97815997 7.72468696 7.97815997 6.9256597  6.81731554
 6.61039011 6.67499064 7.29921844 7.40047134 6.87014396 6.69493031]","[0.11317814 0.11526931 0.12291848 0.11280072 0.15938107 0.15184777
 0.14906592 0.15402472 0.14489701 0.13686665 0.14310295 0.15273781]"
6,-4.0,8,0.1,0.1,"[30.0, -20.0, 0.0]","[0.7, 0.7, 1.0]","[8.20979296 7.97815997 7.72468696 7.97815997 6.9256597  6.81731554
 6.61039011 6.67499064 7.29921844 7.40047134 6.87014396 6.69493031]","[0.11317814 0.11526931 0.12291848 0.11280072 0.15938107 0.15184777
 0.14906592 0.15402472 0.14489701 0.13686665 0.14310295 0.15273781]"
6,-4.0,8,0.1,0.1,"[30.0, -20.0, 0.0]","[0.8, 0.8, 1.0]","[8.20979296 7.97815997 7.72468696 7.97815997 6.9256597  6.81731554
 6.61039011 6.67499064 7.29921844 7.40047134 6.87014396 6.69493031]","[0.11317814 0.11526931 0.12291848 0.11280072 0.15938107 0.15184777
 0.14906592 0.15402472 0.14489701 0.13686665 0.14310295 0.15273781]"
6,-4.0,8,0.1,0.1,"[30.0, -20.0, 0.0]","[0.9, 0.9, 1.0]","[8.20979296 7.97815997 7.72468696 7.97815997 6.9256597  6.81731554
 6.61039011 6.67499064 7.29921844 7.40047134 6.87014396 6.69493031]","[0.11317814 0.11526931 0.12291848 0.11280072 0.15938107 0.15184777
 0.14906592 0.15402472 0.14489701 0.13686665 0.14310295 0.15273781]"
6,-4.0,8,0.1,0.1,"[30.0, -20.0, 0.0]","[1.0, 1.0, 1.0]","[8.20979296 7.97815997 7.72468696 7.97815997 6.9256597  6.81731554
 6.61039011 6.67499064 7.29921844 7.40047134 6.87014396 6.69493031]","[0.11317814 0.11526931 0.12291848 0.11280072 0.15938107 0.15184777
 0.14906592 0.15402472 0.14489701 0.13686665 0.14310295 0.15273781]"
6,-4.0,8,0.1,0.1,"[30.0, -10.0, 0.0]","[0.6, 0.6, 1.0]","[8.20979296 7.97815997 7.72468696 7.97815997 6.9256597  6.81731554
 6.61039011 6.67499064 7.10200523 7.2309311  6.70383001 6.53193433]","[0.11317814 0.11526931 0.12291848 0.11280072 0.15296247 0.14907486
 0.15045428 0.1554279  0.14710563 0.14024678 0.14763948 0.15559095]"
6,-4.0,8,0.1,0.1,"[30.0, -10.0, 0.0]","[0.7, 0.7, 1.0]","[8.20979296 7.97815997 7.72468696 7.97815997 6.9256597  6.81731554
 6.61039011 6.67499064 7.10200523 7.2309311  6.70383001 6.53193433]","[0.11317814 0.11526931 0.12291848 0.11280072 0.15296247 0.14907486
 0.15045428 0.1554279  0.14710563 0.14024678 0.14763948 0.15559095]"
6,-4.0,8,0.1,0.1,"[30.0, -10.0, 0.0]","[0.8, 0.8, 1.0]","[8.20979296 7.97815997 7.72468696 7.97815997 6.9256597  6.81731554
 6.61039011 6.67499064 7.10200523 7.2309311  6.70383001 6.53193433]","[0.11317814 0.11526931 0.12291848 0.11280072 0.15296247 0.14907486
 0.15045428 0.1554279  0.14710563 0.14024678 0.14763948 0.15559095]"
6,-4.0,8,0.1,0.1,"[30.0, -10.0, 0.0]","[0.9, 0.9, 1.0]","[8.20979296 7.97815997 7.72468696 7.97815997 6.9256597  6.81731554
 6.61039011 6.67499064 7.10200523 7.2309311  6.70383001 6.53193433]","[0.11317814 0.11526931 0.12291848 0.11280072 0.15296247 0.14907486
 0.15045428 0.1554279  0.14710563 0.14024678 0.14763948 0.15559095]"
6,-4.0,8,0.1,0.1,"[30.0, -10.0, 0.0]","[1.0, 1.0, 1.0]","[8.20979296 7.97815997 7.72468696 7.97815997 6.9256597  6.81731554
 6.61039011 6.67499064 7.10200523 7.2309311  6.70383001 6.53193433]","[0.11317814 0.11526931 0.12291848 0.11280072 0.15296247 0.14907486
 0.15045428 0.1554279  0.14710563 0.14024678 0.14763948 0.15559095]"
6,-4.0,8,0.1,0.1,"[30.0, 0.0, 0.0]","[0.6, 0.6, 1.0]","[8.20979296 7.97815997 7.72468696 7.97815997 6.9256597  6.81731554
 6.61039011 6.67499064 6.95889837 7.04320584 6.60744883 6.51629875]","[0.11317814 0.11526931 0.12291848 0.11280072 0.15340316 0.15086649
 0.15755068 0.16241187 0.14969478 0.14464137 0.15196813 0.15762645]"
6,-4.0,8,0.1,0.1,"[30.0, 0.0, 0.0]","[0.7, 0.7, 1.0]","[8.20979296 7.97815997 7.72468696 7.97815997 6.9256597  6.81731554
 6.61039011 6.67499064 6.95889837 7.04320584 6.60744883 6.51629875]","[0.11317814 0.11526931 0.12291848 0.11280072 0.15340316 0.15086649
 0.15755068 0.16241187 0.14969478 0.14464137 0.15196813 0.15762645]"
6,-4.0,8,0.1,0.1,"[30.0, 0.0, 0.0]","[0.8, 0.8, 1.0]","[8.20979296 7.97815997 7.72468696 7.97815997 6.9256597  6.81731554
 6.61039011 6.67499064 6.95889837 7.04320584 6.60744883 6.51629875]","[0.11317814 0.11526931 0.12291848 0.11280072 0.15340316 0.15086649
 0.15755068 0.16241187 0.14969478 0.14464137 0.15196813 0.15762645]"
6,-4.0,8,0.1,0.1,"[30.0, 0.0, 0.0]","[0.9, 0.9, 1.0]","[8.20979296 7.97815997 7.72468696 7.97815997 6.9256597  6.81731554
 6.61039011 6.67499064 6.95889837 7.04320584 6.60744883 6.51629875]","[0.11317814 0.11526931 0.12291848 0.11280072 0.15340316 0.15086649
 0.15755068 0.16241187 0.14969478 0.14464137 0.15196813 0.15762645]"
6,-4.0,8,0.1,0.1,"[30.0, 0.0, 0.0]","[1.0, 1.0, 1.0]","[8.20979296 7.97815997 7.72468696 7.97815997 6.9256597  6.81731554
 6.61039011 6.67499064 6.95889837 7.04320584 6.60744883 6.51629875]","[0.11317814 0.11526931 0.12291848 0.11280072 0.15340316 0.15086649
 0.15755068 0.16241187 0.14969478 0.14464137 0.15196813 0.15762645]"
6,-4.0,8,0.1,0.1,"[30.0, 10.0, 0.0]","[0.6, 0.6, 1.0]","[8.20979296 7.97815997 7.72468696 7.97815997 6.9256597  6.81731554
 6.61039011 6.67499064 6.93692829 6.91851161 6.61639293 6.63387052]","[0.11317814 0.11526931 0.12291848 0.11280072 0.1614278  0.1579551
 0.17012447 0.17406478 0.15171451 0.14835415 0.15493083 0.1592717 ]"
6,-4.0,8,0.1,0.1,"[30.0, 10.0, 0.0]","[0.7, 0.7, 1.0]","[8.20979296 7.97815997 7.72468696 7.97815997 6.9256597  6.81731554
 6.61039011 6.67499064 6.93692829 6.91851161 6.61639293 6.63387052]","[0.11317814 0.11526931 0.12291848 0.11280072 0.1614278  0.1579551
 0.17012447 0.17406478 0.15171451 0.14835415 0.15493083 0.1592717 ]"
6,-4.0,8,0.1,0.1,"[30.0, 10.0, 0.0]","[0.8, 0.8, 1.0]","[8.20979296 7.97815997 7.72468696 7.97815997 6.9256597  6.81731554
 6.61039011 6.67499064 6.93692829 6.91851161 6.61639293 6.63387052]","[0.11317814 0.11526931 0.12291848 0.11280072 0.1614278  0.1579551
 0.17012447 0.17406478 0.15171451 0.14835415 0.15493083 0.1592717 ]"
6,-4.0,8,0.1,0.1,"[30.0, 10.0, 0.0]","[0.9, 0.9, 1.0]","[8.20979296 7.97815997 7.72468696 7.97815997 6.9256597  6.81731554
 6.61039011 6.67499064 6.93692829 6.91851161 6.61639293 6.63387052]","[0.11317814 0.11526931 0.12291848 0.11280072 0.1614278  0.1579551
 0.17012447 0.17406478 0.15171451 0.14835415 0.15493083 0.1592717 ]"
6,-4.0,8,0.1,0.1,"[30.0, 10.0, 0.0]","[1.0, 1.0, 1.0]","[8.20979296 7.97815997 7.72468696 7.97815997 6.9256597  6.81731554
 6.61039011 6.67499064 6.93692829 6.91851161 6.61639293 6.63387052]","[0.11317814 0.11526931 0.12291848 0.11280072 0.1614278  0.1579551
 0.17012447 0.17406478 0.15171451 0.14835415 0.15493083 0.1592717 ]"
6,-4.0,8,0.1,0.1,"[30.0, 20.0, 0.0]","[0.6, 0.6, 1.0]","[8.20979296 7.97815997 7.72468696 7.97815997 6.9256597  6.81731554
 6.61039011 6.67499064 7.0219513  6.89735612 6.70169492 6.80587313]","[0.11317814 0.11526931 0.12291848 0.11280072 0.17389382 0.16807198
 0.18521697 0.18761622 0.15247564 0.15006153 0.15630369 0.160722  ]"
6,-4.0,8,0.1,0.1,"[30.0, 20.0, 0.0]","[0.7, 0.7, 1.0]","[8.20979296 7.97815997 7.72468696 7.97815997 6.9256597  6.81731554
 6.61039011 6.67499064 7.0219513  6.89735612 6.70169492 6.80587313]","[0.11317814 0.11526931 0.12291848 0.11280072 0.17389382 0.16807198
 0.18521697 0.18761622 0.15247564 0.15006153 0.15630369 0.160722  ]"
6,-4.0,8,0.1,0.1,"[30.0, 20.0, 0.0]","[0.8, 0.8, 1.0]","[8.20979296 7.97815997 7.72468696 7.97815997 6.9256597  6.81731554
 6.61039011 6.67499064 7.0219513  6.89735612 6.70169492 6.80587313]","[0.11317814 0.11526931 0.12291848 0.11280072 0.17389382 0.16807198
 0.18521697 0.18761622 0.15247564 0.15006153 0.15630369 0.160722  ]"
6,-4.0,8,0.1,0.1,"[30.0, 20.0, 0.0]","[0.9, 0.9, 1.0]","[8.20979296 7.97815997 7.72468696 7.97815997 6.9256597  6.81731554
 6.61039011 6.67499064 7.0219513  6.89735612 6.70169492 6.80587313]","[0.11317814 0.11526931 0.12291848 0.11280072 0.17389382 0.16807198
 0.18521697 0.18761622 0.15247564 0.15006153 0.15630369 0.160722  ]"
6,-4.0,8,0.1,0.1,"[30.0, 20.0, 0.0]","[1.0, 1.0, 1.0]","[8.20979296 7.97815997 7.72468696 7.97815997 6.9256597  6.81731554
 6.61039011 6.67499064 7.0219513  6.89735612 6.70169492 6.80587313]","[0.11317814 0.11526931 0.12291848 0.11280072 0.17389382 0.16807198
 0.18521697 0.18761622 0.15247564 0.15006153 0.15630369 0.160722  ]"
6,0.0,8,0.1,0.1,"[-30.0, -20.0, 0.0]","[0.6, 0.6, 1.0]","[8.20979296 7.97815997 7.72468696 7.97815997 7.27622696 7.40498739
 6.76929027 6.56657146 7.32711313 7.28160221 6.75500231 6.73081381]","[0.1209598  0.11156241 0.10869167 0.11054631 0.18840275 0.15676205
 0.1605781  0.17988066 0.1688018  0.14967023 0.14784203 0.16050113]"
6,0.0,8,0.1,0.1,"[-30.0, -20.0, 0.0]","[0.7, 0.7, 1.0]","[8.20979296 7.97815997 7.72468696 7.97815997 7.27622696 7.40498739
 6.76929027 6.56657146 7.32711313 7.28160221 6.75500231 6.73081381]","[0.1209598  0.11156241 0.10869167 0.11054631 0.18840275 0.15676205
 0.1605781  0.17988066 0.1688018  0.14967023 0.14784203 0.16050113]"
6,0.0,8,0.1,0.1,"[-30.0, -20.0, 0.0]","[0.8, 0.8, 1.0]","[8.20979296 7.97815997 7.72468696 7.97815997 7.27622696 7.40498739
 6.76929027 6.56657146 7.32711313 7.28160221 6.75500231 6.73081381]","[0.1209598  0.11156241 0.10869167 0.11054631 0.18840275 0.15676205
 0.1605781  0.17988066 0.1688018  0.14967023 0.14784203 0.16050113]"
6,0.0,8,0.1,0.1,"[-30.0, -20.0, 0.0]","[0.9, 0.9, 1.0]","[8.20979296 7.97815997 7.72468696 7.97815997 7.27622696 7.40498739
 6.76929027 6.56657146 7.32711313 7.28160221 6.75500231 6.73081381]","[0.1209598  0.11156241 0.10869167 0.11054631 0.18840275 0.15676205
 0.1605781  0.17988066 0.1688018  0.14967023 0.14784203 0.16050113]"
6,0.0,8,0.1,0.1,"[-30.0, -20.0, 0.0]","[1.0, 1.0, 1.0]","[8.20979296 7.97815997 7.72468696 7.97815997 7.27622696 7.40498739
 6.76929027 6.56657146 7.32711313 7.28160221 6.75500231 6.73081381]","[0.1209598  0.11156241 0.10869167 0.11054631 0.18840275 0.15676205
 0.1605781  0.17988066 0.1688018  0.14967023 0.14784203 0.16050113]"
6,0.0,8,0.1,0.1,"[-30.0, -10.0, 0.0]","[0.6, 0.6, 1.0]","[8.20979296 7.97815997 7.72468696 7.97815997 7.27622696 7.40498739
 6.76929027 6.56657146 7.15070781 7.10752562 6.58618354 6.56569507]","[0.1209598  0.11156241 0.10869167 0.11054631 0.17130291 0.1479284
 0.15105716 0.16761721 0.16468926 0.14968133 0.14943545 0.16005147]"
6,0.0,8,0.1,0.1,"[-30.0, -10.0, 0.0]","[0.7, 0.7, 1.0]","[8.20979296 7.97815997 7.72468696 7.97815997 7.27622696 7.40498739
 6.76929027 6.56657146 7.15070781 7.10752562 6.58618354 6.56569507]","[0.1209598  0.11156241 0.10869167 0.11054631 0.17130291 0.1479284
 0.15105716 0.16761721 0.16468926 0.14968133 0.14943545 0.16005147]"
6,0.0,8,0.1,0.1,"[-30.0, -10.0, 0.0]","[0.8, 0.8, 1.0]","[8.20979296 7.97815997 7.72468696 7.97815997 7.27622696 7.40498739
 6.76929027 6.56657146 7.15070781 7.10752562 6.58618354 6.56569507]","[0.1209598  0.11156241 0.10869167 0.11054631 0.17130291 0.1479284
 0.15105716 0.16761721 0.16468926 0.14968133 0.14943545 0.16005147]"
6,0.0,8,0.1,0.1,"[-30.0, -10.0, 0.0]","[0.9, 0.9, 1.0]","[8.20979296 7.97815997 7.72468696 7.97815997 7.27622696 7.40498739
 6.76929027 6.56657146 7.15070781 7.10752562 6.58618354 6.56569507]","[0.1209598  0.11156241 0.10869167 0.11054631 0.17130291 0.1479284
 0.15105716 0.16761721 0.16468926 0.14968133 0.14943545 0.16005147]"
6,0.0,8,0.1,0.1,"[-30.0, -10.0, 0.0]","[1.0, 1.0, 1.0]","[8.20979296 7.97815997 7.72468696 7.97815997 7.27622696 7.40498739
 6.76929027 6.56657146 7.15070781 7.10752562 6.58618354 6.56569507]","[0.1209598  0.11156241 0.10869167 0.11054631 0.17130291 0.1479284
 0.15105716 0.16761721 0.16468926 0.14968133 0.14943545 0.16005147]"
6,0.0,8,0.1,0.1,"[-30.0, 0.0, 0.0]","[0.6, 0.6, 1.0]","[8.20979296 7.97815997 7.72468696 7.97815997 7.27622696 7.40498739
 6.76929027 6.56657146 6.97500137 6.90585832 6.45047983 6.47997285]","[0.1209598  0.11156241 0.10869167 0.11054631 0.15658862 0.1410741
 0.14518033 0.15850561 0.16074333 0.15107796 0.15179217 0.1584712 ]"
6,0.0,8,0.1,0.1,"[-30.0, 0.0, 0.0]","[0.7, 0.7, 1.0]","[8.20979296 7.97815997 7.72468696 7.97815997 7.27622696 7.40498739
 6.76929027 6.56657146 6.97500137 6.90585832 6.45047983 6.47997285]","[0.1209598  0.11156241 0.10869167 0.11054631 0.15658862 0.1410741
 0.14518033 0.15850561 0.16074333 0.15107796 0.15179217 0.1584712 ]"
6,0.0,8,0.1,0.1,"[-30.0, 0.0, 0.0]","[0.8, 0.8, 1.0]","[8.20979296 7.97815997 7.72468696 7.97815997 7.27622696 7.40498739
 6.76929027 6.56657146 6.97500137 6.90585832 6.45047983 6.47997285]","[0.1209598  0.11156241 0.10869167 0.11054631 0.15658862 0.1410741
 0.14518033 0.15850561 0.16074333 0.15107796 0.15179217 0.1584712 ]"
6,0.0,8,0.1,0.1,"[-30.0, 0.0, 0.0]","[0.9, 0.9, 1.0]","[8.20979296 7.97815997 7.72468696 7.97815997 7.27622696 7.40498739
 6.76929027 6.56657146 6.97500137 6.90585832 6.45047983 6.47997285]","[0.1209598  0.11156241 0.10869167 0.11054631 0.15658862 0.1410741
 0.14518033 0.15850561 0.16074333 0.15107796 0.15179217 0.1584712 ]"
6,0.0,8,0.1,0.1,"[-30.0, 0.0, 0.0]","[1.0, 1.0, 1.0]","[8.20979296 7.97815997 7.72468696 7.97815997 7.27622696 7.40498739
 6.76929027 6.56657146 6.97500137 6.90585832 6.45047983 6.47997285]","[0.1209598  0.11156241 0.10869167 0.11054631 0.15658862 0.1410741
 0.14518033 0.15850561 0.16074333 0.15107796 0.15179217 0.1584712 ]"
6,0.0,8,0.1,0.1,"[-30.0, 10.0, 0.0]","[0.6, 0.6, 1.0]","[8.20979296 7.97815997 7.72468696 7.97815997 7.27622696 7.40498739
 6.76929027 6.56657146 6.87161592 6.73518221 6.41659277 6.54059119]","[0.1209598  0.11156241 0.10869167 0.11054631 0.14730977 0.1381338
 0.14489662 0.15434549 0.15693655 0.15361781 0.15404544 0.15510327]"
6,0.0,8,0.1,0.1,"[-30.0, 10.0, 0.0]","[0.7, 0.7, 1.0]","[8.20979296 7.97815997 7.72468696 7.97815997 7.27622696 7.40498739
 6.76929027 6.56657146 6.87161592 6.73518221 6.41659277 6.54059119]","[0.1209598  0.11156241 0.10869167 0.11054631 0.14730977 0.1381338
 0.14489662 0.15434549 0.15693655 0.15361781 0.15404544 0.15510327]"
6,0.0,8,0.1,0.1,"[-30.0, 10.0, 0.0]","[0.8, 0.8, 1.0]","[8.20979296 7.97815997 7.72468696 7.97815997 7.27622696 7.40498739
 6.76929027 6.56657146 6.87161592 6.73518221 6.41659277 6.54059119]","[0.1209598  0.11156241 0.10869167 0.11054631 0.14730977 0.1381338
 0.14489662 0.15434549 0.15693655 0.15361781 0.15404544 0.15510327]"
6,0.0,8,0.1,0.1,"[-30.0, 10.0, 0.0]","[0.9, 0.9, 1.0]","[8.20979296 7.97815997 7.72468696 7.97815997 7.27622696 7.40498739
 6.76929027 6.56657146 6.87161592 6.73518221 6.41659277 6.54059119]","[0.1209598  0.11156241 0.10869167 0.11054631 0.14730977 0.1381338
 0.14489662 0.15434549 0.15693655 0.15361781 0.15404544 0.15510327]"
6,0.0,8,0.1,0.1,"[-30.0, 10.0, 0.0]","[1.0, 1.0, 1.0]","[8.20979296 7.97815997 7.72468696 7.97815997 7.27622696 7.40498739
 6.76929027 6.56657146 6.87161592 6.73518221 6.41659277 6.54059119]","[0.1209598  0.11156241 0.10869167 0.11054631 0.14730977 0.1381338
 0.14489662 0.15434549 0.15693655 0.15361781 0.15404544 0.15510327]"
6,0.0,8,0.1,0.1,"[-30.0, 20.0, 0.0]","[0.6, 0.6, 1.0]","[8.20979296 7.97815997 7.72468696 7.97815997 7.27622696 7.40498739
 6.76929027 6.56657146 6.90204991 6.6671552  6.50618774 6.73677279]","[0.1209598  0.11156241 0.10869167 0.11054631 0.14395262 0.13921879
 0.14971338 0.15488925 0.1529074  0.15602681 0.155356   0.15050696]"
6,0.0,8,0.1,0.1,"[-30.0, 20.0, 0.0]","[0.7, 0.7, 1.0]","[8.20979296 7.97815997 7.72468696 7.97815997 7.27622696 7.40498739
 6.76929027 6.56657146 6.90204991 6.6671552  6.50618774 6.73677279]","[0.1209598  0.11156241 0.10869167 0.11054631 0.14395262 0.13921879
 0.14971338 0.15488925 0.1529074  0.15602681 0.155356   0.15050696]"
6,0.0,8,0.1,0.1,"[-30.0, 20.0, 0.0]","[0.8, 0.8, 1.0]","[8.20979296 7.97815997 7.72468696 7.97815997 7.27622696 7.40498739
 6.76929027 6.56657146 6.90204991 6.6671552  6.50618774 6.73677279]","[0.1209598  0.11156241 0.10869167 0.11054631 0.14395262 0.13921879
 0.14971338 0.15488925 0.1529074  0.15602681 0.155356   0.15050696]"
6,0.0,8,0.1,0.1,"[-30.0, 20.0, 0.0]","[0.9, 0.9, 1.0]","[8.20979296 7.97815997 7.72468696 7.97815997 7.27622696 7.40498739
 6.76929027 6.56657146 6.90204991 6.6671552  6.50618774 6.73677279]","[0.1209598  0.11156241 0.10869167 0.11054631 0.14395262 0.13921879
 0.14971338 0.15488925 0.1529074  0.15602681 0.155356   0.15050696]"
6,0.0,8,0.1,0.1,"[-30.0, 20.0, 0.0]","[1.0, 1.0, 1.0]","[8.20979296 7.97815997 7.72468696 7.97815997 7.27622696 7.40498739
 6.76929027 6.56657146 6.90204991 6.6671552  6.50618774 6.73677279]","[0.1209598  0.11156241 0.10869167 0.11054631 0.14395262 0.13921879
 0.14971338 0.15488925 0.1529074  0.15602681 0.155356   0.15050696]"
6,0.0,8,0.1,0.1,"[-20.0, -20.0, 0.0]","[0.6, 0.6, 1.0]","[8.20979296 7.97815997 7.72468696 7.97815997 6.98411698 7.08988274
 6.48772251 6.32442579 7.22083956 7.17163202 6.65449129 6.63830429]","[0.11282397 0.10665625 0.10397174 0.10568867 0.19022568 0.16062476
 0.16403365 0.18212537 0.16656796 0.14987971 0.14880498 0.16020804]"
6,0.0,8,0.1,0.1,"[-20.0, -20.0, 0.0]","[0.7, 0.7, 1.0]","[8.20979296 7.97815997 7.72468696 7.97815997 6.98411698 7.08988274
 6.48772251 6.32442579 7.22083956 7.17163202 6.65449129 6.63830429]","[0.11282397 0.10665625 0.10397174 0.10568867 0.19022568 0.16062476
 0.16403365 0.18212537 0.16656796 0.14987971 0.14880498 0.16020804]"
6,0.0,8,0.1,0.1,"[-20.0, -20.0, 0.0]","[0.8, 0.8, 1.0]","[8.20979296 7.97815997 7.72468696 7.97815997 6.98411698 7.08988274
 6.48772251 6.32442579 7.22083956 7.17163202 6.65449129 6.63830429]","[0.11282397 0.10665625 0.10397174 0.10568867 0.19022568 0.16062476
 0.16403365 0.18212537 0.16656796 0.14987971 0.14880498 0.16020804]"
6,0.0,8,0.1,0.1,"[-20.0, -20.0, 0.0]","[0.9, 0.9, 1.0]","[8.20979296 7.97815997 7.72468696 7.97815997 6.98411698 7.08988274
 6.48772251 6.32442579 7.22083956 7.17163202 6.65449129 6.63830429]","[0.11282397 0.10665625 0.10397174 0.10568867 0.19022568 0.16062476
 0.16403365 0.18212537 0.16656796 0.14987971 0.14880498 0.16020804]"
6,0.0,8,0.1,0.1,"[-20.0, -20.0, 0.0]","[1.0, 1.0, 1.0]","[8.20979296 7.97815997 7.72468696 7.97815997 6.98411698 7.08988274
 6.48772251 6.32442579 7.22083956 7.17163202 6.65449129 6.63830429]","[0.11282397 0.10665625 0.10397174 0.10568867 0.19022568 0.16062476
 0.16403365 0.18212537 0.16656796 0.14987971 0.14880498 0.16020804]"
6,0.0,8,0.1,0.1,"[-20.0, -10.0, 0.0]","[0.6, 0.6, 1.0]","[8.20979296 7.97815997 7.72468696 7.97815997 6.98411698 7.08988274
 6.48772251 6.32442579 7.04169022 6.98766165 6.48971514 6.48880704]","[0.11282397 0.10665625 0.10397174 0.10568867 0.17290152 0.15189468
 0.15506873 0.17027014 0.16294056 0.15055727 0.15103358 0.15991338]"
6,0.0,8,0.1,0.1,"[-20.0, -10.0, 0.0]","[0.7, 0.7, 1.0]","[8.20979296 7.97815997 7.72468696 7.97815997 6.98411698 7.08988274
 6.48772251 6.32442579 7.04169022 6.98766165 6.48971514 6.48880704]","[0.11282397 0.10665625 0.10397174 0.10568867 0.17290152 0.15189468
 0.15506873 0.17027014 0.16294056 0.15055727 0.15103358 0.15991338]"
6,0.0,8,0.1,0.1,"[-20.0, -10.0, 0.0]","[0.8, 0.8, 1.0]","[8.20979296 7.97815997 7.72468696 7.97815997 6.98411698 7.08988274
 6.48772251 6.32442579 7.04169022 6.98766165 6.48971514 6.48880704]","[0.11282397 0.10665625 0.10397174 0.10568867 0.17290152 0.15189468
 0.15506873 0.17027014 0.16294056 0.15055727 0.15103358 0.15991338]"
6,0.0,8,0.1,0.1,"[-20.0, -10.0, 0.0]","[0.9, 0.9, 1.0]","[8.20979296 7.97815997 7.72468696 7.97815997 6.98411698 7.08988274
 6.48772251 6.32442579 7.04169022 6.98766165 6.48971514 6.48880704]","[0.11282397 0.10665625 0.10397174 0.10568867 0.17290152 0.15189468
 0.15506873 0.17027014 0.16294056 0.15055727 0.15103358 0.15991338]"
6,0.0,8,0.1,0.1,"[-20.0, -10.0, 0.0]","[1.0, 1.0, 1.0]","[8.20979296 7.97815997 7.72468696 7.97815997 6.98411698 7.08988274
 6.48772251 6.32442579 7.04169022 6.98766165 6.48971514 6.48880704]","[0.11282397 0.10665625 0.10397174 0.10568867 0.17290152 0.15189468
 0.15506873 0.17027014 0.16294056 0.15055727 0.15103358 0.15991338]"
6,0.0,8,0.1,0.1,"[-20.0, 0.0, 0.0]","[0.6, 0.6, 1.0]","[8.20979296 7.97815997 7.72468696 7.97815997 6.98411698 7.08988274
 6.48772251 6.32442579 6.87504517 6.78381721 6.37641413 6.43921964]","[0.11282397 0.10665625 0.10397174 0.10568867 0.15864139 0.14568748
 0.15067602 0.16220284 0.15942616 0.15267906 0.15388409 0.15818673]"
6,0.0,8,0.1,0.1,"[-20.0, 0.0, 0.0]","[0.7, 0.7, 1.0]","[8.20979296 7.97815997 7.72468696 7.97815997 6.98411698 7.08988274
 6.48772251 6.32442579 6.87504517 6.78381721 6.37641413 6.43921964]","[0.11282397 0.10665625 0.10397174 0.10568867 0.15864139 0.14568748
 0.15067602 0.16220284 0.15942616 0.15267906 0.15388409 0.15818673]"
6,0.0,8,0.1,0.1,"[-20.0, 0.0, 0.0]","[0.8, 0.8, 1.0]","[8.20979296 7.97815997 7.72468696 7.97815997 6.98411698 7.08988274
 6.48772251 6.32442579 6.87504517 6.78381721 6.37641413 6.43921964]","[0.11282397 0.10665625 0.10397174 0.10568867 0.15864139 0.14568748
 0.15067602 0.16220284 0.15942616 0.15267906 0.15388409 0.15818673]"
6,0.0,8,0.1,0.1,"[-20.0, 0.0, 0.0]","[0.9, 0.9, 1.0]","[8.20979296 7.97815997 7.72468696 7.97815997 6.98411698 7.08988274
 6.48772251 6.32442579 6.87504517 6.78381721 6.37641413 6.43921964]","[0.11282397 0.10665625 0.10397174 0.10568867 0.15864139 0.14568748
 0.15067602 0.16220284 0.15942616 0.15267906 0.15388409 0.15818673]"
6,0.0,8,0.1,0.1,"[-20.0, 0.0, 0.0]","[1.0, 1.0, 1.0]","[8.20979296 7.97815997 7.72468696 7.97815997 6.98411698 7.08988274
 6.48772251 6.32442579 6.87504517 6.78381721 6.37641413 6.43921964]","[0.11282397 0.10665625 0.10397174 0.10568867 0.15864139 0.14568748
 0.15067602 0.16220284 0.15942616 0.15267906 0.15388409 0.15818673]"
6,0.0,8,0.1,0.1,"[-20.0, 10.0, 0.0]","[0.6, 0.6, 1.0]","[8.20979296 7.97815997 7.72468696 7.97815997 6.98411698 7.08988274
 6.48772251 6.32442579 6.80248176 6.63367693 6.38042914 6.5412545 ]","[0.11282397 0.10665625 0.10397174 0.10568867 0.15074409 0.14401954
 0.15274089 0.15973755 0.15590208 0.15564158 0.15631221 0.15469858]"
6,0.0,8,0.1,0.1,"[-20.0, 10.0, 0.0]","[0.7, 0.7, 1.0]","[8.20979296 7.97815997 7.72468696 7.97815997 6.98411698 7.08988274
 6.48772251 6.32442579 6.80248176 6.63367693 6.38042914 6.5412545 ]","[0.11282397 0.10665625 0.10397174 0.10568867 0.15074409 0.14401954
 0.15274089 0.15973755 0.15590208 0.15564158 0.15631221 0.15469858]"
6,0.0,8,0.1,0.1,"[-20.0, 10.0, 0.0]","[0.8, 0.8, 1.0]","[8.20979296 7.97815997 7.72468696 7.97815997 6.98411698 7.08988274
 6.48772251 6.32442579 6.80248176 6.63367693 6.38042914 6.5412545 ]","[0.11282397 0.10665625 0.10397174 0.10568867 0.15074409 0.14401954
 0.15274089 0.15973755 0.15590208 0.15564158 0.15631221 0.15469858]"
6,0.0,8,0.1,0.1,"[-20.0, 10.0, 0.0]","[0.9, 0.9, 1.0]","[8.20979296 7.97815997 7.72468696 7.97815997 6.98411698 7.08988274
 6.48772251 6.32442579 6.80248176 6.63367693 6.38042914 6.5412545 ]","[0.11282397 0.10665625 0.10397174 0.10568867 0.15074409 0.14401954
 0.15274089 0.15973755 0.15590208 0.15564158 0.15631221 0.15469858]"
6,0.0,8,0.1,0.1,"[-20.0, 10.0, 0.0]","[1.0, 1.0, 1.0]","[8.20979296 7.97815997 7.72468696 7.97815997 6.98411698 7.08988274
 6.48772251 6.32442579 6.80248176 6.63367693 6.38042914 6.5412545 ]","[0.11282397 0.10665625 0.10397174 0.10568867 0.15074409 0.14401954
 0.15274089 0.15973755 0.15590208 0.15564158 0.15631221 0.15469858]"
6,0.0,8,0.1,0.1,"[-20.0, 20.0, 0.0]","[0.6, 0.6, 1.0]","[8.20979296 7.97815997 7.72468696 7.97815997 6.98411698 7.08988274
 6.48772251 6.32442579 6.87241934 6.6055795  6.49842518 6.75324148]","[0.11282397 0.10665625 0.10397174 0.10568867 0.14939731 0.14663041
 0.16015184 0.16230684 0.15216382 0.15789703 0.15767484 0.15051802]"
6,0.0,8,0.1,0.1,"[-20.0, 20.0, 0.0]","[0.7, 0.7, 1.0]","[8.20979296 7.97815997 7.72468696 7.97815997 6.98411698 7.08988274
 6.48772251 6.32442579 6.87241934 6.6055795  6.49842518 6.75324148]","[0.11282397 0.10665625 0.10397174 0.10568867 0.14939731 0.14663041
 0.16015184 0.16230684 0.15216382 0.15789703 0.15767484 0.15051802]"
6,0.0,8,0.1,0.1,"[-20.0, 20.0, 0.0]","[0.8, 0.8, 1.0]","[8.20979296 7.97815997 7.72468696 7.97815997 6.98411698 7.08988274
 6.48772251 6.32442579 6.87241934 6.6055795  6.49842518 6.75324148]","[0.11282397 0.10665625 0.10397174 0.10568867 0.14939731 0.14663041
 0.16015184 0.16230684 0.15216382 0.15789703 0.15767484 0.15051802]"
6,0.0,8,0.1,0.1,"[-20.0, 20.0, 0.0]","[0.9, 0.9, 1.0]","[8.20979296 7.97815997 7.72468696 7.97815997 6.98411698 7.08988274
 6.48772251 6.32442579 6.87241934 6.6055795  6.49842518 6.75324148]","[0.11282397 0.10665625 0.10397174 0.10568867 0.14939731 0.14663041
 0.16015184 0.16230684 0.15216382 0.15789703 0.15767484 0.15051802]"
6,0.0,8,0.1,0.1,"[-20.0, 20.0, 0.0]","[1.0, 1.0, 1.0]","[8.20979296 7.97815997 7.72468696 7.97815997 6.98411698 7.08988274
 6.48772251 6.32442579 6.87241934 6.6055795  6.49842518 6.75324148]","[0.11282397 0.10665625 0.10397174 0.10568867 0.14939731 0.14663041
 0.16015184 0.16230684 0.15216382 0.15789703 0.15767484 0.15051802]"
6,0.0,8,0.1,0.1,"[-10.0, -20.0, 0.0]","[0.6, 0.6, 1.0]","[8.20979296 7.97815997 7.72468696 7.97815997 6.7077219  6.71501501
 6.25802916 6.23418352 7.08351534 7.02735857 6.54072289 6.54335161]","[0.10487384 0.10235769 0.1006565  0.10157862 0.18820128 0.16499188
 0.16469444 0.17726056 0.16380266 0.15045049 0.150139   0.15948597]"
6,0.0,8,0.1,0.1,"[-10.0, -20.0, 0.0]","[0.7, 0.7, 1.0]","[8.20979296 7.97815997 7.72468696 7.97815997 6.7077219  6.71501501
 6.25802916 6.23418352 7.08351534 7.02735857 6.54072289 6.54335161]","[0.10487384 0.10235769 0.1006565  0.10157862 0.18820128 0.16499188
 0.16469444 0.17726056 0.16380266 0.15045049 0.150139   0.15948597]"
6,0.0,8,0.1,0.1,"[-10.0, -20.0, 0.0]","[0.8, 0.8, 1.0]","[8.20979296 7.97815997 7.72468696 7.97815997 6.7077219  6.71501501
 6.25802916 6.23418352 7.08351534 7.02735857 6.54072289 6.54335161]","[0.10487384 0.10235769 0.1006565  0.10157862 0.18820128 0.16499188
 0.16469444 0.17726056 0.16380266 0.15045049 0.150139   0.15948597]"
6,0.0,8,0.1,0.1,"[-10.0, -20.0, 0.0]","[0.9, 0.9, 1.0]","[8.20979296 7.97815997 7.72468696 7.97815997 6.7077219  6.71501501
 6.25802916 6.23418352 7.08351534 7.02735857 6.54072289 6.54335161]","[0.10487384 0.10235769 0.1006565  0.10157862 0.18820128 0.16499188
 0.16469444 0.17726056 0.16380266 0.15045049 0.150139   0.15948597]"
6,0.0,8,0.1,0.1,"[-10.0, -20.0, 0.0]","[1.0, 1.0, 1.0]","[8.20979296 7.97815997 7.72468696 7.97815997 6.7077219  6.71501501
 6.25802916 6.23418352 7.08351534 7.02735857 6.54072289 6.54335161]","[0.10487384 0.10235769 0.1006565  0.10157862 0.18820128 0.16499188
 0.16469444 0.17726056 0.16380266 0.15045049 0.150139   0.15948597]"
6,0.0,8,0.1,0.1,"[-10.0, -10.0, 0.0]","[0.6, 0.6, 1.0]","[8.20979296 7.97815997 7.72468696 7.97815997 6.7077219  6.71501501
 6.25802916 6.23418352 6.90486188 6.83086961 6.3887245  6.42675894]","[0.10487384 0.10235769 0.1006565  0.10157862 0.17178708 0.15688523
 0.15765566 0.16758761 0.16089734 0.15213726 0.15321521 0.15925607]"
6,0.0,8,0.1,0.1,"[-10.0, -10.0, 0.0]","[0.7, 0.7, 1.0]","[8.20979296 7.97815997 7.72468696 7.97815997 6.7077219  6.71501501
 6.25802916 6.23418352 6.90486188 6.83086961 6.3887245  6.42675894]","[0.10487384 0.10235769 0.1006565  0.10157862 0.17178708 0.15688523
 0.15765566 0.16758761 0.16089734 0.15213726 0.15321521 0.15925607]"
6,0.0,8,0.1,0.1,"[-10.0, -10.0, 0.0]","[0.8, 0.8, 1.0]","[8.20979296 7.97815997 7.72468696 7.97815997 6.7077219  6.71501501
 6.25802916 6.23418352 6.90486188 6.83086961 6.3887245  6.42675894]","[0.10487384 0.10235769 0.1006565  0.10157862 0.17178708 0.15688523
 0.15765566 0.16758761 0.16089734 0.15213726 0.15321521 0.15925607]"
6,0.0,8,0.1,0.1,"[-10.0, -10.0, 0.0]","[0.9, 0.9, 1.0]","[8.20979296 7.97815997 7.72468696 7.97815997 6.7077219  6.71501501
 6.25802916 6.23418352 6.90486188 6.83086961 6.3887245  6.42675894]","[0.10487384 0.10235769 0.1006565  0.10157862 0.17178708 0.15688523
 0.15765566 0.16758761 0.16089734 0.15213726 0.15321521 0.15925607]"
6,0.0,8,0.1,0.1,"[-10.0, -10.0, 0.0]","[1.0, 1.0, 1.0]","[8.20979296 7.97815997 7.72468696 7.97815997 6.7077219  6.71501501
 6.25802916 6.23418352 6.90486188 6.83086961 6.3887245  6.42675894]","[0.10487384 0.10235769 0.1006565  0.10157862 0.17178708 0.15688523
 0.15765566 0.16758761 0.16089734 0.15213726 0.15321521 0.15925607]"
6,0.0,8,0.1,0.1,"[-10.0, 0.0, 0.0]","[0.6, 0.6, 1.0]","[8.20979296 7.97815997 7.72468696 7.97815997 6.7077219  6.71501501
 6.25802916 6.23418352 6.76279652 6.63410487 6.3165421  6.43537325]","[0.10487384 0.10235769 0.1006565  0.10157862 0.15947052 0.15218151
 0.15634001 0.16227636 0.15794551 0.15518271 0.15658254 0.15727239]"
6,0.0,8,0.1,0.1,"[-10.0, 0.0, 0.0]","[0.7, 0.7, 1.0]","[8.20979296 7.97815997 7.72468696 7.97815997 6.7077219  6.71501501
 6.25802916 6.23418352 6.76279652 6.63410487 6.3165421  6.43537325]","[0.10487384 0.10235769 0.1006565  0.10157862 0.15947052 0.15218151
 0.15634001 0.16227636 0.15794551 0.15518271 0.15658254 0.15727239]"
6,0.0,8,0.1,0.1,"[-10.0, 0.0, 0.0]","[0.8, 0.8, 1.0]","[8.20979296 7.97815997 7.72468696 7.97815997 6.7077219  6.71501501
 6.25802916 6.23418352 6.76279652 6.63410487 6.3165421  6.43537325]","[0.10487384 0.10235769 0.1006565  0.10157862 0.15947052 0.15218151
 0.15634001 0.16227636 0.15794551 0.15518271 0.15658254 0.15727239]"
6,0.0,8,0.1,0.1,"[-10.0, 0.0, 0.0]","[0.9, 0.9, 1.0]","[8.20979296 7.97815997 7.72468696 7.97815997 6.7077219  6.71501501
 6.25802916 6.23418352 6.76279652 6.63410487 6.3165421  6.43537325]","[0.10487384 0.10235769 0.1006565  0.10157862 0.15947052 0.15218151
 0.15634001 0.16227636 0.15794551 0.15518271 0.15658254 0.15727239]"
6,0.0,8,0.1,0.1,"[-10.0, 0.0, 0.0]","[1.0, 1.0, 1.0]","[8.20979296 7.97815997 7.72468696 7.97815997 6.7077219  6.71501501
 6.25802916 6.23418352 6.76279652 6.63410487 6.3165421  6.43537325]","[0.10487384 0.10235769 0.1006565  0.10157862 0.15947052 0.15218151
 0.15634001 0.16227636 0.15794551 0.15518271 0.15658254 0.15727239]"
6,0.0,8,0.1,0.1,"[-10.0, 10.0, 0.0]","[0.6, 0.6, 1.0]","[8.20979296 7.97815997 7.72468696 7.97815997 6.7077219  6.71501501
 6.25802916 6.23418352 6.74312686 6.52589526 6.37162715 6.58568942]","[0.10487384 0.10235769 0.1006565  0.10157862 0.15465239 0.15289571
 0.16223425 0.16282537 0.15484146 0.15848074 0.15917569 0.15388908]"
6,0.0,8,0.1,0.1,"[-10.0, 10.0, 0.0]","[0.7, 0.7, 1.0]","[8.20979296 7.97815997 7.72468696 7.97815997 6.7077219  6.71501501
 6.25802916 6.23418352 6.74312686 6.52589526 6.37162715 6.58568942]","[0.10487384 0.10235769 0.1006565  0.10157862 0.15465239 0.15289571
 0.16223425 0.16282537 0.15484146 0.15848074 0.15917569 0.15388908]"
6,0.0,8,0.1,0.1,"[-10.0, 10.0, 0.0]","[0.8, 0.8, 1.0]","[8.20979296 7.97815997 7.72468696 7.97815997 6.7077219  6.71501501
 6.25802916 6.23418352 6.74312686 6.52589526 6.37162715 6.58568942]","[0.10487384 0.10235769 0.1006565  0.10157862 0.15465239 0.15289571
 0.16223425 0.16282537 0.15484146 0.15848074 0.15917569 0.15388908]"
6,0.0,8,0.1,0.1,"[-10.0, 10.0, 0.0]","[0.9, 0.9, 1.0]","[8.20979296 7.97815997 7.72468696 7.97815997 6.7077219  6.71501501
 6.25802916 6.23418352 6.74312686 6.52589526 6.37162715 6.58568942]","[0.10487384 0.10235769 0.1006565  0.10157862 0.15465239 0.15289571
 0.16223425 0.16282537 0.15484146 0.15848074 0.15917569 0.15388908]"
6,0.0,8,0.1,0.1,"[-10.0, 10.0, 0.0]","[1.0, 1.0, 1.0]","[8.20979296 7.97815997 7.72468696 7.97815997 6.7077219  6.71501501
 6.25802916 6.23418352 6.74312686 6.52589526 6.37162715 6.58568942]","[0.10487384 0.10235769 0.1006565  0.10157862 0.15465239 0.15289571
 0.16223425 0.16282537 0.15484146 0.15848074 0.15917569 0.15388908]"
6,0.0,8,0.1,0.1,"[-10.0, 20.0, 0.0]","[0.6, 0.6, 1.0]","[8.20979296 7.97815997 7.72468696 7.97815997 6.7077219  6.71501501
 6.25802916 6.23418352 6.86193107 6.55500623 6.51531532 6.80251307]","[0.10487384 0.10235769 0.1006565  0.10157862 0.15692667 0.1581372
 0.17330735 0.16823204 0.15171962 0.16041477 0.16079829 0.15061492]"
6,0.0,8,0.1,0.1,"[-10.0, 20.0, 0.0]","[0.7, 0.7, 1.0]","[8.20979296 7.97815997 7.72468696 7.97815997 6.7077219  6.71501501
 6.25802916 6.23418352 6.86193107 6.55500623 6.51531532 6.80251307]","[0.10487384 0.10235769 0.1006565  0.10157862 0.15692667 0.1581372
 0.17330735 0.16823204 0.15171962 0.16041477 0.16079829 0.15061492]"
6,0.0,8,0.1,0.1,"[-10.0, 20.0, 0.0]","[0.8, 0.8, 1.0]","[8.20979296 7.97815997 7.72468696 7.97815997 6.7077219  6.71501501
 6.25802916 6.23418352 6.86193107 6.55500623 6.51531532 6.80251307]","[0.10487384 0.10235769 0.1006565  0.10157862 0.15692667 0.1581372
 0.17330735 0.16823204 0.15171962 0.16041477 0.16079829 0.15061492]"
6,0.0,8,0.1,0.1,"[-10.0, 20.0, 0.0]","[0.9, 0.9, 1.0]","[8.20979296 7.97815997 7.72468696 7.97815997 6.7077219  6.71501501
 6.25802916 6.23418352 6.86193107 6.55500623 6.51531532 6.80251307]","[0.10487384 0.10235769 0.1006565  0.10157862 0.15692667 0.1581372
 0.17330735 0.16823204 0.15171962 0.16041477 0.16079829 0.15061492]"
6,0.0,8,0.1,0.1,"[-10.0, 20.0, 0.0]","[1.0, 1.0, 1.0]","[8.20979296 7.97815997 7.72468696 7.97815997 6.7077219  6.71501501
 6.25802916 6.23418352 6.86193107 6.55500623 6.51531532 6.80251307]","[0.10487384 0.10235769 0.1006565  0.10157862 0.15692667 0.1581372
 0.17330735 0.16823204 0.15171962 0.16041477 0.16079829 0.15061492]"
6,0.0,8,0.1,0.1,"[0.0, -20.0, 0.0]","[0.6, 0.6, 1.0]","[8.20979296 7.97815997 7.72468696 7.97815997 6.57097532 6.39128958
 6.19308106 6.38228374 6.96106341 6.88683185 6.45948406 6.49596295]","[0.10053793 0.10100585 0.10132733 0.10036974 0.18051342 0.1679835
 0.16116109 0.16582216 0.16079524 0.15136841 0.15146893 0.15803788]"
6,0.0,8,0.1,0.1,"[0.0, -20.0, 0.0]","[0.7, 0.7, 1.0]","[8.20979296 7.97815997 7.72468696 7.97815997 6.57097532 6.39128958
 6.19308106 6.38228374 6.96106341 6.88683185 6.45948406 6.49596295]","[0.10053793 0.10100585 0.10132733 0.10036974 0.18051342 0.1679835
 0.16116109 0.16582216 0.16079524 0.15136841 0.15146893 0.15803788]"
6,0.0,8,0.1,0.1,"[0.0, -20.0, 0.0]","[0.8, 0.8, 1.0]","[8.20979296 7.97815997 7.72468696 7.97815997 6.57097532 6.39128958
 6.19308106 6.38228374 6.96106341 6.88683185 6.45948406 6.49596295]","[0.10053793 0.10100585 0.10132733 0.10036974 0.18051342 0.1679835
 0.16116109 0.16582216 0.16079524 0.15136841 0.15146893 0.15803788]"
6,0.0,8,0.1,0.1,"[0.0, -20.0, 0.0]","[0.9, 0.9, 1.0]","[8.20979296 7.97815997 7.72468696 7.97815997 6.57097532 6.39128958
 6.19308106 6.38228374 6.96106341 6.88683185 6.45948406 6.49596295]","[0.10053793 0.10100585 0.10132733 0.10036974 0.18051342 0.1679835
 0.16116109 0.16582216 0.16079524 0.15136841 0.15146893 0.15803788]"
6,0.0,8,0.1,0.1,"[0.0, -20.0, 0.0]","[1.0, 1.0, 1.0]","[8.20979296 7.97815997 7.72468696 7.97815997 6.57097532 6.39128958
 6.19308106 6.38228374 6.96106341 6.88683185 6.45948406 6.49596295]","[0.10053793 0.10100585 0.10132733 0.10036974 0.18051342 0.1679835
 0.16116109 0.16582216 0.16079524 0.15136841 0.15146893 0.15803788]"
6,0.0,8,0.1,0.1,"[0.0, -10.0, 0.0]","[0.6, 0.6, 1.0]","[8.20979296 7.97815997 7.72468696 7.97815997 6.57097532 6.39128958
 6.19308106 6.38228374 6.79051325 6.67892584 6.33446795 6.4326595 ]","[0.10053793 0.10100585 0.10132733 0.10036974 0.16676672 0.16153956
 0.15761167 0.15960948 0.15874096 0.15435297 0.15538761 0.15758927]"
6,0.0,8,0.1,0.1,"[0.0, -10.0, 0.0]","[0.7, 0.7, 1.0]","[8.20979296 7.97815997 7.72468696 7.97815997 6.57097532 6.39128958
 6.19308106 6.38228374 6.79051325 6.67892584 6.33446795 6.4326595 ]","[0.10053793 0.10100585 0.10132733 0.10036974 0.16676672 0.16153956
 0.15761167 0.15960948 0.15874096 0.15435297 0.15538761 0.15758927]"
6,0.0,8,0.1,0.1,"[0.0, -10.0, 0.0]","[0.8, 0.8, 1.0]","[8.20979296 7.97815997 7.72468696 7.97815997 6.57097532 6.39128958
 6.19308106 6.38228374 6.79051325 6.67892584 6.33446795 6.4326595 ]","[0.10053793 0.10100585 0.10132733 0.10036974 0.16676672 0.16153956
 0.15761167 0.15960948 0.15874096 0.15435297 0.15538761 0.15758927]"
6,0.0,8,0.1,0.1,"[0.0, -10.0, 0.0]","[0.9, 0.9, 1.0]","[8.20979296 7.97815997 7.72468696 7.97815997 6.57097532 6.39128958
 6.19308106 6.38228374 6.79051325 6.67892584 6.33446795 6.4326595 ]","[0.10053793 0.10100585 0.10132733 0.10036974 0.16676672 0.16153956
 0.15761167 0.15960948 0.15874096 0.15435297 0.15538761 0.15758927]"
6,0.0,8,0.1,0.1,"[0.0, -10.0, 0.0]","[1.0, 1.0, 1.0]","[8.20979296 7.97815997 7.72468696 7.97815997 6.57097532 6.39128958
 6.19308106 6.38228374 6.79051325 6.67892584 6.33446795 6.4326595 ]","[0.10053793 0.10100585 0.10132733 0.10036974 0.16676672 0.16153956
 0.15761167 0.15960948 0.15874096 0.15435297 0.15538761 0.15758927]"
6,0.0,8,0.1,0.1,"[0.0, 0.0, 0.0]","[0.6, 0.6, 1.0]","[8.20979296 7.97815997 7.72468696 7.97815997 6.57097532 6.39128958
 6.19308106 6.38228374 6.69578168 6.50868556 6.31851104 6.50922413]","[0.10053793 0.10100585 0.10132733 0.10036974 0.15859353 0.15979786
 0.16058332 0.15799948 0.15647189 0.15833765 0.15910865 0.15540704]"
6,0.0,8,0.1,0.1,"[0.0, 0.0, 0.0]","[0.7, 0.7, 1.0]","[8.20979296 7.97815997 7.72468696 7.97815997 6.57097532 6.39128958
 6.19308106 6.38228374 6.69578168 6.50868556 6.31851104 6.50922413]","[0.10053793 0.10100585 0.10132733 0.10036974 0.15859353 0.15979786
 0.16058332 0.15799948 0.15647189 0.15833765 0.15910865 0.15540704]"
6,0.0,8,0.1,0.1,"[0.0, 0.0, 0.0]","[0.8, 0.8, 1.0]","[8.20979296 7.97815997 7.72468696 7.97815997 6.57097532 6.39128958
 6.19308106 6.38228374 6.69578168 6.50868556 6.31851104 6.50922413]","[0.10053793 0.10100585 0.10132733 0.10036974 0.15859353 0.15979786
 0.16058332 0.15799948 0.15647189 0.15833765 0.15910865 0.15540704]"
6,0.0,8,0.1,0.1,"[0.0, 0.0, 0.0]","[0.9, 0.9, 1.0]","[8.20979296 7.97815997 7.72468696 7.97815997 6.57097532 6.39128958
 6.19308106 6.38228374 6.69578168 6.50868556 6.31851104 6.50922413]","[0.10053793 0.10100585 0.10132733 0.10036974 0.15859353 0.15979786
 0.16058332 0.15799948 0.15647189 0.15833765 0.15910865 0.15540704]"
6,0.0,8,0.1,0.1,"[0.0, 0.0, 0.0]","[1.0, 1.0, 1.0]","[8.20979296 7.97815997 7.72468696 7.97815997 6.57097532 6.39128958
 6.19308106 6.38228374 6.69578168 6.50868556 6.31851104 6.50922413]","[0.10053793 0.10100585 0.10132733 0.10036974 0.15859353 0.15979786
 0.16058332 0.15799948 0.15647189 0.15833765 0.15910865 0.15540704]"
6,0.0,8,0.1,0.1,"[0.0, 10.0, 0.0]","[0.6, 0.6, 1.0]","[8.20979296 7.97815997 7.72468696 7.97815997 6.57097532 6.39128958
 6.19308106 6.38228374 6.74699683 6.46633625 6.42260473 6.69612336]","[0.10053793 0.10100585 0.10132733 0.10036974 0.15892828 0.16445036
 0.17077804 0.16185214 0.15409662 0.16175757 0.16189059 0.15258482]"
6,0.0,8,0.1,0.1,"[0.0, 10.0, 0.0]","[0.7, 0.7, 1.0]","[8.20979296 7.97815997 7.72468696 7.97815997 6.57097532 6.39128958
 6.19308106 6.38228374 6.74699683 6.46633625 6.42260473 6.69612336]","[0.10053793 0.10100585 0.10132733 0.10036974 0.15892828 0.16445036
 0.17077804 0.16185214 0.15409662 0.16175757 0.16189059 0.15258482]"
6,0.0,8,0.1,0.1,"[0.0, 10.0, 0.0]","[0.8, 0.8, 1.0]","[8.20979296 7.97815997 7.72468696 7.97815997 6.57097532 6.39128958
 6.19308106 6.38228374 6.74699683 6.46633625 6.42260473 6.69612336]","[0.10053793 0.10100585 0.10132733 0.10036974 0.15892828 0.16445036
 0.17077804 0.16185214 0.15409662 0.16175757 0.16189059 0.15258482]"
6,0.0,8,0.1,0.1,"[0.0, 10.0, 0.0]","[0.9, 0.9, 1.0]","[8.20979296 7.97815997 7.72468696 7.97815997 6.57097532 6.39128958
 6.19308106 6.38228374 6.74699683 6.46633625 6.42260473 6.69612336]","[0.10053793 0.10100585 0.10132733 0.10036974 0.15892828 0.16445036
 0.17077804 0.16185214 0.15409662 0.16175757 0.16189059 0.15258482]"
6,0.0,8,0.1,0.1,"[0.0, 10.0, 0.0]","[1.0, 1.0, 1.0]","[8.20979296 7.97815997 7.72468696 7.97815997 6.57097532 6.39128958
 6.19308106 6.38228374 6.74699683 6.46633625 6.42260473 6.69612336]","[0.10053793 0.10100585 0.10132733 0.10036974 0.15892828 0.16445036
 0.17077804 0.16185214 0.15409662 0.16175757 0.16189059 0.15258482]"
6,0.0,8,0.1,0.1,"[0.0, 20.0, 0.0]","[0.6, 0.6, 1.0]","[8.20979296 7.97815997 7.72468696 7.97815997 6.57097532 6.39128958
 6.19308106 6.38228374 6.9080607  6.55693918 6.58003328 6.90319603]","[0.10053793 0.10100585 0.10132733 0.10036974 0.16618282 0.17356956
 0.18528755 0.16972012 0.15206511 0.16338311 0.16400861 0.15057364]"
6,0.0,8,0.1,0.1,"[0.0, 20.0, 0.0]","[0.7, 0.7, 1.0]","[8.20979296 7.97815997 7.72468696 7.97815997 6.57097532 6.39128958
 6.19308106 6.38228374 6.9080607  6.55693918 6.58003328 6.90319603]","[0.10053793 0.10100585 0.10132733 0.10036974 0.16618282 0.17356956
 0.18528755 0.16972012 0.15206511 0.16338311 0.16400861 0.15057364]"
6,0.0,8,0.1,0.1,"[0.0, 20.0, 0.0]","[0.8, 0.8, 1.0]","[8.20979296 7.97815997 7.72468696 7.97815997 6.57097532 6.39128958
 6.19308106 6.38228374 6.9080607  6.55693918 6.58003328 6.90319603]","[0.10053793 0.10100585 0.10132733 0.10036974 0.16618282 0.17356956
 0.18528755 0.16972012 0.15206511 0.16338311 0.16400861 0.15057364]"
6,0.0,8,0.1,0.1,"[0.0, 20.0, 0.0]","[0.9, 0.9, 1.0]","[8.20979296 7.97815997 7.72468696 7.97815997 6.57097532 6.39128958
 6.19308106 6.38228374 6.9080607  6.55693918 6.58003328 6.90319603]","[0.10053793 0.10100585 0.10132733 0.10036974 0.16618282 0.17356956
 0.18528755 0.16972012 0.15206511 0.16338311 0.16400861 0.15057364]"
6,0.0,8,0.1,0.1,"[0.0, 20.0, 0.0]","[1.0, 1.0, 1.0]","[8.20979296 7.97815997 7.72468696 7.97815997 6.57097532 6.39128958
 6.19308106 6.38228374 6.9080607  6.55693918 6.58003328 6.90319603]","[0.10053793 0.10100585 0.10132733 0.10036974 0.16618282 0.17356956
 0.18528755 0.16972012 0.15206511 0.16338311 0.16400861 0.15057364]"
6,0.0,8,0.1,0.1,"[10.0, -20.0, 0.0]","[0.6, 0.6, 1.0]","[8.20979296 7.97815997 7.72468696 7.97815997 6.66645292 6.26818779
 6.33132997 6.71681364 6.8961268  6.79345558 6.43710841 6.51664269]","[0.10154971 0.10374283 0.10665649 0.1026532  0.16786092 0.16677956
 0.15481978 0.15279668 0.15751814 0.15222166 0.15260865 0.15588895]"
6,0.0,8,0.1,0.1,"[10.0, -20.0, 0.0]","[0.7, 0.7, 1.0]","[8.20979296 7.97815997 7.72468696 7.97815997 6.66645292 6.26818779
 6.33132997 6.71681364 6.8961268  6.79345558 6.43710841 6.51664269]","[0.10154971 0.10374283 0.10665649 0.1026532  0.16786092 0.16677956
 0.15481978 0.15279668 0.15751814 0.15222166 0.15260865 0.15588895]"
6,0.0,8,0.1,0.1,"[10.0, -20.0, 0.0]","[0.8, 0.8, 1.0]","[8.20979296 7.97815997 7.72468696 7.97815997 6.66645292 6.26818779
 6.33132997 6.71681364 6.8961268  6.79345558 6.43710841 6.51664269]","[0.10154971 0.10374283 0.10665649 0.1026532  0.16786092 0.16677956
 0.15481978 0.15279668 0.15751814 0.15222166 0.15260865 0.15588895]"
6,0.0,8,0.1,0.1,"[10.0, -20.0, 0.0]","[0.9, 0.9, 1.0]","[8.20979296 7.97815997 7.72468696 7.97815997 6.66645292 6.26818779
 6.33132997 6.71681364 6.8961268  6.79345558 6.43710841 6.51664269]","[0.10154971 0.10374283 0.10665649 0.1026532  0.16786092 0.16677956
 0.15481978 0.15279668 0.15751814 0.15222166 0.15260865 0.15588895]"
6,0.0,8,0.1,0.1,"[10.0, -20.0, 0.0]","[1.0, 1.0, 1.0]","[8.20979296 7.97815997 7.72468696 7.97815997 6.66645292 6.26818779
 6.33132997 6.71681364 6.8961268  6.79345558 6.43710841 6.51664269]","[0.10154971 0.10374283 0.10665649 0.1026532  0.16786092 0.16677956
 0.15481978 0.15279668 0.15751814 0.15222166 0.15260865 0.15588895]"
6,0.0,8,0.1,0.1,"[10.0, -10.0, 0.0]","[0.6, 0.6, 1.0]","[8.20979296 7.97815997 7.72468696 7.97815997 6.66645292 6.26818779
 6.33132997 6.71681364 6.74960262 6.58347031 6.35273671 6.5179555 ]","[0.10154971 0.10374283 0.10665649 0.1026532  0.15851901 0.16320105
 0.1551601  0.14996812 0.15627558 0.15649364 0.15709015 0.15508783]"
6,0.0,8,0.1,0.1,"[10.0, -10.0, 0.0]","[0.7, 0.7, 1.0]","[8.20979296 7.97815997 7.72468696 7.97815997 6.66645292 6.26818779
 6.33132997 6.71681364 6.74960262 6.58347031 6.35273671 6.5179555 ]","[0.10154971 0.10374283 0.10665649 0.1026532  0.15851901 0.16320105
 0.1551601  0.14996812 0.15627558 0.15649364 0.15709015 0.15508783]"
6,0.0,8,0.1,0.1,"[10.0, -10.0, 0.0]","[0.8, 0.8, 1.0]","[8.20979296 7.97815997 7.72468696 7.97815997 6.66645292 6.26818779
 6.33132997 6.71681364 6.74960262 6.58347031 6.35273671 6.5179555 ]","[0.10154971 0.10374283 0.10665649 0.1026532  0.15851901 0.16320105
 0.1551601  0.14996812 0.15627558 0.15649364 0.15709015 0.15508783]"
6,0.0,8,0.1,0.1,"[10.0, -10.0, 0.0]","[0.9, 0.9, 1.0]","[8.20979296 7.97815997 7.72468696 7.97815997 6.66645292 6.26818779
 6.33132997 6.71681364 6.74960262 6.58347031 6.35273671 6.5179555 ]","[0.10154971 0.10374283 0.10665649 0.1026532  0.15851901 0.16320105
 0.1551601  0.14996812 0.15627558 0.15649364 0.15709015 0.15508783]"
6,0.0,8,0.1,0.1,"[10.0, -10.0, 0.0]","[1.0, 1.0, 1.0]","[8.20979296 7.97815997 7.72468696 7.97815997 6.66645292 6.26818779
 6.33132997 6.71681364 6.74960262 6.58347031 6.35273671 6.5179555 ]","[0.10154971 0.10374283 0.10665649 0.1026532  0.15851901 0.16320105
 0.1551601  0.14996812 0.15627558 0.15649364 0.15709015 0.15508783]"
6,0.0,8,0.1,0.1,"[10.0, 0.0, 0.0]","[0.6, 0.6, 1.0]","[8.20979296 7.97815997 7.72468696 7.97815997 6.66645292 6.26818779
 6.33132997 6.71681364 6.72115403 6.46143687 6.39303361 6.65150032]","[0.10154971 0.10374283 0.10665649 0.1026532  0.15576732 0.16541268
 0.16201427 0.15150478 0.15469853 0.16104076 0.16096599 0.15301161]"
6,0.0,8,0.1,0.1,"[10.0, 0.0, 0.0]","[0.7, 0.7, 1.0]","[8.20979296 7.97815997 7.72468696 7.97815997 6.66645292 6.26818779
 6.33132997 6.71681364 6.72115403 6.46143687 6.39303361 6.65150032]","[0.10154971 0.10374283 0.10665649 0.1026532  0.15576732 0.16541268
 0.16201427 0.15150478 0.15469853 0.16104076 0.16096599 0.15301161]"
6,0.0,8,0.1,0.1,"[10.0, 0.0, 0.0]","[0.8, 0.8, 1.0]","[8.20979296 7.97815997 7.72468696 7.97815997 6.66645292 6.26818779
 6.33132997 6.71681364 6.72115403 6.46143687 6.39303361 6.65150032]","[0.10154971 0.10374283 0.10665649 0.1026532  0.15576732 0.16541268
 0.16201427 0.15150478 0.15469853 0.16104076 0.16096599 0.15301161]"
6,0.0,8,0.1,0.1,"[10.0, 0.0, 0.0]","[0.9, 0.9, 1.0]","[8.20979296 7.97815997 7.72468696 7.97815997 6.66645292 6.26818779
 6.33132997 6.71681364 6.72115403 6.46143687 6.39303361 6.65150032]","[0.10154971 0.10374283 0.10665649 0.1026532  0.15576732 0.16541268
 0.16201427 0.15150478 0.15469853 0.16104076 0.16096599 0.15301161]"
6,0.0,8,0.1,0.1,"[10.0, 0.0, 0.0]","[1.0, 1.0, 1.0]","[8.20979296 7.97815997 7.72468696 7.97815997 6.66645292 6.26818779
 6.33132997 6.71681364 6.72115403 6.46143687 6.39303361 6.65150032]","[0.10154971 0.10374283 0.10665649 0.1026532  0.15576732 0.16541268
 0.16201427 0.15150478 0.15469853 0.16104076 0.16096599 0.15301161]"
6,0.0,8,0.1,0.1,"[10.0, 10.0, 0.0]","[0.6, 0.6, 1.0]","[8.20979296 7.97815997 7.72468696 7.97815997 6.66645292 6.26818779
 6.33132997 6.71681364 6.83785717 6.49088577 6.5313501  6.85484337]","[0.10154971 0.10374283 0.10665649 0.1026532  0.16146815 0.17439641
 0.17526734 0.15766058 0.15328407 0.16429103 0.16399828 0.15108209]"
6,0.0,8,0.1,0.1,"[10.0, 10.0, 0.0]","[0.7, 0.7, 1.0]","[8.20979296 7.97815997 7.72468696 7.97815997 6.66645292 6.26818779
 6.33132997 6.71681364 6.83785717 6.49088577 6.5313501  6.85484337]","[0.10154971 0.10374283 0.10665649 0.1026532  0.16146815 0.17439641
 0.17526734 0.15766058 0.15328407 0.16429103 0.16399828 0.15108209]"
6,0.0,8,0.1,0.1,"[10.0, 10.0, 0.0]","[0.8, 0.8, 1.0]","[8.20979296 7.97815997 7.72468696 7.97815997 6.66645292 6.26818779
 6.33132997 6.71681364 6.83785717 6.49088577 6.5313501  6.85484337]","[0.10154971 0.10374283 0.10665649 0.1026532  0.16146815 0.17439641
 0.17526734 0.15766058 0.15328407 0.16429103 0.16399828 0.15108209]"
6,0.0,8,0.1,0.1,"[10.0, 10.0, 0.0]","[0.9, 0.9, 1.0]","[8.20979296 7.97815997 7.72468696 7.97815997 6.66645292 6.26818779
 6.33132997 6.71681364 6.83785717 6.49088577 6.5313501  6.85484337]","[0.10154971 0.10374283 0.10665649 0.1026532  0.16146815 0.17439641
 0.17526734 0.15766058 0.15328407 0.16429103 0.16399828 0.15108209]"
6,0.0,8,0.1,0.1,"[10.0, 10.0, 0.0]","[1.0, 1.0, 1.0]","[8.20979296 7.97815997 7.72468696 7.97815997 6.66645292 6.26818779
 6.33132997 6.71681364 6.83785717 6.49088577 6.5313501  6.85484337]","[0.10154971 0.10374283 0.10665649 0.1026532  0.16146815 0.17439641
 0.17526734 0.15766058 0.15328407 0.16429103 0.16399828 0.15108209]"
6,0.0,8,0.1,0.1,"[10.0, 20.0, 0.0]","[0.6, 0.6, 1.0]","[8.20979296 7.97815997 7.72468696 7.97815997 6.66645292 6.26818779
 6.33132997 6.71681364 7.0203859  6.62631378 6.69229794 7.04631151]","[0.10154971 0.10374283 0.10665649 0.1026532  0.17291048 0.18719269
 0.19157186 0.16677536 0.1525571  0.16579536 0.16665514 0.15028744]"
6,0.0,8,0.1,0.1,"[10.0, 20.0, 0.0]","[0.7, 0.7, 1.0]","[8.20979296 7.97815997 7.72468696 7.97815997 6.66645292 6.26818779
 6.33132997 6.71681364 7.0203859  6.62631378 6.69229794 7.04631151]","[0.10154971 0.10374283 0.10665649 0.1026532  0.17291048 0.18719269
 0.19157186 0.16677536 0.1525571  0.16579536 0.16665514 0.15028744]"
6,0.0,8,0.1,0.1,"[10.0, 20.0, 0.0]","[0.8, 0.8, 1.0]","[8.20979296 7.97815997 7.72468696 7.97815997 6.66645292 6.26818779
 6.33132997 6.71681364 7.0203859  6.62631378 6.69229794 7.04631151]","[0.10154971 0.10374283 0.10665649 0.1026532  0.17291048 0.18719269
 0.19157186 0.16677536 0.1525571  0.16579536 0.16665514 0.15028744]"
6,0.0,8,0.1,0.1,"[10.0, 20.0, 0.0]","[0.9, 0.9, 1.0]","[8.20979296 7.97815997 7.72468696 7.97815997 6.66645292 6.26818779
 6.33132997 6.71681364 7.0203859  6.62631378 6.69229794 7.04631151]","[0.10154971 0.10374283 0.10665649 0.1026532  0.17291048 0.18719269
 0.19157186 0.16677536 0.1525571  0.16579536 0.16665514 0.15028744]"
6,0.0,8,0.1,0.1,"[10.0, 20.0, 0.0]","[1.0, 1.0, 1.0]","[8.20979296 7.97815997 7.72468696 7.97815997 6.66645292 6.26818779
 6.33132997 6.71681364 7.0203859  6.62631378 6.69229794 7.04631151]","[0.10154971 0.10374283 0.10665649 0.1026532  0.17291048 0.18719269
 0.19157186 0.16677536 0.1525571  0.16579536 0.16665514 0.15028744]"
6,0.0,8,0.1,0.1,"[20.0, -20.0, 0.0]","[0.6, 0.6, 1.0]","[8.20979296 7.97815997 7.72468696 7.97815997 6.93543633 6.37888707
 6.58667868 7.09271832 6.88522672 6.75150939 6.458097   6.58293634]","[0.10681204 0.10935979 0.11489387 0.10751197 0.15536449 0.16195514
 0.14895354 0.14266224 0.15467682 0.15319131 0.153945   0.15374913]"
6,0.0,8,0.1,0.1,"[20.0, -20.0, 0.0]","[0.7, 0.7, 1.0]","[8.20979296 7.97815997 7.72468696 7.97815997 6.93543633 6.37888707
 6.58667868 7.09271832 6.88522672 6.75150939 6.458097   6.58293634]","[0.10681204 0.10935979 0.11489387 0.10751197 0.15536449 0.16195514
 0.14895354 0.14266224 0.15467682 0.15319131 0.153945   0.15374913]"
6,0.0,8,0.1,0.1,"[20.0, -20.0, 0.0]","[0.8, 0.8, 1.0]","[8.20979296 7.97815997 7.72468696 7.97815997 6.93543633 6.37888707
 6.58667868 7.09271832 6.88522672 6.75150939 6.458097   6.58293634]","[0.10681204 0.10935979 0.11489387 0.10751197 0.15536449 0.16195514
 0.14895354 0.14266224 0.15467682 0.15319131 0.153945   0.15374913]"
6,0.0,8,0.1,0.1,"[20.0, -20.0, 0.0]","[0.9, 0.9, 1.0]","[8.20979296 7.97815997 7.72468696 7.97815997 6.93543633 6.37888707
 6.58667868 7.09271832 6.88522672 6.75150939 6.458097   6.58293634]","[0.10681204 0.10935979 0.11489387 0.10751197 0.15536449 0.16195514
 0.14895354 0.14266224 0.15467682 0.15319131 0.153945   0.15374913]"
6,0.0,8,0.1,0.1,"[20.0, -20.0, 0.0]","[1.0, 1.0, 1.0]","[8.20979296 7.97815997 7.72468696 7.97815997 6.93543633 6.37888707
 6.58667868 7.09271832 6.88522672 6.75150939 6.458097   6.58293634]","[0.10681204 0.10935979 0.11489387 0.10751197 0.15536449 0.16195514
 0.14895354 0.14266224 0.15467682 0.15319131 0.153945   0.15374913]"
6,0.0,8,0.1,0.1,"[20.0, -10.0, 0.0]","[0.6, 0.6, 1.0]","[8.20979296 7.97815997 7.72468696 7.97815997 6.93543633 6.37888707
 6.58667868 7.09271832 6.77885127 6.55584381 6.41724431 6.64125828]","[0.10681204 0.10935979 0.11489387 0.10751197 0.15026236 0.16121338
 0.15205951 0.14219699 0.15397779 0.1582757  0.15860779 0.15269988]"
6,0.0,8,0.1,0.1,"[20.0, -10.0, 0.0]","[0.7, 0.7, 1.0]","[8.20979296 7.97815997 7.72468696 7.97815997 6.93543633 6.37888707
 6.58667868 7.09271832 6.77885127 6.55584381 6.41724431 6.64125828]","[0.10681204 0.10935979 0.11489387 0.10751197 0.15026236 0.16121338
 0.15205951 0.14219699 0.15397779 0.1582757  0.15860779 0.15269988]"
6,0.0,8,0.1,0.1,"[20.0, -10.0, 0.0]","[0.8, 0.8, 1.0]","[8.20979296 7.97815997 7.72468696 7.97815997 6.93543633 6.37888707
 6.58667868 7.09271832 6.77885127 6.55584381 6.41724431 6.64125828]","[0.10681204 0.10935979 0.11489387 0.10751197 0.15026236 0.16121338
 0.15205951 0.14219699 0.15397779 0.1582757  0.15860779 0.15269988]"
6,0.0,8,0.1,0.1,"[20.0, -10.0, 0.0]","[0.9, 0.9, 1.0]","[8.20979296 7.97815997 7.72468696 7.97815997 6.93543633 6.37888707
 6.58667868 7.09271832 6.77885127 6.55584381 6.41724431 6.64125828]","[0.10681204 0.10935979 0.11489387 0.10751197 0.15026236 0.16121338
 0.15205951 0.14219699 0.15397779 0.1582757  0.15860779 0.15269988]"
6,0.0,8,0.1,0.1,"[20.0, -10.0, 0.0]","[1.0, 1.0, 1.0]","[8.20979296 7.97815997 7.72468696 7.97815997 6.93543633 6.37888707
 6.58667868 7.09271832 6.77885127 6.55584381 6.41724431 6.64125828]","[0.10681204 0.10935979 0.11489387 0.10751197 0.15026236 0.16121338
 0.15205951 0.14219699 0.15397779 0.1582757  0.15860779 0.15269988]"
6,0.0,8,0.1,0.1,"[20.0, 0.0, 0.0]","[0.6, 0.6, 1.0]","[8.20979296 7.97815997 7.72468696 7.97815997 6.93543633 6.37888707
 6.58667868 7.09271832 6.81410515 6.48908873 6.49891731 6.80908767]","[0.10681204 0.10935979 0.11489387 0.10751197 0.15188371 0.16656596
 0.16115879 0.14569246 0.15304396 0.16287847 0.16251645 0.15100215]"
6,0.0,8,0.1,0.1,"[20.0, 0.0, 0.0]","[0.7, 0.7, 1.0]","[8.20979296 7.97815997 7.72468696 7.97815997 6.93543633 6.37888707
 6.58667868 7.09271832 6.81410515 6.48908873 6.49891731 6.80908767]","[0.10681204 0.10935979 0.11489387 0.10751197 0.15188371 0.16656596
 0.16115879 0.14569246 0.15304396 0.16287847 0.16251645 0.15100215]"
6,0.0,8,0.1,0.1,"[20.0, 0.0, 0.0]","[0.8, 0.8, 1.0]","[8.20979296 7.97815997 7.72468696 7.97815997 6.93543633 6.37888707
 6.58667868 7.09271832 6.81410515 6.48908873 6.49891731 6.80908767]","[0.10681204 0.10935979 0.11489387 0.10751197 0.15188371 0.16656596
 0.16115879 0.14569246 0.15304396 0.16287847 0.16251645 0.15100215]"
6,0.0,8,0.1,0.1,"[20.0, 0.0, 0.0]","[0.9, 0.9, 1.0]","[8.20979296 7.97815997 7.72468696 7.97815997 6.93543633 6.37888707
 6.58667868 7.09271832 6.81410515 6.48908873 6.49891731 6.80908767]","[0.10681204 0.10935979 0.11489387 0.10751197 0.15188371 0.16656596
 0.16115879 0.14569246 0.15304396 0.16287847 0.16251645 0.15100215]"
6,0.0,8,0.1,0.1,"[20.0, 0.0, 0.0]","[1.0, 1.0, 1.0]","[8.20979296 7.97815997 7.72468696 7.97815997 6.93543633 6.37888707
 6.58667868 7.09271832 6.81410515 6.48908873 6.49891731 6.80908767]","[0.10681204 0.10935979 0.11489387 0.10751197 0.15188371 0.16656596
 0.16115879 0.14569246 0.15304396 0.16287847 0.16251645 0.15100215]"
6,0.0,8,0.1,0.1,"[20.0, 10.0, 0.0]","[0.6, 0.6, 1.0]","[8.20979296 7.97815997 7.72468696 7.97815997 6.93543633 6.37888707
 6.58667868 7.09271832 6.9715814  6.5726913  6.65411974 7.01338113]","[0.10681204 0.10935979 0.11489387 0.10751197 0.16098503 0.17823825
 0.17564488 0.15302169 0.15261103 0.16587998 0.16580946 0.14998236]"
6,0.0,8,0.1,0.1,"[20.0, 10.0, 0.0]","[0.7, 0.7, 1.0]","[8.20979296 7.97815997 7.72468696 7.97815997 6.93543633 6.37888707
 6.58667868 7.09271832 6.9715814  6.5726913  6.65411974 7.01338113]","[0.10681204 0.10935979 0.11489387 0.10751197 0.16098503 0.17823825
 0.17564488 0.15302169 0.15261103 0.16587998 0.16580946 0.14998236]"
6,0.0,8,0.1,0.1,"[20.0, 10.0, 0.0]","[0.8, 0.8, 1.0]","[8.20979296 7.97815997 7.72468696 7.97815997 6.93543633 6.37888707
 6.58667868 7.09271832 6.9715814  6.5726913  6.65411974 7.01338113]","[0.10681204 0.10935979 0.11489387 0.10751197 0.16098503 0.17823825
 0.17564488 0.15302169 0.15261103 0.16587998 0.16580946 0.14998236]"
6,0.0,8,0.1,0.1,"[20.0, 10.0, 0.0]","[0.9, 0.9, 1.0]","[8.20979296 7.97815997 7.72468696 7.97815997 6.93543633 6.37888707
 6.58667868 7.09271832 6.9715814  6.5726913  6.65411974 7.01338113]","[0.10681204 0.10935979 0.11489387 0.10751197 0.16098503 0.17823825
 0.17564488 0.15302169 0.15261103 0.16587998 0.16580946 0.14998236]"
6,0.0,8,0.1,0.1,"[20.0, 10.0, 0.0]","[1.0, 1.0, 1.0]","[8.20979296 7.97815997 7.72468696 7.97815997 6.93543633 6.37888707
 6.58667868 7.09271832 6.9715814  6.5726913  6.65411974 7.01338113]","[0.10681204 0.10935979 0.11489387 0.10751197 0.16098503 0.17823825
 0.17564488 0.15302169 0.15261103 0.16587998 0.16580946 0.14998236]"
6,0.0,8,0.1,0.1,"[20.0, 20.0, 0.0]","[0.6, 0.6, 1.0]","[8.20979296 7.97815997 7.72468696 7.97815997 6.93543633 6.37888707
 6.58667868 7.09271832 7.15898414 6.73129487 6.8133337  7.19028829]","[0.10681204 0.10935979 0.11489387 0.10751197 0.17438395 0.1928723
 0.19230273 0.16257097 0.15301605 0.16746864 0.16894081 0.15015563]"
6,0.0,8,0.1,0.1,"[20.0, 20.0, 0.0]","[0.7, 0.7, 1.0]","[8.20979296 7.97815997 7.72468696 7.97815997 6.93543633 6.37888707
 6.58667868 7.09271832 7.15898414 6.73129487 6.8133337  7.19028829]","[0.10681204 0.10935979 0.11489387 0.10751197 0.17438395 0.1928723
 0.19230273 0.16257097 0.15301605 0.16746864 0.16894081 0.15015563]"
6,0.0,8,0.1,0.1,"[20.0, 20.0, 0.0]","[0.8, 0.8, 1.0]","[8.20979296 7.97815997 7.72468696 7.97815997 6.93543633 6.37888707
 6.58667868 7.09271832 7.15898414 6.73129487 6.8133337  7.19028829]","[0.10681204 0.10935979 0.11489387 0.10751197 0.17438395 0.1928723
 0.19230273 0.16257097 0.15301605 0.16746864 0.16894081 0.15015563]"
6,0.0,8,0.1,0.1,"[20.0, 20.0, 0.0]","[0.9, 0.9, 1.0]","[8.20979296 7.97815997 7.72468696 7.97815997 6.93543633 6.37888707
 6.58667868 7.09271832 7.15898414 6.73129487 6.8133337  7.19028829]","[0.10681204 0.10935979 0.11489387 0.10751197 0.17438395 0.1928723
 0.19230273 0.16257097 0.15301605 0.16746864 0.16894081 0.15015563]"
6,0.0,8,0.1,0.1,"[20.0, 20.0, 0.0]","[1.0, 1.0, 1.0]","[8.20979296 7.97815997 7.72468696 7.97815997 6.93543633 6.37888707
 6.58667868 7.09271832 7.15898414 6.73129487 6.8133337  7.19028829]","[0.10681204 0.10935979 0.11489387 0.10751197 0.17438395 0.1928723
 0.19230273 0.16257097 0.15301605 0.16746864 0.16894081 0.15015563]"
6,0.0,8,0.1,0.1,"[30.0, -20.0, 0.0]","[0.6, 0.6, 1.0]","[8.20979296 7.97815997 7.72468696 7.97815997 7.24172241 6.62327528
 6.85256009 7.40578672 6.90016575 6.73836299 6.49256573 6.65724176]","[0.11317814 0.11526931 0.12291848 0.11280072 0.14622385 0.15568069
 0.14428935 0.13616156 0.15281859 0.1541011  0.15515977 0.15215326]"
6,0.0,8,0.1,0.1,"[30.0, -20.0, 0.0]","[0.7, 0.7, 1.0]","[8.20979296 7.97815997 7.72468696 7.97815997 7.24172241 6.62327528
 6.85256009 7.40578672 6.90016575 6.73836299 6.49256573 6.65724176]","[0.11317814 0.11526931 0.12291848 0.11280072 0.14622385 0.15568069
 0.14428935 0.13616156 0.15281859 0.1541011  0.15515977 0.15215326]"
6,0.0,8,0.1,0.1,"[30.0, -20.0, 0.0]","[0.8, 0.8, 1.0]","[8.20979296 7.97815997 7.72468696 7.97815997 7.24172241 6.62327528
 6.85256009 7.40578672 6.90016575 6.73836299 6.49256573 6.65724176]","[0.11317814 0.11526931 0.12291848 0.11280072 0.14622385 0.15568069
 0.14428935 0.13616156 0.15281859 0.1541011  0.15515977 0.15215326]"
6,0.0,8,0.1,0.1,"[30.0, -20.0, 0.0]","[0.9, 0.9, 1.0]","[8.20979296 7.97815997 7.72468696 7.97815997 7.24172241 6.62327528
 6.85256009 7.40578672 6.90016575 6.73836299 6.49256573 6.65724176]","[0.11317814 0.11526931 0.12291848 0.11280072 0.14622385 0.15568069
 0.14428935 0.13616156 0.15281859 0.1541011  0.15515977 0.15215326]"
6,0.0,8,0.1,0.1,"[30.0, -20.0, 0.0]","[1.0, 1.0, 1.0]","[8.20979296 7.97815997 7.72468696 7.97815997 7.24172241 6.62327528
 6.85256009 7.40578672 6.90016575 6.73836299 6.49256573 6.65724176]","[0.11317814 0.11526931 0.12291848 0.11280072 0.14622385 0.15568069
 0.14428935 0.13616156 0.15281859 0.1541011  0.15515977 0.15215326]"
6,0.0,8,0.1,0.1,"[30.0, -10.0, 0.0]","[0.6, 0.6, 1.0]","[8.20979296 7.97815997 7.72468696 7.97815997 7.24172241 6.62327528
 6.85256009 7.40578672 6.83352549 6.56541051 6.48498509 6.752828  ]","[0.11317814 0.11526931 0.12291848 0.11280072 0.14385822 0.15676931
 0.14888828 0.13703228 0.15241223 0.15949929 0.15981743 0.15102554]"
6,0.0,8,0.1,0.1,"[30.0, -10.0, 0.0]","[0.7, 0.7, 1.0]","[8.20979296 7.97815997 7.72468696 7.97815997 7.24172241 6.62327528
 6.85256009 7.40578672 6.83352549 6.56541051 6.48498509 6.752828  ]","[0.11317814 0.11526931 0.12291848 0.11280072 0.14385822 0.15676931
 0.14888828 0.13703228 0.15241223 0.15949929 0.15981743 0.15102554]"
6,0.0,8,0.1,0.1,"[30.0, -10.0, 0.0]","[0.8, 0.8, 1.0]","[8.20979296 7.97815997 7.72468696 7.97815997 7.24172241 6.62327528
 6.85256009 7.40578672 6.83352549 6.56541051 6.48498509 6.752828  ]","[0.11317814 0.11526931 0.12291848 0.11280072 0.14385822 0.15676931
 0.14888828 0.13703228 0.15241223 0.15949929 0.15981743 0.15102554]"
6,0.0,8,0.1,0.1,"[30.0, -10.0, 0.0]","[0.9, 0.9, 1.0]","[8.20979296 7.97815997 7.72468696 7.97815997 7.24172241 6.62327528
 6.85256009 7.40578672 6.83352549 6.56541051 6.48498509 6.752828  ]","[0.11317814 0.11526931 0.12291848 0.11280072 0.14385822 0.15676931
 0.14888828 0.13703228 0.15241223 0.15949929 0.15981743 0.15102554]"
6,0.0,8,0.1,0.1,"[30.0, -10.0, 0.0]","[1.0, 1.0, 1.0]","[8.20979296 7.97815997 7.72468696 7.97815997 7.24172241 6.62327528
 6.85256009 7.40578672 6.83352549 6.56541051 6.48498509 6.752828  ]","[0.11317814 0.11526931 0.12291848 0.11280072 0.14385822 0.15676931
 0.14888828 0.13703228 0.15241223 0.15949929 0.15981743 0.15102554]"
6,0.0,8,0.1,0.1,"[30.0, 0.0, 0.0]","[0.6, 0.6, 1.0]","[8.20979296 7.97815997 7.72468696 7.97815997 7.24172241 6.62327528
 6.85256009 7.40578672 6.9112608  6.54197182 6.59006795 6.93504404]","[0.11317814 0.11526931 0.12291848 0.11280072 0.14788156 0.16368318
 0.1589121  0.1415218  0.152011   0.16396709 0.16376784 0.14976293]"
6,0.0,8,0.1,0.1,"[30.0, 0.0, 0.0]","[0.7, 0.7, 1.0]","[8.20979296 7.97815997 7.72468696 7.97815997 7.24172241 6.62327528
 6.85256009 7.40578672 6.9112608  6.54197182 6.59006795 6.93504404]","[0.11317814 0.11526931 0.12291848 0.11280072 0.14788156 0.16368318
 0.1589121  0.1415218  0.152011   0.16396709 0.16376784 0.14976293]"
6,0.0,8,0.1,0.1,"[30.0, 0.0, 0.0]","[0.8, 0.8, 1.0]","[8.20979296 7.97815997 7.72468696 7.97815997 7.24172241 6.62327528
 6.85256009 7.40578672 6.9112608  6.54197182 6.59006795 6.93504404]","[0.11317814 0.11526931 0.12291848 0.11280072 0.14788156 0.16368318
 0.1589121  0.1415218  0.152011   0.16396709 0.16376784 0.14976293]"
6,0.0,8,0.1,0.1,"[30.0, 0.0, 0.0]","[0.9, 0.9, 1.0]","[8.20979296 7.97815997 7.72468696 7.97815997 7.24172241 6.62327528
 6.85256009 7.40578672 6.9112608  6.54197182 6.59006795 6.93504404]","[0.11317814 0.11526931 0.12291848 0.11280072 0.14788156 0.16368318
 0.1589121  0.1415218  0.152011   0.16396709 0.16376784 0.14976293]"
6,0.0,8,0.1,0.1,"[30.0, 0.0, 0.0]","[1.0, 1.0, 1.0]","[8.20979296 7.97815997 7.72468696 7.97815997 7.24172241 6.62327528
 6.85256009 7.40578672 6.9112608  6.54197182 6.59006795 6.93504404]","[0.11317814 0.11526931 0.12291848 0.11280072 0.14788156 0.16368318
 0.1589121  0.1415218  0.152011   0.16396709 0.16376784 0.14976293]"
6,0.0,8,0.1,0.1,"[30.0, 10.0, 0.0]","[0.6, 0.6, 1.0]","[8.20979296 7.97815997 7.72468696 7.97815997 7.24172241 6.62327528
 6.85256009 7.40578672 7.08665881 6.65646134 6.75083656 7.1334337 ]","[0.11317814 0.11526931 0.12291848 0.11280072 0.15834032 0.17613593
 0.17352049 0.14930197 0.15235341 0.16684279 0.16730501 0.14944665]"
6,0.0,8,0.1,0.1,"[30.0, 10.0, 0.0]","[0.7, 0.7, 1.0]","[8.20979296 7.97815997 7.72468696 7.97815997 7.24172241 6.62327528
 6.85256009 7.40578672 7.08665881 6.65646134 6.75083656 7.1334337 ]","[0.11317814 0.11526931 0.12291848 0.11280072 0.15834032 0.17613593
 0.17352049 0.14930197 0.15235341 0.16684279 0.16730501 0.14944665]"
6,0.0,8,0.1,0.1,"[30.0, 10.0, 0.0]","[0.8, 0.8, 1.0]","[8.20979296 7.97815997 7.72468696 7.97815997 7.24172241 6.62327528
 6.85256009 7.40578672 7.08665881 6.65646134 6.75083656 7.1334337 ]","[0.11317814 0.11526931 0.12291848 0.11280072 0.15834032 0.17613593
 0.17352049 0.14930197 0.15235341 0.16684279 0.16730501 0.14944665]"
6,0.0,8,0.1,0.1,"[30.0, 10.0, 0.0]","[0.9, 0.9, 1.0]","[8.20979296 7.97815997 7.72468696 7.97815997 7.24172241 6.62327528
 6.85256009 7.40578672 7.08665881 6.65646134 6.75083656 7.1334337 ]","[0.11317814 0.11526931 0.12291848 0.11280072 0.15834032 0.17613593
 0.17352049 0.14930197 0.15235341 0.16684279 0.16730501 0.14944665]"
6,0.0,8,0.1,0.1,"[30.0, 10.0, 0.0]","[1.0, 1.0, 1.0]","[8.20979296 7.97815997 7.72468696 7.97815997 7.24172241 6.62327528
 6.85256009 7.40578672 7.08665881 6.65646134 6.75083656 7.1334337 ]","[0.11317814 0.11526931 0.12291848 0.11280072 0.15834032 0.17613593
 0.17352049 0.14930197 0.15235341 0.16684279 0.16730501 0.14944665]"
6,0.0,8,0.1,0.1,"[30.0, 20.0, 0.0]","[0.6, 0.6, 1.0]","[8.20979296 7.97815997 7.72468696 7.97815997 7.24172241 6.62327528
 6.85256009 7.40578672 7.27233598 6.82481704 6.90669985 7.29929641]","[0.11317814 0.11526931 0.12291848 0.11280072 0.17205777 0.19084456
 0.18976278 0.15885914 0.15353095 0.16857215 0.17077608 0.15026344]"
6,0.0,8,0.1,0.1,"[30.0, 20.0, 0.0]","[0.7, 0.7, 1.0]","[8.20979296 7.97815997 7.72468696 7.97815997 7.24172241 6.62327528
 6.85256009 7.40578672 7.27233598 6.82481704 6.90669985 7.29929641]","[0.11317814 0.11526931 0.12291848 0.11280072 0.17205777 0.19084456
 0.18976278 0.15885914 0.15353095 0.16857215 0.17077608 0.15026344]"
6,0.0,8,0.1,0.1,"[30.0, 20.0, 0.0]","[0.8, 0.8, 1.0]","[8.20979296 7.97815997 7.72468696 7.97815997 7.24172241 6.62327528
 6.85256009 7.40578672 7.27233598 6.82481704 6.90669985 7.29929641]","[0.11317814 0.11526931 0.12291848 0.11280072 0.17205777 0.19084456
 0.18976278 0.15885914 0.15353095 0.16857215 0.17077608 0.15026344]"
6,0.0,8,0.1,0.1,"[30.0, 20.0, 0.0]","[0.9, 0.9, 1.0]","[8.20979296 7.97815997 7.72468696 7.97815997 7.24172241 6.62327528
 6.85256009 7.40578672 7.27233598 6.82481704 6.90669985 7.29929641]","[0.11317814 0.11526931 0.12291848 0.11280072 0.17205777 0.19084456
 0.18976278 0.15885914 0.15353095 0.16857215 0.17077608 0.15026344]"
6,0.0,8,0.1,0.1,"[30.0, 20.0, 0.0]","[1.0, 1.0, 1.0]","[8.20979296 7.97815997 7.72468696 7.97815997 7.24172241 6.62327528
 6.85256009 7.40578672 7.27233598 6.82481704 6.90669985 7.29929641]","[0.11317814 0.11526931 0.12291848 0.11280072 0.17205777 0.19084456
 0.18976278 0.15885914 0.15353095 0.16857215 0.17077608 0.15026344]"
6,4.0,8,0.1,0.1,"[-30.0, -20.0, 0.0]","[0.6, 0.6, 1.0]","[8.20979296 7.97815997 7.72468696 7.97815997 7.00692423 6.66285768
 6.47570482 6.77733804 7.10755876 6.76010806 6.53617536 6.86244383]","[0.1209598  0.11156241 0.10869167 0.11054631 0.18304584 0.18158521
 0.16283191 0.16080737 0.15390308 0.15700891 0.14886173 0.14695039]"
6,4.0,8,0.1,0.1,"[-30.0, -20.0, 0.0]","[0.7, 0.7, 1.0]","[8.20979296 7.97815997 7.72468696 7.97815997 7.00692423 6.66285768
 6.47570482 6.77733804 7.10755876 6.76010806 6.53617536 6.86244383]","[0.1209598  0.11156241 0.10869167 0.11054631 0.18304584 0.18158521
 0.16283191 0.16080737 0.15390308 0.15700891 0.14886173 0.14695039]"
6,4.0,8,0.1,0.1,"[-30.0, -20.0, 0.0]","[0.8, 0.8, 1.0]","[8.20979296 7.97815997 7.72468696 7.97815997 7.00692423 6.66285768
 6.47570482 6.77733804 7.10755876 6.76010806 6.53617536 6.86244383]","[0.1209598  0.11156241 0.10869167 0.11054631 0.18304584 0.18158521
 0.16283191 0.16080737 0.15390308 0.15700891 0.14886173 0.14695039]"
6,4.0,8,0.1,0.1,"[-30.0, -20.0, 0.0]","[0.9, 0.9, 1.0]","[8.20979296 7.97815997 7.72468696 7.97815997 7.00692423 6.66285768
 6.47570482 6.77733804 7.10755876 6.76010806 6.53617536 6.86244383]","[0.1209598  0.11156241 0.10869167 0.11054631 0.18304584 0.18158521
 0.16283191 0.16080737 0.15390308 0.15700891 0.14886173 0.14695039]"
6,4.0,8,0.1,0.1,"[-30.0, -20.0, 0.0]","[1.0, 1.0, 1.0]","[8.20979296 7.97815997 7.72468696 7.97815997 7.00692423 6.66285768
 6.47570482 6.77733804 7.10755876 6.76010806 6.53617536 6.86244383]","[0.1209598  0.11156241 0.10869167 0.11054631 0.18304584 0.18158521
 0.16283191 0.16080737 0.15390308 0.15700891 0.14886173 0.14695039]"
6,4.0,8,0.1,0.1,"[-30.0, -10.0, 0.0]","[0.6, 0.6, 1.0]","[8.20979296 7.97815997 7.72468696 7.97815997 7.00692423 6.66285768
 6.47570482 6.77733804 7.02042971 6.58766128 6.48069911 6.90899711]","[0.1209598  0.11156241 0.10869167 0.11054631 0.16768753 0.16906055
 0.15421839 0.1529924  0.15206292 0.15690315 0.15011101 0.14552539]"
6,4.0,8,0.1,0.1,"[-30.0, -10.0, 0.0]","[0.7, 0.7, 1.0]","[8.20979296 7.97815997 7.72468696 7.97815997 7.00692423 6.66285768
 6.47570482 6.77733804 7.02042971 6.58766128 6.48069911 6.90899711]","[0.1209598  0.11156241 0.10869167 0.11054631 0.16768753 0.16906055
 0.15421839 0.1529924  0.15206292 0.15690315 0.15011101 0.14552539]"
6,4.0,8,0.1,0.1,"[-30.0, -10.0, 0.0]","[0.8, 0.8, 1.0]","[8.20979296 7.97815997 7.72468696 7.97815997 7.00692423 6.66285768
 6.47570482 6.77733804 7.02042971 6.58766128 6.48069911 6.90899711]","[0.1209598  0.11156241 0.10869167 0.11054631 0.16768753 0.16906055
 0.15421839 0.1529924  0.15206292 0.15690315 0.15011101 0.14552539]"
6,4.0,8,0.1,0.1,"[-30.0, -10.0, 0.0]","[0.9, 0.9, 1.0]","[8.20979296 7.97815997 7.72468696 7.97815997 7.00692423 6.66285768
 6.47570482 6.77733804 7.02042971 6.58766128 6.48069911 6.90899711]","[0.1209598  0.11156241 0.10869167 0.11054631 0.16768753 0.16906055
 0.15421839 0.1529924  0.15206292 0.15690315 0.15011101 0.14552539]"
6,4.0,8,0.1,0.1,"[-30.0, -10.0, 0.0]","[1.0, 1.0, 1.0]","[8.20979296 7.97815997 7.72468696 7.97815997 7.00692423 6.66285768
 6.47570482 6.77733804 7.02042971 6.58766128 6.48069911 6.90899711]","[0.1209598  0.11156241 0.10869167 0.11054631 0.16768753 0.16906055
 0.15421839 0.1529924  0.15206292 0.15690315 0.15011101 0.14552539]"
6,4.0,8,0.1,0.1,"[-30.0, 0.0, 0.0]","[0.6, 0.6, 1.0]","[8.20979296 7.97815997 7.72468696 7.97815997 7.00692423 6.66285768
 6.47570482 6.77733804 7.026337   6.4889978  6.53180507 7.05454178]","[0.1209598  0.11156241 0.10869167 0.11054631 0.15614903 0.15935453
 0.15030323 0.1487052  0.14910767 0.15684469 0.14998163 0.14236038]"
6,4.0,8,0.1,0.1,"[-30.0, 0.0, 0.0]","[0.7, 0.7, 1.0]","[8.20979296 7.97815997 7.72468696 7.97815997 7.00692423 6.66285768
 6.47570482 6.77733804 7.026337   6.4889978  6.53180507 7.05454178]","[0.1209598  0.11156241 0.10869167 0.11054631 0.15614903 0.15935453
 0.15030323 0.1487052  0.14910767 0.15684469 0.14998163 0.14236038]"
6,4.0,8,0.1,0.1,"[-30.0, 0.0, 0.0]","[0.8, 0.8, 1.0]","[8.20979296 7.97815997 7.72468696 7.97815997 7.00692423 6.66285768
 6.47570482 6.77733804 7.026337   6.4889978  6.53180507 7.05454178]","[0.1209598  0.11156241 0.10869167 0.11054631 0.15614903 0.15935453
 0.15030323 0.1487052  0.14910767 0.15684469 0.14998163 0.14236038]"
6,4.0,8,0.1,0.1,"[-30.0, 0.0, 0.0]","[0.9, 0.9, 1.0]","[8.20979296 7.97815997 7.72468696 7.97815997 7.00692423 6.66285768
 6.47570482 6.77733804 7.026337   6.4889978  6.53180507 7.05454178]","[0.1209598  0.11156241 0.10869167 0.11054631 0.15614903 0.15935453
 0.15030323 0.1487052  0.14910767 0.15684469 0.14998163 0.14236038]"
6,4.0,8,0.1,0.1,"[-30.0, 0.0, 0.0]","[1.0, 1.0, 1.0]","[8.20979296 7.97815997 7.72468696 7.97815997 7.00692423 6.66285768
 6.47570482 6.77733804 7.026337   6.4889978  6.53180507 7.05454178]","[0.1209598  0.11156241 0.10869167 0.11054631 0.15614903 0.15935453
 0.15030323 0.1487052  0.14910767 0.15684469 0.14998163 0.14236038]"
6,4.0,8,0.1,0.1,"[-30.0, 10.0, 0.0]","[0.6, 0.6, 1.0]","[8.20979296 7.97815997 7.72468696 7.97815997 7.00692423 6.66285768
 6.47570482 6.77733804 7.14980649 6.5379663  6.68297674 7.24470055]","[0.1209598  0.11156241 0.10869167 0.11054631 0.15134688 0.15507927
 0.15286761 0.14905973 0.14510136 0.15601554 0.14866449 0.13873847]"
6,4.0,8,0.1,0.1,"[-30.0, 10.0, 0.0]","[0.7, 0.7, 1.0]","[8.20979296 7.97815997 7.72468696 7.97815997 7.00692423 6.66285768
 6.47570482 6.77733804 7.14980649 6.5379663  6.68297674 7.24470055]","[0.1209598  0.11156241 0.10869167 0.11054631 0.15134688 0.15507927
 0.15286761 0.14905973 0.14510136 0.15601554 0.14866449 0.13873847]"
6,4.0,8,0.1,0.1,"[-30.0, 10.0, 0.0]","[0.8, 0.8, 1.0]","[8.20979296 7.97815997 7.72468696 7.97815997 7.00692423 6.66285768
 6.47570482 6.77733804 7.14980649 6.5379663  6.68297674 7.24470055]","[0.1209598  0.11156241 0.10869167 0.11054631 0.15134688 0.15507927
 0.15286761 0.14905973 0.14510136 0.15601554 0.14866449 0.13873847]"
6,4.0,8,0.1,0.1,"[-30.0, 10.0, 0.0]","[0.9, 0.9, 1.0]","[8.20979296 7.97815997 7.72468696 7.97815997 7.00692423 6.66285768
 6.47570482 6.77733804 7.14980649 6.5379663  6.68297674 7.24470055]","[0.1209598  0.11156241 0.10869167 0.11054631 0.15134688 0.15507927
 0.15286761 0.14905973 0.14510136 0.15601554 0.14866449 0.13873847]"
6,4.0,8,0.1,0.1,"[-30.0, 10.0, 0.0]","[1.0, 1.0, 1.0]","[8.20979296 7.97815997 7.72468696 7.97815997 7.00692423 6.66285768
 6.47570482 6.77733804 7.14980649 6.5379663  6.68297674 7.24470055]","[0.1209598  0.11156241 0.10869167 0.11054631 0.15134688 0.15507927
 0.15286761 0.14905973 0.14510136 0.15601554 0.14866449 0.13873847]"
6,4.0,8,0.1,0.1,"[-30.0, 20.0, 0.0]","[0.6, 0.6, 1.0]","[8.20979296 7.97815997 7.72468696 7.97815997 7.00692423 6.66285768
 6.47570482 6.77733804 7.33490549 6.72061647 6.86521412 7.40416173]","[0.1209598  0.11156241 0.10869167 0.11054631 0.15276042 0.15575336
 0.16031644 0.15321795 0.14120689 0.15420637 0.14722933 0.1360418 ]"
6,4.0,8,0.1,0.1,"[-30.0, 20.0, 0.0]","[0.7, 0.7, 1.0]","[8.20979296 7.97815997 7.72468696 7.97815997 7.00692423 6.66285768
 6.47570482 6.77733804 7.33490549 6.72061647 6.86521412 7.40416173]","[0.1209598  0.11156241 0.10869167 0.11054631 0.15276042 0.15575336
 0.16031644 0.15321795 0.14120689 0.15420637 0.14722933 0.1360418 ]"
6,4.0,8,0.1,0.1,"[-30.0, 20.0, 0.0]","[0.8, 0.8, 1.0]","[8.20979296 7.97815997 7.72468696 7.97815997 7.00692423 6.66285768
 6.47570482 6.77733804 7.33490549 6.72061647 6.86521412 7.40416173]","[0.1209598  0.11156241 0.10869167 0.11054631 0.15276042 0.15575336
 0.16031644 0.15321795 0.14120689 0.15420637 0.14722933 0.1360418 ]"
6,4.0,8,0.1,0.1,"[-30.0, 20.0, 0.0]","[0.9, 0.9, 1.0]","[8.20979296 7.97815997 7.72468696 7.97815997 7.00692423 6.66285768
 6.47570482 6.77733804 7.33490549 6.72061647 6.86521412 7.40416173]","[0.1209598  0.11156241 0.10869167 0.11054631 0.15276042 0.15575336
 0.16031644 0.15321795 0.14120689 0.15420637 0.14722933 0.1360418 ]"
6,4.0,8,0.1,0.1,"[-30.0, 20.0, 0.0]","[1.0, 1.0, 1.0]","[8.20979296 7.97815997 7.72468696 7.97815997 7.00692423 6.66285768
 6.47570482 6.77733804 7.33490549 6.72061647 6.86521412 7.40416173]","[0.1209598  0.11156241 0.10869167 0.11054631 0.15276042 0.15575336
 0.16031644 0.15321795 0.14120689 0.15420637 0.14722933 0.1360418 ]"
6,4.0,8,0.1,0.1,"[-20.0, -20.0, 0.0]","[0.6, 0.6, 1.0]","[8.20979296 7.97815997 7.72468696 7.97815997 6.87281527 6.36833358
 6.37784133 6.84469936 7.07906917 6.69278997 6.52464212 6.88954355]","[0.11282397 0.10665625 0.10397174 0.10568867 0.18259141 0.18476815
 0.1632152  0.15728331 0.15363908 0.15757325 0.14908202 0.14621808]"
6,4.0,8,0.1,0.1,"[-20.0, -20.0, 0.0]","[0.7, 0.7, 1.0]","[8.20979296 7.97815997 7.72468696 7.97815997 6.87281527 6.36833358
 6.37784133 6.84469936 7.07906917 6.69278997 6.52464212 6.88954355]","[0.11282397 0.10665625 0.10397174 0.10568867 0.18259141 0.18476815
 0.1632152  0.15728331 0.15363908 0.15757325 0.14908202 0.14621808]"
6,4.0,8,0.1,0.1,"[-20.0, -20.0, 0.0]","[0.8, 0.8, 1.0]","[8.20979296 7.97815997 7.72468696 7.97815997 6.87281527 6.36833358
 6.37784133 6.84469936 7.07906917 6.69278997 6.52464212 6.88954355]","[0.11282397 0.10665625 0.10397174 0.10568867 0.18259141 0.18476815
 0.1632152  0.15728331 0.15363908 0.15757325 0.14908202 0.14621808]"
6,4.0,8,0.1,0.1,"[-20.0, -20.0, 0.0]","[0.9, 0.9, 1.0]","[8.20979296 7.97815997 7.72468696 7.97815997 6.87281527 6.36833358
 6.37784133 6.84469936 7.07906917 6.69278997 6.52464212 6.88954355]","[0.11282397 0.10665625 0.10397174 0.10568867 0.18259141 0.18476815
 0.1632152  0.15728331 0.15363908 0.15757325 0.14908202 0.14621808]"
6,4.0,8,0.1,0.1,"[-20.0, -20.0, 0.0]","[1.0, 1.0, 1.0]","[8.20979296 7.97815997 7.72468696 7.97815997 6.87281527 6.36833358
 6.37784133 6.84469936 7.07906917 6.69278997 6.52464212 6.88954355]","[0.11282397 0.10665625 0.10397174 0.10568867 0.18259141 0.18476815
 0.1632152  0.15728331 0.15363908 0.15757325 0.14908202 0.14621808]"
6,4.0,8,0.1,0.1,"[-20.0, -10.0, 0.0]","[0.6, 0.6, 1.0]","[8.20979296 7.97815997 7.72468696 7.97815997 6.87281527 6.36833358
 6.37784133 6.84469936 7.00398396 6.52627883 6.48572139 6.95529873]","[0.11282397 0.10665625 0.10397174 0.10568867 0.16748963 0.17239088
 0.15529641 0.15034775 0.15173629 0.15767197 0.15014395 0.1444778 ]"
6,4.0,8,0.1,0.1,"[-20.0, -10.0, 0.0]","[0.7, 0.7, 1.0]","[8.20979296 7.97815997 7.72468696 7.97815997 6.87281527 6.36833358
 6.37784133 6.84469936 7.00398396 6.52627883 6.48572139 6.95529873]","[0.11282397 0.10665625 0.10397174 0.10568867 0.16748963 0.17239088
 0.15529641 0.15034775 0.15173629 0.15767197 0.15014395 0.1444778 ]"
6,4.0,8,0.1,0.1,"[-20.0, -10.0, 0.0]","[0.8, 0.8, 1.0]","[8.20979296 7.97815997 7.72468696 7.97815997 6.87281527 6.36833358
 6.37784133 6.84469936 7.00398396 6.52627883 6.48572139 6.95529873]","[0.11282397 0.10665625 0.10397174 0.10568867 0.16748963 0.17239088
 0.15529641 0.15034775 0.15173629 0.15767197 0.15014395 0.1444778 ]"
6,4.0,8,0.1,0.1,"[-20.0, -10.0, 0.0]","[0.9, 0.9, 1.0]","[8.20979296 7.97815997 7.72468696 7.97815997 6.87281527 6.36833358
 6.37784133 6.84469936 7.00398396 6.52627883 6.48572139 6.95529873]","[0.11282397 0.10665625 0.10397174 0.10568867 0.16748963 0.17239088
 0.15529641 0.15034775 0.15173629 0.15767197 0.15014395 0.1444778 ]"
6,4.0,8,0.1,0.1,"[-20.0, -10.0, 0.0]","[1.0, 1.0, 1.0]","[8.20979296 7.97815997 7.72468696 7.97815997 6.87281527 6.36833358
 6.37784133 6.84469936 7.00398396 6.52627883 6.48572139 6.95529873]","[0.11282397 0.10665625 0.10397174 0.10568867 0.16748963 0.17239088
 0.15529641 0.15034775 0.15173629 0.15767197 0.15014395 0.1444778 ]"
6,4.0,8,0.1,0.1,"[-20.0, 0.0, 0.0]","[0.6, 0.6, 1.0]","[8.20979296 7.97815997 7.72468696 7.97815997 6.87281527 6.36833358
 6.37784133 6.84469936 7.02761208 6.45170185 6.55709507 7.11127201]","[0.11282397 0.10665625 0.10397174 0.10568867 0.15655741 0.16353928
 0.15257928 0.14690901 0.14862144 0.1574903  0.14976903 0.14121947]"
6,4.0,8,0.1,0.1,"[-20.0, 0.0, 0.0]","[0.7, 0.7, 1.0]","[8.20979296 7.97815997 7.72468696 7.97815997 6.87281527 6.36833358
 6.37784133 6.84469936 7.02761208 6.45170185 6.55709507 7.11127201]","[0.11282397 0.10665625 0.10397174 0.10568867 0.15655741 0.16353928
 0.15257928 0.14690901 0.14862144 0.1574903  0.14976903 0.14121947]"
6,4.0,8,0.1,0.1,"[-20.0, 0.0, 0.0]","[0.8, 0.8, 1.0]","[8.20979296 7.97815997 7.72468696 7.97815997 6.87281527 6.36833358
 6.37784133 6.84469936 7.02761208 6.45170185 6.55709507 7.11127201]","[0.11282397 0.10665625 0.10397174 0.10568867 0.15655741 0.16353928
 0.15257928 0.14690901 0.14862144 0.1574903  0.14976903 0.14121947]"
6,4.0,8,0.1,0.1,"[-20.0, 0.0, 0.0]","[0.9, 0.9, 1.0]","[8.20979296 7.97815997 7.72468696 7.97815997 6.87281527 6.36833358
 6.37784133 6.84469936 7.02761208 6.45170185 6.55709507 7.11127201]","[0.11282397 0.10665625 0.10397174 0.10568867 0.15655741 0.16353928
 0.15257928 0.14690901 0.14862144 0.1574903  0.14976903 0.14121947]"
6,4.0,8,0.1,0.1,"[-20.0, 0.0, 0.0]","[1.0, 1.0, 1.0]","[8.20979296 7.97815997 7.72468696 7.97815997 6.87281527 6.36833358
 6.37784133 6.84469936 7.02761208 6.45170185 6.55709507 7.11127201]","[0.11282397 0.10665625 0.10397174 0.10568867 0.15655741 0.16353928
 0.15257928 0.14690901 0.14862144 0.1574903  0.14976903 0.14121947]"
6,4.0,8,0.1,0.1,"[-20.0, 10.0, 0.0]","[0.6, 0.6, 1.0]","[8.20979296 7.97815997 7.72468696 7.97815997 6.87281527 6.36833358
 6.37784133 6.84469936 7.16504892 6.53424109 6.7191433  7.29704093]","[0.11282397 0.10665625 0.10397174 0.10568867 0.15286894 0.16096961
 0.15670892 0.14795848 0.14456748 0.15632912 0.14838176 0.13779812]"
6,4.0,8,0.1,0.1,"[-20.0, 10.0, 0.0]","[0.7, 0.7, 1.0]","[8.20979296 7.97815997 7.72468696 7.97815997 6.87281527 6.36833358
 6.37784133 6.84469936 7.16504892 6.53424109 6.7191433  7.29704093]","[0.11282397 0.10665625 0.10397174 0.10568867 0.15286894 0.16096961
 0.15670892 0.14795848 0.14456748 0.15632912 0.14838176 0.13779812]"
6,4.0,8,0.1,0.1,"[-20.0, 10.0, 0.0]","[0.8, 0.8, 1.0]","[8.20979296 7.97815997 7.72468696 7.97815997 6.87281527 6.36833358
 6.37784133 6.84469936 7.16504892 6.53424109 6.7191433  7.29704093]","[0.11282397 0.10665625 0.10397174 0.10568867 0.15286894 0.16096961
 0.15670892 0.14795848 0.14456748 0.15632912 0.14838176 0.13779812]"
6,4.0,8,0.1,0.1,"[-20.0, 10.0, 0.0]","[0.9, 0.9, 1.0]","[8.20979296 7.97815997 7.72468696 7.97815997 6.87281527 6.36833358
 6.37784133 6.84469936 7.16504892 6.53424109 6.7191433  7.29704093]","[0.11282397 0.10665625 0.10397174 0.10568867 0.15286894 0.16096961
 0.15670892 0.14795848 0.14456748 0.15632912 0.14838176 0.13779812]"
6,4.0,8,0.1,0.1,"[-20.0, 10.0, 0.0]","[1.0, 1.0, 1.0]","[8.20979296 7.97815997 7.72468696 7.97815997 6.87281527 6.36833358
 6.37784133 6.84469936 7.16504892 6.53424109 6.7191433  7.29704093]","[0.11282397 0.10665625 0.10397174 0.10568867 0.15286894 0.16096961
 0.15670892 0.14795848 0.14456748 0.15632912 0.14838176 0.13779812]"
6,4.0,8,0.1,0.1,"[-20.0, 20.0, 0.0]","[0.6, 0.6, 1.0]","[8.20979296 7.97815997 7.72468696 7.97815997 6.87281527 6.36833358
 6.37784133 6.84469936 7.34980621 6.73522886 6.89693205 7.44382915]","[0.11282397 0.10665625 0.10397174 0.10568867 0.15570577 0.16381452
 0.16572942 0.15260394 0.14088925 0.1544543  0.14715295 0.13541517]"
6,4.0,8,0.1,0.1,"[-20.0, 20.0, 0.0]","[0.7, 0.7, 1.0]","[8.20979296 7.97815997 7.72468696 7.97815997 6.87281527 6.36833358
 6.37784133 6.84469936 7.34980621 6.73522886 6.89693205 7.44382915]","[0.11282397 0.10665625 0.10397174 0.10568867 0.15570577 0.16381452
 0.16572942 0.15260394 0.14088925 0.1544543  0.14715295 0.13541517]"
6,4.0,8,0.1,0.1,"[-20.0, 20.0, 0.0]","[0.8, 0.8, 1.0]","[8.20979296 7.97815997 7.72468696 7.97815997 6.87281527 6.36833358
 6.37784133 6.84469936 7.34980621 6.73522886 6.89693205 7.44382915]","[0.11282397 0.10665625 0.10397174 0.10568867 0.15570577 0.16381452
 0.16572942 0.15260394 0.14088925 0.1544543  0.14715295 0.13541517]"
6,4.0,8,0.1,0.1,"[-20.0, 20.0, 0.0]","[0.9, 0.9, 1.0]","[8.20979296 7.97815997 7.72468696 7.97815997 6.87281527 6.36833358
 6.37784133 6.84469936 7.34980621 6.73522886 6.89693205 7.44382915]","[0.11282397 0.10665625 0.10397174 0.10568867 0.15570577 0.16381452
 0.16572942 0.15260394 0.14088925 0.1544543  0.14715295 0.13541517]"
6,4.0,8,0.1,0.1,"[-20.0, 20.0, 0.0]","[1.0, 1.0, 1.0]","[8.20979296 7.97815997 7.72468696 7.97815997 6.87281527 6.36833358
 6.37784133 6.84469936 7.34980621 6.73522886 6.89693205 7.44382915]","[0.11282397 0.10665625 0.10397174 0.10568867 0.15570577 0.16381452
 0.16572942 0.15260394 0.14088925 0.1544543  0.14715295 0.13541517]"
6,4.0,8,0.1,0.1,"[-10.0, -20.0, 0.0]","[0.6, 0.6, 1.0]","[8.20979296 7.97815997 7.72468696 7.97815997 6.86324223 6.19397071
 6.42062299 7.04527506 7.06309526 6.62934697 6.53411202 6.94397046]","[0.10487384 0.10235769 0.1006565  0.10157862 0.17632976 0.18153351
 0.15896402 0.15025894 0.15284742 0.15776113 0.14886193 0.14490045]"
6,4.0,8,0.1,0.1,"[-10.0, -20.0, 0.0]","[0.7, 0.7, 1.0]","[8.20979296 7.97815997 7.72468696 7.97815997 6.86324223 6.19397071
 6.42062299 7.04527506 7.06309526 6.62934697 6.53411202 6.94397046]","[0.10487384 0.10235769 0.1006565  0.10157862 0.17632976 0.18153351
 0.15896402 0.15025894 0.15284742 0.15776113 0.14886193 0.14490045]"
6,4.0,8,0.1,0.1,"[-10.0, -20.0, 0.0]","[0.8, 0.8, 1.0]","[8.20979296 7.97815997 7.72468696 7.97815997 6.86324223 6.19397071
 6.42062299 7.04527506 7.06309526 6.62934697 6.53411202 6.94397046]","[0.10487384 0.10235769 0.1006565  0.10157862 0.17632976 0.18153351
 0.15896402 0.15025894 0.15284742 0.15776113 0.14886193 0.14490045]"
6,4.0,8,0.1,0.1,"[-10.0, -20.0, 0.0]","[0.9, 0.9, 1.0]","[8.20979296 7.97815997 7.72468696 7.97815997 6.86324223 6.19397071
 6.42062299 7.04527506 7.06309526 6.62934697 6.53411202 6.94397046]","[0.10487384 0.10235769 0.1006565  0.10157862 0.17632976 0.18153351
 0.15896402 0.15025894 0.15284742 0.15776113 0.14886193 0.14490045]"
6,4.0,8,0.1,0.1,"[-10.0, -20.0, 0.0]","[1.0, 1.0, 1.0]","[8.20979296 7.97815997 7.72468696 7.97815997 6.86324223 6.19397071
 6.42062299 7.04527506 7.06309526 6.62934697 6.53411202 6.94397046]","[0.10487384 0.10235769 0.1006565  0.10157862 0.17632976 0.18153351
 0.15896402 0.15025894 0.15284742 0.15776113 0.14886193 0.14490045]"
6,4.0,8,0.1,0.1,"[-10.0, -10.0, 0.0]","[0.6, 0.6, 1.0]","[8.20979296 7.97815997 7.72468696 7.97815997 6.86324223 6.19397071
 6.42062299 7.04527506 7.00840144 6.47897351 6.52246457 7.03540902]","[0.10487384 0.10235769 0.1006565  0.10157862 0.16281709 0.17104856
 0.15291663 0.14474693 0.15080937 0.15799152 0.1495699  0.14276662]"
6,4.0,8,0.1,0.1,"[-10.0, -10.0, 0.0]","[0.7, 0.7, 1.0]","[8.20979296 7.97815997 7.72468696 7.97815997 6.86324223 6.19397071
 6.42062299 7.04527506 7.00840144 6.47897351 6.52246457 7.03540902]","[0.10487384 0.10235769 0.1006565  0.10157862 0.16281709 0.17104856
 0.15291663 0.14474693 0.15080937 0.15799152 0.1495699  0.14276662]"
6,4.0,8,0.1,0.1,"[-10.0, -10.0, 0.0]","[0.8, 0.8, 1.0]","[8.20979296 7.97815997 7.72468696 7.97815997 6.86324223 6.19397071
 6.42062299 7.04527506 7.00840144 6.47897351 6.52246457 7.03540902]","[0.10487384 0.10235769 0.1006565  0.10157862 0.16281709 0.17104856
 0.15291663 0.14474693 0.15080937 0.15799152 0.1495699  0.14276662]"
6,4.0,8,0.1,0.1,"[-10.0, -10.0, 0.0]","[0.9, 0.9, 1.0]","[8.20979296 7.97815997 7.72468696 7.97815997 6.86324223 6.19397071
 6.42062299 7.04527506 7.00840144 6.47897351 6.52246457 7.03540902]","[0.10487384 0.10235769 0.1006565  0.10157862 0.16281709 0.17104856
 0.15291663 0.14474693 0.15080937 0.15799152 0.1495699  0.14276662]"
6,4.0,8,0.1,0.1,"[-10.0, -10.0, 0.0]","[1.0, 1.0, 1.0]","[8.20979296 7.97815997 7.72468696 7.97815997 6.86324223 6.19397071
 6.42062299 7.04527506 7.00840144 6.47897351 6.52246457 7.03540902]","[0.10487384 0.10235769 0.1006565  0.10157862 0.16281709 0.17104856
 0.15291663 0.14474693 0.15080937 0.15799152 0.1495699  0.14276662]"
6,4.0,8,0.1,0.1,"[-10.0, 0.0, 0.0]","[0.6, 0.6, 1.0]","[8.20979296 7.97815997 7.72468696 7.97815997 6.86324223 6.19397071
 6.42062299 7.04527506 7.06082424 6.4487682  6.62319897 7.20371816]","[0.10487384 0.10235769 0.1006565  0.10157862 0.15372154 0.16487324
 0.15234744 0.1425262  0.14741986 0.15739583 0.14882188 0.13943859]"
6,4.0,8,0.1,0.1,"[-10.0, 0.0, 0.0]","[0.7, 0.7, 1.0]","[8.20979296 7.97815997 7.72468696 7.97815997 6.86324223 6.19397071
 6.42062299 7.04527506 7.06082424 6.4487682  6.62319897 7.20371816]","[0.10487384 0.10235769 0.1006565  0.10157862 0.15372154 0.16487324
 0.15234744 0.1425262  0.14741986 0.15739583 0.14882188 0.13943859]"
6,4.0,8,0.1,0.1,"[-10.0, 0.0, 0.0]","[0.8, 0.8, 1.0]","[8.20979296 7.97815997 7.72468696 7.97815997 6.86324223 6.19397071
 6.42062299 7.04527506 7.06082424 6.4487682  6.62319897 7.20371816]","[0.10487384 0.10235769 0.1006565  0.10157862 0.15372154 0.16487324
 0.15234744 0.1425262  0.14741986 0.15739583 0.14882188 0.13943859]"
6,4.0,8,0.1,0.1,"[-10.0, 0.0, 0.0]","[0.9, 0.9, 1.0]","[8.20979296 7.97815997 7.72468696 7.97815997 6.86324223 6.19397071
 6.42062299 7.04527506 7.06082424 6.4487682  6.62319897 7.20371816]","[0.10487384 0.10235769 0.1006565  0.10157862 0.15372154 0.16487324
 0.15234744 0.1425262  0.14741986 0.15739583 0.14882188 0.13943859]"
6,4.0,8,0.1,0.1,"[-10.0, 0.0, 0.0]","[1.0, 1.0, 1.0]","[8.20979296 7.97815997 7.72468696 7.97815997 6.86324223 6.19397071
 6.42062299 7.04527506 7.06082424 6.4487682  6.62319897 7.20371816]","[0.10487384 0.10235769 0.1006565  0.10157862 0.15372154 0.16487324
 0.15234744 0.1425262  0.14741986 0.15739583 0.14882188 0.13943859]"
6,4.0,8,0.1,0.1,"[-10.0, 10.0, 0.0]","[0.6, 0.6, 1.0]","[8.20979296 7.97815997 7.72468696 7.97815997 6.86324223 6.19397071
 6.42062299 7.04527506 7.2187261  6.57908303 6.79867404 7.38519753]","[0.10487384 0.10235769 0.1006565  0.10157862 0.15202053 0.16556528
 0.15850559 0.14438125 0.1432974  0.15573179 0.14736561 0.13626078]"
6,4.0,8,0.1,0.1,"[-10.0, 10.0, 0.0]","[0.7, 0.7, 1.0]","[8.20979296 7.97815997 7.72468696 7.97815997 6.86324223 6.19397071
 6.42062299 7.04527506 7.2187261  6.57908303 6.79867404 7.38519753]","[0.10487384 0.10235769 0.1006565  0.10157862 0.15202053 0.16556528
 0.15850559 0.14438125 0.1432974  0.15573179 0.14736561 0.13626078]"
6,4.0,8,0.1,0.1,"[-10.0, 10.0, 0.0]","[0.8, 0.8, 1.0]","[8.20979296 7.97815997 7.72468696 7.97815997 6.86324223 6.19397071
 6.42062299 7.04527506 7.2187261  6.57908303 6.79867404 7.38519753]","[0.10487384 0.10235769 0.1006565  0.10157862 0.15202053 0.16556528
 0.15850559 0.14438125 0.1432974  0.15573179 0.14736561 0.13626078]"
6,4.0,8,0.1,0.1,"[-10.0, 10.0, 0.0]","[0.9, 0.9, 1.0]","[8.20979296 7.97815997 7.72468696 7.97815997 6.86324223 6.19397071
 6.42062299 7.04527506 7.2187261  6.57908303 6.79867404 7.38519753]","[0.10487384 0.10235769 0.1006565  0.10157862 0.15202053 0.16556528
 0.15850559 0.14438125 0.1432974  0.15573179 0.14736561 0.13626078]"
6,4.0,8,0.1,0.1,"[-10.0, 10.0, 0.0]","[1.0, 1.0, 1.0]","[8.20979296 7.97815997 7.72468696 7.97815997 6.86324223 6.19397071
 6.42062299 7.04527506 7.2187261  6.57908303 6.79867404 7.38519753]","[0.10487384 0.10235769 0.1006565  0.10157862 0.15202053 0.16556528
 0.15850559 0.14438125 0.1432974  0.15573179 0.14736561 0.13626078]"
6,4.0,8,0.1,0.1,"[-10.0, 20.0, 0.0]","[0.6, 0.6, 1.0]","[8.20979296 7.97815997 7.72468696 7.97815997 6.86324223 6.19397071
 6.42062299 7.04527506 7.40485667 6.79914139 6.97203432 7.52162252]","[0.10487384 0.10235769 0.1006565  0.10157862 0.15674411 0.17169501
 0.16909668 0.14940268 0.13988724 0.15389657 0.14638747 0.13417676]"
6,4.0,8,0.1,0.1,"[-10.0, 20.0, 0.0]","[0.7, 0.7, 1.0]","[8.20979296 7.97815997 7.72468696 7.97815997 6.86324223 6.19397071
 6.42062299 7.04527506 7.40485667 6.79914139 6.97203432 7.52162252]","[0.10487384 0.10235769 0.1006565  0.10157862 0.15674411 0.17169501
 0.16909668 0.14940268 0.13988724 0.15389657 0.14638747 0.13417676]"
6,4.0,8,0.1,0.1,"[-10.0, 20.0, 0.0]","[0.8, 0.8, 1.0]","[8.20979296 7.97815997 7.72468696 7.97815997 6.86324223 6.19397071
 6.42062299 7.04527506 7.40485667 6.79914139 6.97203432 7.52162252]","[0.10487384 0.10235769 0.1006565  0.10157862 0.15674411 0.17169501
 0.16909668 0.14940268 0.13988724 0.15389657 0.14638747 0.13417676]"
6,4.0,8,0.1,0.1,"[-10.0, 20.0, 0.0]","[0.9, 0.9, 1.0]","[8.20979296 7.97815997 7.72468696 7.97815997 6.86324223 6.19397071
 6.42062299 7.04527506 7.40485667 6.79914139 6.97203432 7.52162252]","[0.10487384 0.10235769 0.1006565  0.10157862 0.15674411 0.17169501
 0.16909668 0.14940268 0.13988724 0.15389657 0.14638747 0.13417676]"
6,4.0,8,0.1,0.1,"[-10.0, 20.0, 0.0]","[1.0, 1.0, 1.0]","[8.20979296 7.97815997 7.72468696 7.97815997 6.86324223 6.19397071
 6.42062299 7.04527506 7.40485667 6.79914139 6.97203432 7.52162252]","[0.10487384 0.10235769 0.1006565  0.10157862 0.15674411 0.17169501
 0.16909668 0.14940268 0.13988724 0.15389657 0.14638747 0.13417676]"
6,4.0,8,0.1,0.1,"[0.0, -20.0, 0.0]","[0.6, 0.6, 1.0]","[8.20979296 7.97815997 7.72468696 7.97815997 7.03229332 6.25720847
 6.62190735 7.32238106 7.06802892 6.5886938  6.56747542 7.01698201]","[0.10053793 0.10100585 0.10132733 0.10036974 0.16469214 0.17097481
 0.1511503  0.14236678 0.15179689 0.1575541  0.14819141 0.14327309]"
6,4.0,8,0.1,0.1,"[0.0, -20.0, 0.0]","[0.7, 0.7, 1.0]","[8.20979296 7.97815997 7.72468696 7.97815997 7.03229332 6.25720847
 6.62190735 7.32238106 7.06802892 6.5886938  6.56747542 7.01698201]","[0.10053793 0.10100585 0.10132733 0.10036974 0.16469214 0.17097481
 0.1511503  0.14236678 0.15179689 0.1575541  0.14819141 0.14327309]"
6,4.0,8,0.1,0.1,"[0.0, -20.0, 0.0]","[0.8, 0.8, 1.0]","[8.20979296 7.97815997 7.72468696 7.97815997 7.03229332 6.25720847
 6.62190735 7.32238106 7.06802892 6.5886938  6.56747542 7.01698201]","[0.10053793 0.10100585 0.10132733 0.10036974 0.16469214 0.17097481
 0.1511503  0.14236678 0.15179689 0.1575541  0.14819141 0.14327309]"
6,4.0,8,0.1,0.1,"[0.0, -20.0, 0.0]","[0.9, 0.9, 1.0]","[8.20979296 7.97815997 7.72468696 7.97815997 7.03229332 6.25720847
 6.62190735 7.32238106 7.06802892 6.5886938  6.56747542 7.01698201]","[0.10053793 0.10100585 0.10132733 0.10036974 0.16469214 0.17097481
 0.1511503  0.14236678 0.15179689 0.1575541  0.14819141 0.14327309]"
6,4.0,8,0.1,0.1,"[0.0, -20.0, 0.0]","[1.0, 1.0, 1.0]","[8.20979296 7.97815997 7.72468696 7.97815997 7.03229332 6.25720847
 6.62190735 7.32238106 7.06802892 6.5886938  6.56747542 7.01698201]","[0.10053793 0.10100585 0.10132733 0.10036974 0.16469214 0.17097481
 0.1511503  0.14236678 0.15179689 0.1575541  0.14819141 0.14327309]"
6,4.0,8,0.1,0.1,"[0.0, -10.0, 0.0]","[0.6, 0.6, 1.0]","[8.20979296 7.97815997 7.72468696 7.97815997 7.03229332 6.25720847
 6.62190735 7.32238106 7.04436286 6.47491695 6.59160302 7.13340679]","[0.10053793 0.10100585 0.10132733 0.10036974 0.15403922 0.16427242
 0.14770251 0.13824909 0.14934223 0.15747884 0.14839668 0.14078603]"
6,4.0,8,0.1,0.1,"[0.0, -10.0, 0.0]","[0.7, 0.7, 1.0]","[8.20979296 7.97815997 7.72468696 7.97815997 7.03229332 6.25720847
 6.62190735 7.32238106 7.04436286 6.47491695 6.59160302 7.13340679]","[0.10053793 0.10100585 0.10132733 0.10036974 0.15403922 0.16427242
 0.14770251 0.13824909 0.14934223 0.15747884 0.14839668 0.14078603]"
6,4.0,8,0.1,0.1,"[0.0, -10.0, 0.0]","[0.8, 0.8, 1.0]","[8.20979296 7.97815997 7.72468696 7.97815997 7.03229332 6.25720847
 6.62190735 7.32238106 7.04436286 6.47491695 6.59160302 7.13340679]","[0.10053793 0.10100585 0.10132733 0.10036974 0.15403922 0.16427242
 0.14770251 0.13824909 0.14934223 0.15747884 0.14839668 0.14078603]"
6,4.0,8,0.1,0.1,"[0.0, -10.0, 0.0]","[0.9, 0.9, 1.0]","[8.20979296 7.97815997 7.72468696 7.97815997 7.03229332 6.25720847
 6.62190735 7.32238106 7.04436286 6.47491695 6.59160302 7.13340679]","[0.10053793 0.10100585 0.10132733 0.10036974 0.15403922 0.16427242
 0.14770251 0.13824909 0.14934223 0.15747884 0.14839668 0.14078603]"
6,4.0,8,0.1,0.1,"[0.0, -10.0, 0.0]","[1.0, 1.0, 1.0]","[8.20979296 7.97815997 7.72468696 7.97815997 7.03229332 6.25720847
 6.62190735 7.32238106 7.04436286 6.47491695 6.59160302 7.13340679]","[0.10053793 0.10100585 0.10132733 0.10036974 0.15403922 0.16427242
 0.14770251 0.13824909 0.14934223 0.15747884 0.14839668 0.14078603]"
6,4.0,8,0.1,0.1,"[0.0, 0.0, 0.0]","[0.6, 0.6, 1.0]","[8.20979296 7.97815997 7.72468696 7.97815997 7.03229332 6.25720847
 6.62190735 7.32238106 7.13556049 6.50825515 6.72292488 7.31033558]","[0.10053793 0.10100585 0.10132733 0.10036974 0.1479806  0.16241928
 0.14957851 0.13719941 0.1455115  0.1561189  0.14728432 0.13748568]"
6,4.0,8,0.1,0.1,"[0.0, 0.0, 0.0]","[0.7, 0.7, 1.0]","[8.20979296 7.97815997 7.72468696 7.97815997 7.03229332 6.25720847
 6.62190735 7.32238106 7.13556049 6.50825515 6.72292488 7.31033558]","[0.10053793 0.10100585 0.10132733 0.10036974 0.1479806  0.16241928
 0.14957851 0.13719941 0.1455115  0.1561189  0.14728432 0.13748568]"
6,4.0,8,0.1,0.1,"[0.0, 0.0, 0.0]","[0.8, 0.8, 1.0]","[8.20979296 7.97815997 7.72468696 7.97815997 7.03229332 6.25720847
 6.62190735 7.32238106 7.13556049 6.50825515 6.72292488 7.31033558]","[0.10053793 0.10100585 0.10132733 0.10036974 0.1479806  0.16241928
 0.14957851 0.13719941 0.1455115  0.1561189  0.14728432 0.13748568]"
6,4.0,8,0.1,0.1,"[0.0, 0.0, 0.0]","[0.9, 0.9, 1.0]","[8.20979296 7.97815997 7.72468696 7.97815997 7.03229332 6.25720847
 6.62190735 7.32238106 7.13556049 6.50825515 6.72292488 7.31033558]","[0.10053793 0.10100585 0.10132733 0.10036974 0.1479806  0.16241928
 0.14957851 0.13719941 0.1455115  0.1561189  0.14728432 0.13748568]"
6,4.0,8,0.1,0.1,"[0.0, 0.0, 0.0]","[1.0, 1.0, 1.0]","[8.20979296 7.97815997 7.72468696 7.97815997 7.03229332 6.25720847
 6.62190735 7.32238106 7.13556049 6.50825515 6.72292488 7.31033558]","[0.10053793 0.10100585 0.10132733 0.10036974 0.1479806  0.16241928
 0.14957851 0.13719941 0.1455115  0.1561189  0.14728432 0.13748568]"
6,4.0,8,0.1,0.1,"[0.0, 10.0, 0.0]","[0.6, 0.6, 1.0]","[8.20979296 7.97815997 7.72468696 7.97815997 7.03229332 6.25720847
 6.62190735 7.32238106 7.31602932 6.68716506 6.90777098 7.48582478]","[0.10053793 0.10100585 0.10132733 0.10036974 0.14894102 0.16724484
 0.15748756 0.13977075 0.14135525 0.15403443 0.14587019 0.13459048]"
6,4.0,8,0.1,0.1,"[0.0, 10.0, 0.0]","[0.7, 0.7, 1.0]","[8.20979296 7.97815997 7.72468696 7.97815997 7.03229332 6.25720847
 6.62190735 7.32238106 7.31602932 6.68716506 6.90777098 7.48582478]","[0.10053793 0.10100585 0.10132733 0.10036974 0.14894102 0.16724484
 0.15748756 0.13977075 0.14135525 0.15403443 0.14587019 0.13459048]"
6,4.0,8,0.1,0.1,"[0.0, 10.0, 0.0]","[0.8, 0.8, 1.0]","[8.20979296 7.97815997 7.72468696 7.97815997 7.03229332 6.25720847
 6.62190735 7.32238106 7.31602932 6.68716506 6.90777098 7.48582478]","[0.10053793 0.10100585 0.10132733 0.10036974 0.14894102 0.16724484
 0.15748756 0.13977075 0.14135525 0.15403443 0.14587019 0.13459048]"
6,4.0,8,0.1,0.1,"[0.0, 10.0, 0.0]","[0.9, 0.9, 1.0]","[8.20979296 7.97815997 7.72468696 7.97815997 7.03229332 6.25720847
 6.62190735 7.32238106 7.31602932 6.68716506 6.90777098 7.48582478]","[0.10053793 0.10100585 0.10132733 0.10036974 0.14894102 0.16724484
 0.15748756 0.13977075 0.14135525 0.15403443 0.14587019 0.13459048]"
6,4.0,8,0.1,0.1,"[0.0, 10.0, 0.0]","[1.0, 1.0, 1.0]","[8.20979296 7.97815997 7.72468696 7.97815997 7.03229332 6.25720847
 6.62190735 7.32238106 7.31602932 6.68716506 6.90777098 7.48582478]","[0.10053793 0.10100585 0.10132733 0.10036974 0.14894102 0.16724484
 0.15748756 0.13977075 0.14135525 0.15403443 0.14587019 0.13459048]"
6,4.0,8,0.1,0.1,"[0.0, 20.0, 0.0]","[0.6, 0.6, 1.0]","[8.20979296 7.97815997 7.72468696 7.97815997 7.03229332 6.25720847
 6.62190735 7.32238106 7.50287999 6.91739463 7.07563827 7.61440233]","[0.10053793 0.10100585 0.10132733 0.10036974 0.15555698 0.17669774
 0.16899539 0.14501974 0.13826562 0.15248246 0.14517834 0.13276169]"
6,4.0,8,0.1,0.1,"[0.0, 20.0, 0.0]","[0.7, 0.7, 1.0]","[8.20979296 7.97815997 7.72468696 7.97815997 7.03229332 6.25720847
 6.62190735 7.32238106 7.50287999 6.91739463 7.07563827 7.61440233]","[0.10053793 0.10100585 0.10132733 0.10036974 0.15555698 0.17669774
 0.16899539 0.14501974 0.13826562 0.15248246 0.14517834 0.13276169]"
6,4.0,8,0.1,0.1,"[0.0, 20.0, 0.0]","[0.8, 0.8, 1.0]","[8.20979296 7.97815997 7.72468696 7.97815997 7.03229332 6.25720847
 6.62190735 7.32238106 7.50287999 6.91739463 7.07563827 7.61440233]","[0.10053793 0.10100585 0.10132733 0.10036974 0.15555698 0.17669774
 0.16899539 0.14501974 0.13826562 0.15248246 0.14517834 0.13276169]"
6,4.0,8,0.1,0.1,"[0.0, 20.0, 0.0]","[0.9, 0.9, 1.0]","[8.20979296 7.97815997 7.72468696 7.97815997 7.03229332 6.25720847
 6.62190735 7.32238106 7.50287999 6.91739463 7.07563827 7.61440233]","[0.10053793 0.10100585 0.10132733 0.10036974 0.15555698 0.17669774
 0.16899539 0.14501974 0.13826562 0.15248246 0.14517834 0.13276169]"
6,4.0,8,0.1,0.1,"[0.0, 20.0, 0.0]","[1.0, 1.0, 1.0]","[8.20979296 7.97815997 7.72468696 7.97815997 7.03229332 6.25720847
 6.62190735 7.32238106 7.50287999 6.91739463 7.07563827 7.61440233]","[0.10053793 0.10100585 0.10132733 0.10036974 0.15555698 0.17669774
 0.16899539 0.14501974 0.13826562 0.15248246 0.14517834 0.13276169]"
6,4.0,8,0.1,0.1,"[10.0, -20.0, 0.0]","[0.6, 0.6, 1.0]","[8.20979296 7.97815997 7.72468696 7.97815997 7.3232053  6.55076036
 6.90185417 7.57800066 7.08598376 6.5756631  6.61463998 7.09264049]","[0.10154971 0.10374283 0.10665649 0.1026532  0.15196468 0.15770099
 0.14325642 0.13594447 0.15054952 0.1568741  0.14732711 0.14167431]"
6,4.0,8,0.1,0.1,"[10.0, -20.0, 0.0]","[0.7, 0.7, 1.0]","[8.20979296 7.97815997 7.72468696 7.97815997 7.3232053  6.55076036
 6.90185417 7.57800066 7.08598376 6.5756631  6.61463998 7.09264049]","[0.10154971 0.10374283 0.10665649 0.1026532  0.15196468 0.15770099
 0.14325642 0.13594447 0.15054952 0.1568741  0.14732711 0.14167431]"
6,4.0,8,0.1,0.1,"[10.0, -20.0, 0.0]","[0.8, 0.8, 1.0]","[8.20979296 7.97815997 7.72468696 7.97815997 7.3232053  6.55076036
 6.90185417 7.57800066 7.08598376 6.5756631  6.61463998 7.09264049]","[0.10154971 0.10374283 0.10665649 0.1026532  0.15196468 0.15770099
 0.14325642 0.13594447 0.15054952 0.1568741  0.14732711 0.14167431]"
6,4.0,8,0.1,0.1,"[10.0, -20.0, 0.0]","[0.9, 0.9, 1.0]","[8.20979296 7.97815997 7.72468696 7.97815997 7.3232053  6.55076036
 6.90185417 7.57800066 7.08598376 6.5756631  6.61463998 7.09264049]","[0.10154971 0.10374283 0.10665649 0.1026532  0.15196468 0.15770099
 0.14325642 0.13594447 0.15054952 0.1568741  0.14732711 0.14167431]"
6,4.0,8,0.1,0.1,"[10.0, -20.0, 0.0]","[1.0, 1.0, 1.0]","[8.20979296 7.97815997 7.72468696 7.97815997 7.3232053  6.55076036
 6.90185417 7.57800066 7.08598376 6.5756631  6.61463998 7.09264049]","[0.10154971 0.10374283 0.10665649 0.1026532  0.15196468 0.15770099
 0.14325642 0.13594447 0.15054952 0.1568741  0.14732711 0.14167431]"
6,4.0,8,0.1,0.1,"[10.0, -10.0, 0.0]","[0.6, 0.6, 1.0]","[8.20979296 7.97815997 7.72468696 7.97815997 7.3232053  6.55076036
 6.90185417 7.57800066 7.10123662 6.51542337 6.67417817 7.2275752 ]","[0.10154971 0.10374283 0.10665649 0.1026532  0.14443467 0.15504995
 0.14213512 0.13296082 0.14752277 0.15612199 0.1470416  0.13897793]"
6,4.0,8,0.1,0.1,"[10.0, -10.0, 0.0]","[0.7, 0.7, 1.0]","[8.20979296 7.97815997 7.72468696 7.97815997 7.3232053  6.55076036
 6.90185417 7.57800066 7.10123662 6.51542337 6.67417817 7.2275752 ]","[0.10154971 0.10374283 0.10665649 0.1026532  0.14443467 0.15504995
 0.14213512 0.13296082 0.14752277 0.15612199 0.1470416  0.13897793]"
6,4.0,8,0.1,0.1,"[10.0, -10.0, 0.0]","[0.8, 0.8, 1.0]","[8.20979296 7.97815997 7.72468696 7.97815997 7.3232053  6.55076036
 6.90185417 7.57800066 7.10123662 6.51542337 6.67417817 7.2275752 ]","[0.10154971 0.10374283 0.10665649 0.1026532  0.14443467 0.15504995
 0.14213512 0.13296082 0.14752277 0.15612199 0.1470416  0.13897793]"
6,4.0,8,0.1,0.1,"[10.0, -10.0, 0.0]","[0.9, 0.9, 1.0]","[8.20979296 7.97815997 7.72468696 7.97815997 7.3232053  6.55076036
 6.90185417 7.57800066 7.10123662 6.51542337 6.67417817 7.2275752 ]","[0.10154971 0.10374283 0.10665649 0.1026532  0.14443467 0.15504995
 0.14213512 0.13296082 0.14752277 0.15612199 0.1470416  0.13897793]"
6,4.0,8,0.1,0.1,"[10.0, -10.0, 0.0]","[1.0, 1.0, 1.0]","[8.20979296 7.97815997 7.72468696 7.97815997 7.3232053  6.55076036
 6.90185417 7.57800066 7.10123662 6.51542337 6.67417817 7.2275752 ]","[0.10154971 0.10374283 0.10665649 0.1026532  0.14443467 0.15504995
 0.14213512 0.13296082 0.14752277 0.15612199 0.1470416  0.13897793]"
6,4.0,8,0.1,0.1,"[10.0, 0.0, 0.0]","[0.6, 0.6, 1.0]","[8.20979296 7.97815997 7.72468696 7.97815997 7.3232053  6.55076036
 6.90185417 7.57800066 7.22952552 6.61054713 6.82726582 7.40568802]","[0.10154971 0.10374283 0.10665649 0.1026532  0.14139313 0.15715776
 0.1459232  0.13286047 0.14332874 0.15408982 0.1457515  0.13583443]"
6,4.0,8,0.1,0.1,"[10.0, 0.0, 0.0]","[0.7, 0.7, 1.0]","[8.20979296 7.97815997 7.72468696 7.97815997 7.3232053  6.55076036
 6.90185417 7.57800066 7.22952552 6.61054713 6.82726582 7.40568802]","[0.10154971 0.10374283 0.10665649 0.1026532  0.14139313 0.15715776
 0.1459232  0.13286047 0.14332874 0.15408982 0.1457515  0.13583443]"
6,4.0,8,0.1,0.1,"[10.0, 0.0, 0.0]","[0.8, 0.8, 1.0]","[8.20979296 7.97815997 7.72468696 7.97815997 7.3232053  6.55076036
 6.90185417 7.57800066 7.22952552 6.61054713 6.82726582 7.40568802]","[0.10154971 0.10374283 0.10665649 0.1026532  0.14139313 0.15715776
 0.1459232  0.13286047 0.14332874 0.15408982 0.1457515  0.13583443]"
6,4.0,8,0.1,0.1,"[10.0, 0.0, 0.0]","[0.9, 0.9, 1.0]","[8.20979296 7.97815997 7.72468696 7.97815997 7.3232053  6.55076036
 6.90185417 7.57800066 7.22952552 6.61054713 6.82726582 7.40568802]","[0.10154971 0.10374283 0.10665649 0.1026532  0.14139313 0.15715776
 0.1459232  0.13286047 0.14332874 0.15408982 0.1457515  0.13583443]"
6,4.0,8,0.1,0.1,"[10.0, 0.0, 0.0]","[1.0, 1.0, 1.0]","[8.20979296 7.97815997 7.72468696 7.97815997 7.3232053  6.55076036
 6.90185417 7.57800066 7.22952552 6.61054713 6.82726582 7.40568802]","[0.10154971 0.10374283 0.10665649 0.1026532  0.14139313 0.15715776
 0.1459232  0.13286047 0.14332874 0.15408982 0.1457515  0.13583443]"
6,4.0,8,0.1,0.1,"[10.0, 10.0, 0.0]","[0.6, 0.6, 1.0]","[8.20979296 7.97815997 7.72468696 7.97815997 7.3232053  6.55076036
 6.90185417 7.57800066 7.42396072 6.82073703 7.01280549 7.57125406]","[0.10154971 0.10374283 0.10665649 0.1026532  0.14456034 0.16499459
 0.15487363 0.13601275 0.13931967 0.15198301 0.14454959 0.13326635]"
6,4.0,8,0.1,0.1,"[10.0, 10.0, 0.0]","[0.7, 0.7, 1.0]","[8.20979296 7.97815997 7.72468696 7.97815997 7.3232053  6.55076036
 6.90185417 7.57800066 7.42396072 6.82073703 7.01280549 7.57125406]","[0.10154971 0.10374283 0.10665649 0.1026532  0.14456034 0.16499459
 0.15487363 0.13601275 0.13931967 0.15198301 0.14454959 0.13326635]"
6,4.0,8,0.1,0.1,"[10.0, 10.0, 0.0]","[0.8, 0.8, 1.0]","[8.20979296 7.97815997 7.72468696 7.97815997 7.3232053  6.55076036
 6.90185417 7.57800066 7.42396072 6.82073703 7.01280549 7.57125406]","[0.10154971 0.10374283 0.10665649 0.1026532  0.14456034 0.16499459
 0.15487363 0.13601275 0.13931967 0.15198301 0.14454959 0.13326635]"
6,4.0,8,0.1,0.1,"[10.0, 10.0, 0.0]","[0.9, 0.9, 1.0]","[8.20979296 7.97815997 7.72468696 7.97815997 7.3232053  6.55076036
 6.90185417 7.57800066 7.42396072 6.82073703 7.01280549 7.57125406]","[0.10154971 0.10374283 0.10665649 0.1026532  0.14456034 0.16499459
 0.15487363 0.13601275 0.13931967 0.15198301 0.14454959 0.13326635]"
6,4.0,8,0.1,0.1,"[10.0, 10.0, 0.0]","[1.0, 1.0, 1.0]","[8.20979296 7.97815997 7.72468696 7.97815997 7.3232053  6.55076036
 6.90185417 7.57800066 7.42396072 6.82073703 7.01280549 7.57125406]","[0.10154971 0.10374283 0.10665649 0.1026532  0.14456034 0.16499459
 0.15487363 0.13601275 0.13931967 0.15198301 0.14454959 0.13326635]"
6,4.0,8,0.1,0.1,"[10.0, 20.0, 0.0]","[0.6, 0.6, 1.0]","[8.20979296 7.97815997 7.72468696 7.97815997 7.3232053  6.55076036
 6.90185417 7.57800066 7.60717833 7.04987953 7.17271812 7.69164637]","[0.10154971 0.10374283 0.10665649 0.1026532  0.15232606 0.17623038
 0.16659743 0.14144619 0.1366118  0.15091826 0.14417602 0.1316796 ]"
6,4.0,8,0.1,0.1,"[10.0, 20.0, 0.0]","[0.7, 0.7, 1.0]","[8.20979296 7.97815997 7.72468696 7.97815997 7.3232053  6.55076036
 6.90185417 7.57800066 7.60717833 7.04987953 7.17271812 7.69164637]","[0.10154971 0.10374283 0.10665649 0.1026532  0.15232606 0.17623038
 0.16659743 0.14144619 0.1366118  0.15091826 0.14417602 0.1316796 ]"
6,4.0,8,0.1,0.1,"[10.0, 20.0, 0.0]","[0.8, 0.8, 1.0]","[8.20979296 7.97815997 7.72468696 7.97815997 7.3232053  6.55076036
 6.90185417 7.57800066 7.60717833 7.04987953 7.17271812 7.69164637]","[0.10154971 0.10374283 0.10665649 0.1026532  0.15232606 0.17623038
 0.16659743 0.14144619 0.1366118  0.15091826 0.14417602 0.1316796 ]"
6,4.0,8,0.1,0.1,"[10.0, 20.0, 0.0]","[0.9, 0.9, 1.0]","[8.20979296 7.97815997 7.72468696 7.97815997 7.3232053  6.55076036
 6.90185417 7.57800066 7.60717833 7.04987953 7.17271812 7.69164637]","[0.10154971 0.10374283 0.10665649 0.1026532  0.15232606 0.17623038
 0.16659743 0.14144619 0.1366118  0.15091826 0.14417602 0.1316796 ]"
6,4.0,8,0.1,0.1,"[10.0, 20.0, 0.0]","[1.0, 1.0, 1.0]","[8.20979296 7.97815997 7.72468696 7.97815997 7.3232053  6.55076036
 6.90185417 7.57800066 7.60717833 7.04987953 7.17271812 7.69164637]","[0.10154971 0.10374283 0.10665649 0.1026532  0.15232606 0.17623038
 0.16659743 0.14144619 0.1366118  0.15091826 0.14417602 0.1316796 ]"
6,4.0,8,0.1,0.1,"[20.0, -20.0, 0.0]","[0.6, 0.6, 1.0]","[8.20979296 7.97815997 7.72468696 7.97815997 7.61152607 6.92886587
 7.16127525 7.75821213 7.11101507 6.58783409 6.66711953 7.16050135]","[0.10681204 0.10935979 0.11489387 0.10751197 0.14244008 0.14739469
 0.13785944 0.13174688 0.14930943 0.15587367 0.14642137 0.14030759]"
6,4.0,8,0.1,0.1,"[20.0, -20.0, 0.0]","[0.7, 0.7, 1.0]","[8.20979296 7.97815997 7.72468696 7.97815997 7.61152607 6.92886587
 7.16127525 7.75821213 7.11101507 6.58783409 6.66711953 7.16050135]","[0.10681204 0.10935979 0.11489387 0.10751197 0.14244008 0.14739469
 0.13785944 0.13174688 0.14930943 0.15587367 0.14642137 0.14030759]"
6,4.0,8,0.1,0.1,"[20.0, -20.0, 0.0]","[0.8, 0.8, 1.0]","[8.20979296 7.97815997 7.72468696 7.97815997 7.61152607 6.92886587
 7.16127525 7.75821213 7.11101507 6.58783409 6.66711953 7.16050135]","[0.10681204 0.10935979 0.11489387 0.10751197 0.14244008 0.14739469
 0.13785944 0.13174688 0.14930943 0.15587367 0.14642137 0.14030759]"
6,4.0,8,0.1,0.1,"[20.0, -20.0, 0.0]","[0.9, 0.9, 1.0]","[8.20979296 7.97815997 7.72468696 7.97815997 7.61152607 6.92886587
 7.16127525 7.75821213 7.11101507 6.58783409 6.66711953 7.16050135]","[0.10681204 0.10935979 0.11489387 0.10751197 0.14244008 0.14739469
 0.13785944 0.13174688 0.14930943 0.15587367 0.14642137 0.14030759]"
6,4.0,8,0.1,0.1,"[20.0, -20.0, 0.0]","[1.0, 1.0, 1.0]","[8.20979296 7.97815997 7.72468696 7.97815997 7.61152607 6.92886587
 7.16127525 7.75821213 7.11101507 6.58783409 6.66711953 7.16050135]","[0.10681204 0.10935979 0.11489387 0.10751197 0.14244008 0.14739469
 0.13785944 0.13174688 0.14930943 0.15587367 0.14642137 0.14030759]"
6,4.0,8,0.1,0.1,"[20.0, -10.0, 0.0]","[0.6, 0.6, 1.0]","[8.20979296 7.97815997 7.72468696 7.97815997 7.61152607 6.92886587
 7.16127525 7.75821213 7.16177919 6.57772912 6.75221172 7.30540225]","[0.10681204 0.10935979 0.11489387 0.10751197 0.13724383 0.14747834
 0.1382145  0.12957385 0.14578393 0.15449907 0.14582734 0.13755372]"
6,4.0,8,0.1,0.1,"[20.0, -10.0, 0.0]","[0.7, 0.7, 1.0]","[8.20979296 7.97815997 7.72468696 7.97815997 7.61152607 6.92886587
 7.16127525 7.75821213 7.16177919 6.57772912 6.75221172 7.30540225]","[0.10681204 0.10935979 0.11489387 0.10751197 0.13724383 0.14747834
 0.1382145  0.12957385 0.14578393 0.15449907 0.14582734 0.13755372]"
6,4.0,8,0.1,0.1,"[20.0, -10.0, 0.0]","[0.8, 0.8, 1.0]","[8.20979296 7.97815997 7.72468696 7.97815997 7.61152607 6.92886587
 7.16127525 7.75821213 7.16177919 6.57772912 6.75221172 7.30540225]","[0.10681204 0.10935979 0.11489387 0.10751197 0.13724383 0.14747834
 0.1382145  0.12957385 0.14578393 0.15449907 0.14582734 0.13755372]"
6,4.0,8,0.1,0.1,"[20.0, -10.0, 0.0]","[0.9, 0.9, 1.0]","[8.20979296 7.97815997 7.72468696 7.97815997 7.61152607 6.92886587
 7.16127525 7.75821213 7.16177919 6.57772912 6.75221172 7.30540225]","[0.10681204 0.10935979 0.11489387 0.10751197 0.13724383 0.14747834
 0.1382145  0.12957385 0.14578393 0.15449907 0.14582734 0.13755372]"
6,4.0,8,0.1,0.1,"[20.0, -10.0, 0.0]","[1.0, 1.0, 1.0]","[8.20979296 7.97815997 7.72468696 7.97815997 7.61152607 6.92886587
 7.16127525 7.75821213 7.16177919 6.57772912 6.75221172 7.30540225]","[0.10681204 0.10935979 0.11489387 0.10751197 0.13724383 0.14747834
 0.1382145  0.12957385 0.14578393 0.15449907 0.14582734 0.13755372]"
6,4.0,8,0.1,0.1,"[20.0, 0.0, 0.0]","[0.6, 0.6, 1.0]","[8.20979296 7.97815997 7.72468696 7.97815997 7.61152607 6.92886587
 7.16127525 7.75821213 7.3143191  6.71353071 6.91411836 7.47828337]","[0.10681204 0.10935979 0.11489387 0.10751197 0.1363085  0.15188702
 0.14306836 0.13017487 0.14147279 0.15222089 0.14459462 0.13464779]"
6,4.0,8,0.1,0.1,"[20.0, 0.0, 0.0]","[0.7, 0.7, 1.0]","[8.20979296 7.97815997 7.72468696 7.97815997 7.61152607 6.92886587
 7.16127525 7.75821213 7.3143191  6.71353071 6.91411836 7.47828337]","[0.10681204 0.10935979 0.11489387 0.10751197 0.1363085  0.15188702
 0.14306836 0.13017487 0.14147279 0.15222089 0.14459462 0.13464779]"
6,4.0,8,0.1,0.1,"[20.0, 0.0, 0.0]","[0.8, 0.8, 1.0]","[8.20979296 7.97815997 7.72468696 7.97815997 7.61152607 6.92886587
 7.16127525 7.75821213 7.3143191  6.71353071 6.91411836 7.47828337]","[0.10681204 0.10935979 0.11489387 0.10751197 0.1363085  0.15188702
 0.14306836 0.13017487 0.14147279 0.15222089 0.14459462 0.13464779]"
6,4.0,8,0.1,0.1,"[20.0, 0.0, 0.0]","[0.9, 0.9, 1.0]","[8.20979296 7.97815997 7.72468696 7.97815997 7.61152607 6.92886587
 7.16127525 7.75821213 7.3143191  6.71353071 6.91411836 7.47828337]","[0.10681204 0.10935979 0.11489387 0.10751197 0.1363085  0.15188702
 0.14306836 0.13017487 0.14147279 0.15222089 0.14459462 0.13464779]"
6,4.0,8,0.1,0.1,"[20.0, 0.0, 0.0]","[1.0, 1.0, 1.0]","[8.20979296 7.97815997 7.72468696 7.97815997 7.61152607 6.92886587
 7.16127525 7.75821213 7.3143191  6.71353071 6.91411836 7.47828337]","[0.10681204 0.10935979 0.11489387 0.10751197 0.1363085  0.15188702
 0.14306836 0.13017487 0.14147279 0.15222089 0.14459462 0.13464779]"
6,4.0,8,0.1,0.1,"[20.0, 10.0, 0.0]","[0.6, 0.6, 1.0]","[8.20979296 7.97815997 7.72468696 7.97815997 7.61152607 6.92886587
 7.16127525 7.75821213 7.51073714 6.93451281 7.09276197 7.63124694]","[0.10681204 0.10935979 0.11489387 0.10751197 0.14081972 0.16101211
 0.15240248 0.13379071 0.13777807 0.1504407  0.14372284 0.13241386]"
6,4.0,8,0.1,0.1,"[20.0, 10.0, 0.0]","[0.7, 0.7, 1.0]","[8.20979296 7.97815997 7.72468696 7.97815997 7.61152607 6.92886587
 7.16127525 7.75821213 7.51073714 6.93451281 7.09276197 7.63124694]","[0.10681204 0.10935979 0.11489387 0.10751197 0.14081972 0.16101211
 0.15240248 0.13379071 0.13777807 0.1504407  0.14372284 0.13241386]"
6,4.0,8,0.1,0.1,"[20.0, 10.0, 0.0]","[0.8, 0.8, 1.0]","[8.20979296 7.97815997 7.72468696 7.97815997 7.61152607 6.92886587
 7.16127525 7.75821213 7.51073714 6.93451281 7.09276197 7.63124694]","[0.10681204 0.10935979 0.11489387 0.10751197 0.14081972 0.16101211
 0.15240248 0.13379071 0.13777807 0.1504407  0.14372284 0.13241386]"
6,4.0,8,0.1,0.1,"[20.0, 10.0, 0.0]","[0.9, 0.9, 1.0]","[8.20979296 7.97815997 7.72468696 7.97815997 7.61152607 6.92886587
 7.16127525 7.75821213 7.51073714 6.93451281 7.09276197 7.63124694]","[0.10681204 0.10935979 0.11489387 0.10751197 0.14081972 0.16101211
 0.15240248 0.13379071 0.13777807 0.1504407  0.14372284 0.13241386]"
6,4.0,8,0.1,0.1,"[20.0, 10.0, 0.0]","[1.0, 1.0, 1.0]","[8.20979296 7.97815997 7.72468696 7.97815997 7.61152607 6.92886587
 7.16127525 7.75821213 7.51073714 6.93451281 7.09276197 7.63124694]","[0.10681204 0.10935979 0.11489387 0.10751197 0.14081972 0.16101211
 0.15240248 0.13379071 0.13777807 0.1504407  0.14372284 0.13241386]"
6,4.0,8,0.1,0.1,"[20.0, 20.0, 0.0]","[0.6, 0.6, 1.0]","[8.20979296 7.97815997 7.72468696 7.97815997 7.61152607 6.92886587
 7.16127525 7.75821213 7.68542398 7.15556337 7.24288888 7.74217628]","[0.10681204 0.10935979 0.11489387 0.10751197 0.1490844  0.17264613
 0.16403042 0.13941967 0.13547369 0.1499131  0.14367218 0.13106478]"
6,4.0,8,0.1,0.1,"[20.0, 20.0, 0.0]","[0.7, 0.7, 1.0]","[8.20979296 7.97815997 7.72468696 7.97815997 7.61152607 6.92886587
 7.16127525 7.75821213 7.68542398 7.15556337 7.24288888 7.74217628]","[0.10681204 0.10935979 0.11489387 0.10751197 0.1490844  0.17264613
 0.16403042 0.13941967 0.13547369 0.1499131  0.14367218 0.13106478]"
6,4.0,8,0.1,0.1,"[20.0, 20.0, 0.0]","[0.8, 0.8, 1.0]","[8.20979296 7.97815997 7.72468696 7.97815997 7.61152607 6.92886587
 7.16127525 7.75821213 7.68542398 7.15556337 7.24288888 7.74217628]","[0.10681204 0.10935979 0.11489387 0.10751197 0.1490844  0.17264613
 0.16403042 0.13941967 0.13547369 0.1499131  0.14367218 0.13106478]"
6,4.0,8,0.1,0.1,"[20.0, 20.0, 0.0]","[0.9, 0.9, 1.0]","[8.20979296 7.97815997 7.72468696 7.97815997 7.61152607 6.92886587
 7.16127525 7.75821213 7.68542398 7.15556337 7.24288888 7.74217628]","[0.10681204 0.10935979 0.11489387 0.10751197 0.1490844  0.17264613
 0.16403042 0.13941967 0.13547369 0.1499131  0.14367218 0.13106478]"
6,4.0,8,0.1,0.1,"[20.0, 20.0, 0.0]","[1.0, 1.0, 1.0]","[8.20979296 7.97815997 7.72468696 7.97815997 7.61152607 6.92886587
 7.16127525 7.75821213 7.68542398 7.15556337 7.24288888 7.74217628]","[0.10681204 0.10935979 0.11489387 0.10751197 0.1490844  0.17264613
 0.16403042 0.13941967 0.13547369 0.1499131  0.14367218 0.13106478]"
6,4.0,8,0.1,0.1,"[30.0, -20.0, 0.0]","[0.6, 0.6, 1.0]","[8.20979296 7.97815997 7.72468696 7.97815997 7.83132967 7.26536773
 7.35897155 7.86711518 7.1369322  6.60873177 6.71058277 7.21246706]","[0.11317814 0.11526931 0.12291848 0.11280072 0.13657956 0.14062668
 0.13443674 0.12932869 0.14826895 0.15496019 0.14571635 0.13930036]"
6,4.0,8,0.1,0.1,"[30.0, -20.0, 0.0]","[0.7, 0.7, 1.0]","[8.20979296 7.97815997 7.72468696 7.97815997 7.83132967 7.26536773
 7.35897155 7.86711518 7.1369322  6.60873177 6.71058277 7.21246706]","[0.11317814 0.11526931 0.12291848 0.11280072 0.13657956 0.14062668
 0.13443674 0.12932869 0.14826895 0.15496019 0.14571635 0.13930036]"
6,4.0,8,0.1,0.1,"[30.0, -20.0, 0.0]","[0.8, 0.8, 1.0]","[8.20979296 7.97815997 7.72468696 7.97815997 7.83132967 7.26536773
 7.35897155 7.86711518 7.1369322  6.60873177 6.71058277 7.21246706]","[0.11317814 0.11526931 0.12291848 0.11280072 0.13657956 0.14062668
 0.13443674 0.12932869 0.14826895 0.15496019 0.14571635 0.13930036]"
6,4.0,8,0.1,0.1,"[30.0, -20.0, 0.0]","[0.9, 0.9, 1.0]","[8.20979296 7.97815997 7.72468696 7.97815997 7.83132967 7.26536773
 7.35897155 7.86711518 7.1369322  6.60873177 6.71058277 7.21246706]","[0.11317814 0.11526931 0.12291848 0.11280072 0.13657956 0.14062668
 0.13443674 0.12932869 0.14826895 0.15496019 0.14571635 0.13930036]"
6,4.0,8,0.1,0.1,"[30.0, -20.0, 0.0]","[1.0, 1.0, 1.0]","[8.20979296 7.97815997 7.72468696 7.97815997 7.83132967 7.26536773
 7.35897155 7.86711518 7.1369322  6.60873177 6.71058277 7.21246706]","[0.11317814 0.11526931 0.12291848 0.11280072 0.13657956 0.14062668
 0.13443674 0.12932869 0.14826895 0.15496019 0.14571635 0.13930036]"
6,4.0,8,0.1,0.1,"[30.0, -10.0, 0.0]","[0.6, 0.6, 1.0]","[8.20979296 7.97815997 7.72468696 7.97815997 7.83132967 7.26536773
 7.35897155 7.86711518 7.21181065 6.6331479  6.81059274 7.36088382]","[0.11317814 0.11526931 0.12291848 0.11280072 0.13279064 0.14219003
 0.13564264 0.12767928 0.14444776 0.15321713 0.14497986 0.13657724]"
6,4.0,8,0.1,0.1,"[30.0, -10.0, 0.0]","[0.7, 0.7, 1.0]","[8.20979296 7.97815997 7.72468696 7.97815997 7.83132967 7.26536773
 7.35897155 7.86711518 7.21181065 6.6331479  6.81059274 7.36088382]","[0.11317814 0.11526931 0.12291848 0.11280072 0.13279064 0.14219003
 0.13564264 0.12767928 0.14444776 0.15321713 0.14497986 0.13657724]"
6,4.0,8,0.1,0.1,"[30.0, -10.0, 0.0]","[0.8, 0.8, 1.0]","[8.20979296 7.97815997 7.72468696 7.97815997 7.83132967 7.26536773
 7.35897155 7.86711518 7.21181065 6.6331479  6.81059274 7.36088382]","[0.11317814 0.11526931 0.12291848 0.11280072 0.13279064 0.14219003
 0.13564264 0.12767928 0.14444776 0.15321713 0.14497986 0.13657724]"
6,4.0,8,0.1,0.1,"[30.0, -10.0, 0.0]","[0.9, 0.9, 1.0]","[8.20979296 7.97815997 7.72468696 7.97815997 7.83132967 7.26536773
 7.35897155 7.86711518 7.21181065 6.6331479  6.81059274 7.36088382]","[0.11317814 0.11526931 0.12291848 0.11280072 0.13279064 0.14219003
 0.13564264 0.12767928 0.14444776 0.15321713 0.14497986 0.13657724]"
6,4.0,8,0.1,0.1,"[30.0, -10.0, 0.0]","[1.0, 1.0, 1.0]","[8.20979296 7.97815997 7.72468696 7.97815997 7.83132967 7.26536773
 7.35897155 7.86711518 7.21181065 6.6331479  6.81059274 7.36088382]","[0.11317814 0.11526931 0.12291848 0.11280072 0.13279064 0.14219003
 0.13564264 0.12767928 0.14444776 0.15321713 0.14497986 0.13657724]"
6,4.0,8,0.1,0.1,"[30.0, 0.0, 0.0]","[0.6, 0.6, 1.0]","[8.20979296 7.97815997 7.72468696 7.97815997 7.83132967 7.26536773
 7.35897155 7.86711518 7.37571145 6.78979408 6.97400733 7.52657168]","[0.11317814 0.11526931 0.12291848 0.11280072 0.1330647  0.14766897
 0.1410547  0.1287485  0.14019318 0.15096805 0.1438869  0.13389722]"
6,4.0,8,0.1,0.1,"[30.0, 0.0, 0.0]","[0.7, 0.7, 1.0]","[8.20979296 7.97815997 7.72468696 7.97815997 7.83132967 7.26536773
 7.35897155 7.86711518 7.37571145 6.78979408 6.97400733 7.52657168]","[0.11317814 0.11526931 0.12291848 0.11280072 0.1330647  0.14766897
 0.1410547  0.1287485  0.14019318 0.15096805 0.1438869  0.13389722]"
6,4.0,8,0.1,0.1,"[30.0, 0.0, 0.0]","[0.8, 0.8, 1.0]","[8.20979296 7.97815997 7.72468696 7.97815997 7.83132967 7.26536773
 7.35897155 7.86711518 7.37571145 6.78979408 6.97400733 7.52657168]","[0.11317814 0.11526931 0.12291848 0.11280072 0.1330647  0.14766897
 0.1410547  0.1287485  0.14019318 0.15096805 0.1438869  0.13389722]"
6,4.0,8,0.1,0.1,"[30.0, 0.0, 0.0]","[0.9, 0.9, 1.0]","[8.20979296 7.97815997 7.72468696 7.97815997 7.83132967 7.26536773
 7.35897155 7.86711518 7.37571145 6.78979408 6.97400733 7.52657168]","[0.11317814 0.11526931 0.12291848 0.11280072 0.1330647  0.14766897
 0.1410547  0.1287485  0.14019318 0.15096805 0.1438869  0.13389722]"
6,4.0,8,0.1,0.1,"[30.0, 0.0, 0.0]","[1.0, 1.0, 1.0]","[8.20979296 7.97815997 7.72468696 7.97815997 7.83132967 7.26536773
 7.35897155 7.86711518 7.37571145 6.78979408 6.97400733 7.52657168]","[0.11317814 0.11526931 0.12291848 0.11280072 0.1330647  0.14766897
 0.1410547  0.1287485  0.14019318 0.15096805 0.1438869  0.13389722]"
6,4.0,8,0.1,0.1,"[30.0, 10.0, 0.0]","[0.6, 0.6, 1.0]","[8.20979296 7.97815997 7.72468696 7.97815997 7.83132967 7.26536773
 7.35897155 7.86711518 7.56792102 7.01100633 7.14454741 7.66831157]","[0.11317814 0.11526931 0.12291848 0.11280072 0.13826715 0.15714538
 0.15050546 0.13269496 0.13682255 0.14957097 0.14331107 0.13193273]"
6,4.0,8,0.1,0.1,"[30.0, 10.0, 0.0]","[0.7, 0.7, 1.0]","[8.20979296 7.97815997 7.72468696 7.97815997 7.83132967 7.26536773
 7.35897155 7.86711518 7.56792102 7.01100633 7.14454741 7.66831157]","[0.11317814 0.11526931 0.12291848 0.11280072 0.13826715 0.15714538
 0.15050546 0.13269496 0.13682255 0.14957097 0.14331107 0.13193273]"
6,4.0,8,0.1,0.1,"[30.0, 10.0, 0.0]","[0.8, 0.8, 1.0]","[8.20979296 7.97815997 7.72468696 7.97815997 7.83132967 7.26536773
 7.35897155 7.86711518 7.56792102 7.01100633 7.14454741 7.66831157]","[0.11317814 0.11526931 0.12291848 0.11280072 0.13826715 0.15714538
 0.15050546 0.13269496 0.13682255 0.14957097 0.14331107 0.13193273]"
6,4.0,8,0.1,0.1,"[30.0, 10.0, 0.0]","[0.9, 0.9, 1.0]","[8.20979296 7.97815997 7.72468696 7.97815997 7.83132967 7.26536773
 7.35897155 7.86711518 7.56792102 7.01100633 7.14454741 7.66831157]","[0.11317814 0.11526931 0.12291848 0.11280072 0.13826715 0.15714538
 0.15050546 0.13269496 0.13682255 0.14957097 0.14331107 0.13193273]"
6,4.0,8,0.1,0.1,"[30.0, 10.0, 0.0]","[1.0, 1.0, 1.0]","[8.20979296 7.97815997 7.72468696 7.97815997 7.83132967 7.26536773
 7.35897155 7.86711518 7.56792102 7.01100633 7.14454741 7.66831157]","[0.11317814 0.11526931 0.12291848 0.11280072 0.13826715 0.15714538
 0.15050546 0.13269496 0.13682255 0.14957097 0.14331107 0.13193273]"
6,4.0,8,0.1,0.1,"[30.0, 20.0, 0.0]","[0.6, 0.6, 1.0]","[8.20979296 7.97815997 7.72468696 7.97815997 7.83132967 7.26536773
 7.35897155 7.86711518 7.73339064 7.22291417 7.28601777 7.77086817]","[0.11317814 0.11526931 0.12291848 0.11280072 0.14669532 0.16857416
 0.16194777 0.13849083 0.13485135 0.14948524 0.14352358 0.13077654]"
6,4.0,8,0.1,0.1,"[30.0, 20.0, 0.0]","[0.7, 0.7, 1.0]","[8.20979296 7.97815997 7.72468696 7.97815997 7.83132967 7.26536773
 7.35897155 7.86711518 7.73339064 7.22291417 7.28601777 7.77086817]","[0.11317814 0.11526931 0.12291848 0.11280072 0.14669532 0.16857416
 0.16194777 0.13849083 0.13485135 0.14948524 0.14352358 0.13077654]"
6,4.0,8,0.1,0.1,"[30.0, 20.0, 0.0]","[0.8, 0.8, 1.0]","[8.20979296 7.97815997 7.72468696 7.97815997 7.83132967 7.26536773
 7.35897155 7.86711518 7.73339064 7.22291417 7.28601777 7.77086817]","[0.11317814 0.11526931 0.12291848 0.11280072 0.14669532 0.16857416
 0.16194777 0.13849083 0.13485135 0.14948524 0.14352358 0.13077654]"
6,4.0,8,0.1,0.1,"[30.0, 20.0, 0.0]","[0.9, 0.9, 1.0]","[8.20979296 7.97815997 7.72468696 7.97815997 7.83132967 7.26536773
 7.35897155 7.86711518 7.73339064 7.22291417 7.28601777 7.77086817]","[0.11317814 0.11526931 0.12291848 0.11280072 0.14669532 0.16857416
 0.16194777 0.13849083 0.13485135 0.14948524 0.14352358 0.13077654]"
6,4.0,8,0.1,0.1,"[30.0, 20.0, 0.0]","[1.0, 1.0, 1.0]","[8.20979296 7.97815997 7.72468696 7.97815997 7.83132967 7.26536773
 7.35897155 7.86711518 7.73339064 7.22291417 7.28601777 7.77086817]","[0.11317814 0.11526931 0.12291848 0.11280072 0.14669532 0.16857416
 0.16194777 0.13849083 0.13485135 0.14948524 0.14352358 0.13077654]"
6,8.0,8,0.1,0.1,"[-30.0, -20.0, 0.0]","[0.6, 0.6, 1.0]","[8.20979296 7.97815997 7.72468696 7.97815997 7.37125237 6.65350858
 6.89912067 7.53776723 7.48512264 6.88476742 7.01505103 7.57736133]","[0.1209598  0.11156241 0.10869167 0.11054631 0.15970928 0.16637852
 0.14835638 0.14029985 0.14004192 0.14759738 0.13902613 0.13259217]"
6,8.0,8,0.1,0.1,"[-30.0, -20.0, 0.0]","[0.7, 0.7, 1.0]","[8.20979296 7.97815997 7.72468696 7.97815997 7.37125237 6.65350858
 6.89912067 7.53776723 7.48512264 6.88476742 7.01505103 7.57736133]","[0.1209598  0.11156241 0.10869167 0.11054631 0.15970928 0.16637852
 0.14835638 0.14029985 0.14004192 0.14759738 0.13902613 0.13259217]"
6,8.0,8,0.1,0.1,"[-30.0, -20.0, 0.0]","[0.8, 0.8, 1.0]","[8.20979296 7.97815997 7.72468696 7.97815997 7.37125237 6.65350858
 6.89912067 7.53776723 7.48512264 6.88476742 7.01505103 7.57736133]","[0.1209598  0.11156241 0.10869167 0.11054631 0.15970928 0.16637852
 0.14835638 0.14029985 0.14004192 0.14759738 0.13902613 0.13259217]"
6,8.0,8,0.1,0.1,"[-30.0, -20.0, 0.0]","[0.9, 0.9, 1.0]","[8.20979296 7.97815997 7.72468696 7.97815997 7.37125237 6.65350858
 6.89912067 7.53776723 7.48512264 6.88476742 7.01505103 7.57736133]","[0.1209598  0.11156241 0.10869167 0.11054631 0.15970928 0.16637852
 0.14835638 0.14029985 0.14004192 0.14759738 0.13902613 0.13259217]"
6,8.0,8,0.1,0.1,"[-30.0, -20.0, 0.0]","[1.0, 1.0, 1.0]","[8.20979296 7.97815997 7.72468696 7.97815997 7.37125237 6.65350858
 6.89912067 7.53776723 7.48512264 6.88476742 7.01505103 7.57736133]","[0.1209598  0.11156241 0.10869167 0.11054631 0.15970928 0.16637852
 0.14835638 0.14029985 0.14004192 0.14759738 0.13902613 0.13259217]"
6,8.0,8,0.1,0.1,"[-30.0, -10.0, 0.0]","[0.6, 0.6, 1.0]","[8.20979296 7.97815997 7.72468696 7.97815997 7.37125237 6.65350858
 6.89912067 7.53776723 7.55539715 6.93206599 7.09950234 7.66959763]","[0.1209598  0.11156241 0.10869167 0.11054631 0.14913784 0.15780267
 0.14279552 0.13544265 0.13796756 0.14600549 0.13767589 0.13095551]"
6,8.0,8,0.1,0.1,"[-30.0, -10.0, 0.0]","[0.7, 0.7, 1.0]","[8.20979296 7.97815997 7.72468696 7.97815997 7.37125237 6.65350858
 6.89912067 7.53776723 7.55539715 6.93206599 7.09950234 7.66959763]","[0.1209598  0.11156241 0.10869167 0.11054631 0.14913784 0.15780267
 0.14279552 0.13544265 0.13796756 0.14600549 0.13767589 0.13095551]"
6,8.0,8,0.1,0.1,"[-30.0, -10.0, 0.0]","[0.8, 0.8, 1.0]","[8.20979296 7.97815997 7.72468696 7.97815997 7.37125237 6.65350858
 6.89912067 7.53776723 7.55539715 6.93206599 7.09950234 7.66959763]","[0.1209598  0.11156241 0.10869167 0.11054631 0.14913784 0.15780267
 0.14279552 0.13544265 0.13796756 0.14600549 0.13767589 0.13095551]"
6,8.0,8,0.1,0.1,"[-30.0, -10.0, 0.0]","[0.9, 0.9, 1.0]","[8.20979296 7.97815997 7.72468696 7.97815997 7.37125237 6.65350858
 6.89912067 7.53776723 7.55539715 6.93206599 7.09950234 7.66959763]","[0.1209598  0.11156241 0.10869167 0.11054631 0.14913784 0.15780267
 0.14279552 0.13544265 0.13796756 0.14600549 0.13767589 0.13095551]"
6,8.0,8,0.1,0.1,"[-30.0, -10.0, 0.0]","[1.0, 1.0, 1.0]","[8.20979296 7.97815997 7.72468696 7.97815997 7.37125237 6.65350858
 6.89912067 7.53776723 7.55539715 6.93206599 7.09950234 7.66959763]","[0.1209598  0.11156241 0.10869167 0.11054631 0.14913784 0.15780267
 0.14279552 0.13544265 0.13796756 0.14600549 0.13767589 0.13095551]"
6,8.0,8,0.1,0.1,"[-30.0, 0.0, 0.0]","[0.6, 0.6, 1.0]","[8.20979296 7.97815997 7.72468696 7.97815997 7.37125237 6.65350858
 6.89912067 7.53776723 7.68564507 7.0887214  7.23095671 7.76609792]","[0.1209598  0.11156241 0.10869167 0.11054631 0.14253299 0.1529573
 0.14148234 0.13328026 0.1350826  0.14263722 0.13558999 0.12935798]"
6,8.0,8,0.1,0.1,"[-30.0, 0.0, 0.0]","[0.7, 0.7, 1.0]","[8.20979296 7.97815997 7.72468696 7.97815997 7.37125237 6.65350858
 6.89912067 7.53776723 7.68564507 7.0887214  7.23095671 7.76609792]","[0.1209598  0.11156241 0.10869167 0.11054631 0.14253299 0.1529573
 0.14148234 0.13328026 0.1350826  0.14263722 0.13558999 0.12935798]"
6,8.0,8,0.1,0.1,"[-30.0, 0.0, 0.0]","[0.8, 0.8, 1.0]","[8.20979296 7.97815997 7.72468696 7.97815997 7.37125237 6.65350858
 6.89912067 7.53776723 7.68564507 7.0887214  7.23095671 7.76609792]","[0.1209598  0.11156241 0.10869167 0.11054631 0.14253299 0.1529573
 0.14148234 0.13328026 0.1350826  0.14263722 0.13558999 0.12935798]"
6,8.0,8,0.1,0.1,"[-30.0, 0.0, 0.0]","[0.9, 0.9, 1.0]","[8.20979296 7.97815997 7.72468696 7.97815997 7.37125237 6.65350858
 6.89912067 7.53776723 7.68564507 7.0887214  7.23095671 7.76609792]","[0.1209598  0.11156241 0.10869167 0.11054631 0.14253299 0.1529573
 0.14148234 0.13328026 0.1350826  0.14263722 0.13558999 0.12935798]"
6,8.0,8,0.1,0.1,"[-30.0, 0.0, 0.0]","[1.0, 1.0, 1.0]","[8.20979296 7.97815997 7.72468696 7.97815997 7.37125237 6.65350858
 6.89912067 7.53776723 7.68564507 7.0887214  7.23095671 7.76609792]","[0.1209598  0.11156241 0.10869167 0.11054631 0.14253299 0.1529573
 0.14148234 0.13328026 0.1350826  0.14263722 0.13558999 0.12935798]"
6,8.0,8,0.1,0.1,"[-30.0, 10.0, 0.0]","[0.6, 0.6, 1.0]","[8.20979296 7.97815997 7.72468696 7.97815997 7.37125237 6.65350858
 6.89912067 7.53776723 7.8254587  7.29950096 7.3623461  7.83682683]","[0.1209598  0.11156241 0.10869167 0.11054631 0.14199703 0.15377364
 0.14556017 0.13446597 0.13230724 0.13873324 0.1336797  0.12827998]"
6,8.0,8,0.1,0.1,"[-30.0, 10.0, 0.0]","[0.7, 0.7, 1.0]","[8.20979296 7.97815997 7.72468696 7.97815997 7.37125237 6.65350858
 6.89912067 7.53776723 7.8254587  7.29950096 7.3623461  7.83682683]","[0.1209598  0.11156241 0.10869167 0.11054631 0.14199703 0.15377364
 0.14556017 0.13446597 0.13230724 0.13873324 0.1336797  0.12827998]"
6,8.0,8,0.1,0.1,"[-30.0, 10.0, 0.0]","[0.8, 0.8, 1.0]","[8.20979296 7.97815997 7.72468696 7.97815997 7.37125237 6.65350858
 6.89912067 7.53776723 7.8254587  7.29950096 7.3623461  7.83682683]","[0.1209598  0.11156241 0.10869167 0.11054631 0.14199703 0.15377364
 0.14556017 0.13446597 0.13230724 0.13873324 0.1336797  0.12827998]"
6,8.0,8,0.1,0.1,"[-30.0, 10.0, 0.0]","[0.9, 0.9, 1.0]","[8.20979296 7.97815997 7.72468696 7.97815997 7.37125237 6.65350858
 6.89912067 7.53776723 7.8254587  7.29950096 7.3623461  7.83682683]","[0.1209598  0.11156241 0.10869167 0.11054631 0.14199703 0.15377364
 0.14556017 0.13446597 0.13230724 0.13873324 0.1336797  0.12827998]"
6,8.0,8,0.1,0.1,"[-30.0, 10.0, 0.0]","[1.0, 1.0, 1.0]","[8.20979296 7.97815997 7.72468696 7.97815997 7.37125237 6.65350858
 6.89912067 7.53776723 7.8254587  7.29950096 7.3623461  7.83682683]","[0.1209598  0.11156241 0.10869167 0.11054631 0.14199703 0.15377364
 0.14556017 0.13446597 0.13230724 0.13873324 0.1336797  0.12827998]"
6,8.0,8,0.1,0.1,"[-30.0, 20.0, 0.0]","[0.6, 0.6, 1.0]","[8.20979296 7.97815997 7.72468696 7.97815997 7.37125237 6.65350858
 6.89912067 7.53776723 7.92906015 7.48575146 7.45962395 7.87347742]","[0.1209598  0.11156241 0.10869167 0.11054631 0.1464824  0.15897433
 0.15337303 0.13827825 0.13039694 0.13569102 0.13247572 0.12780643]"
6,8.0,8,0.1,0.1,"[-30.0, 20.0, 0.0]","[0.7, 0.7, 1.0]","[8.20979296 7.97815997 7.72468696 7.97815997 7.37125237 6.65350858
 6.89912067 7.53776723 7.92906015 7.48575146 7.45962395 7.87347742]","[0.1209598  0.11156241 0.10869167 0.11054631 0.1464824  0.15897433
 0.15337303 0.13827825 0.13039694 0.13569102 0.13247572 0.12780643]"
6,8.0,8,0.1,0.1,"[-30.0, 20.0, 0.0]","[0.8, 0.8, 1.0]","[8.20979296 7.97815997 7.72468696 7.97815997 7.37125237 6.65350858
 6.89912067 7.53776723 7.92906015 7.48575146 7.45962395 7.87347742]","[0.1209598  0.11156241 0.10869167 0.11054631 0.1464824  0.15897433
 0.15337303 0.13827825 0.13039694 0.13569102 0.13247572 0.12780643]"
6,8.0,8,0.1,0.1,"[-30.0, 20.0, 0.0]","[0.9, 0.9, 1.0]","[8.20979296 7.97815997 7.72468696 7.97815997 7.37125237 6.65350858
 6.89912067 7.53776723 7.92906015 7.48575146 7.45962395 7.87347742]","[0.1209598  0.11156241 0.10869167 0.11054631 0.1464824  0.15897433
 0.15337303 0.13827825 0.13039694 0.13569102 0.13247572 0.12780643]"
6,8.0,8,0.1,0.1,"[-30.0, 20.0, 0.0]","[1.0, 1.0, 1.0]","[8.20979296 7.97815997 7.72468696 7.97815997 7.37125237 6.65350858
 6.89912067 7.53776723 7.92906015 7.48575146 7.45962395 7.87347742]","[0.1209598  0.11156241 0.10869167 0.11054631 0.1464824  0.15897433
 0.15337303 0.13827825 0.13039694 0.13569102 0.13247572 0.12780643]"
6,8.0,8,0.1,0.1,"[-20.0, -20.0, 0.0]","[0.6, 0.6, 1.0]","[8.20979296 7.97815997 7.72468696 7.97815997 7.42986537 6.67464084
 6.97644958 7.63675968 7.49885782 6.89317833 7.03187676 7.59539061]","[0.11282397 0.10665625 0.10397174 0.10568867 0.15666451 0.16365376
 0.14572707 0.13768447 0.13961433 0.14725289 0.13874523 0.13226065]"
6,8.0,8,0.1,0.1,"[-20.0, -20.0, 0.0]","[0.7, 0.7, 1.0]","[8.20979296 7.97815997 7.72468696 7.97815997 7.42986537 6.67464084
 6.97644958 7.63675968 7.49885782 6.89317833 7.03187676 7.59539061]","[0.11282397 0.10665625 0.10397174 0.10568867 0.15666451 0.16365376
 0.14572707 0.13768447 0.13961433 0.14725289 0.13874523 0.13226065]"
6,8.0,8,0.1,0.1,"[-20.0, -20.0, 0.0]","[0.8, 0.8, 1.0]","[8.20979296 7.97815997 7.72468696 7.97815997 7.42986537 6.67464084
 6.97644958 7.63675968 7.49885782 6.89317833 7.03187676 7.59539061]","[0.11282397 0.10665625 0.10397174 0.10568867 0.15666451 0.16365376
 0.14572707 0.13768447 0.13961433 0.14725289 0.13874523 0.13226065]"
6,8.0,8,0.1,0.1,"[-20.0, -20.0, 0.0]","[0.9, 0.9, 1.0]","[8.20979296 7.97815997 7.72468696 7.97815997 7.42986537 6.67464084
 6.97644958 7.63675968 7.49885782 6.89317833 7.03187676 7.59539061]","[0.11282397 0.10665625 0.10397174 0.10568867 0.15666451 0.16365376
 0.14572707 0.13768447 0.13961433 0.14725289 0.13874523 0.13226065]"
6,8.0,8,0.1,0.1,"[-20.0, -20.0, 0.0]","[1.0, 1.0, 1.0]","[8.20979296 7.97815997 7.72468696 7.97815997 7.42986537 6.67464084
 6.97644958 7.63675968 7.49885782 6.89317833 7.03187676 7.59539061]","[0.11282397 0.10665625 0.10397174 0.10568867 0.15666451 0.16365376
 0.14572707 0.13768447 0.13961433 0.14725289 0.13874523 0.13226065]"
6,8.0,8,0.1,0.1,"[-20.0, -10.0, 0.0]","[0.6, 0.6, 1.0]","[8.20979296 7.97815997 7.72468696 7.97815997 7.42986537 6.67464084
 6.97644958 7.63675968 7.57630628 6.95363649 7.12206293 7.68843643]","[0.11282397 0.10665625 0.10397174 0.10568867 0.14679205 0.15590146
 0.14085013 0.13329428 0.13745449 0.1454512  0.13731224 0.130635  ]"
6,8.0,8,0.1,0.1,"[-20.0, -10.0, 0.0]","[0.7, 0.7, 1.0]","[8.20979296 7.97815997 7.72468696 7.97815997 7.42986537 6.67464084
 6.97644958 7.63675968 7.57630628 6.95363649 7.12206293 7.68843643]","[0.11282397 0.10665625 0.10397174 0.10568867 0.14679205 0.15590146
 0.14085013 0.13329428 0.13745449 0.1454512  0.13731224 0.130635  ]"
6,8.0,8,0.1,0.1,"[-20.0, -10.0, 0.0]","[0.8, 0.8, 1.0]","[8.20979296 7.97815997 7.72468696 7.97815997 7.42986537 6.67464084
 6.97644958 7.63675968 7.57630628 6.95363649 7.12206293 7.68843643]","[0.11282397 0.10665625 0.10397174 0.10568867 0.14679205 0.15590146
 0.14085013 0.13329428 0.13745449 0.1454512  0.13731224 0.130635  ]"
6,8.0,8,0.1,0.1,"[-20.0, -10.0, 0.0]","[0.9, 0.9, 1.0]","[8.20979296 7.97815997 7.72468696 7.97815997 7.42986537 6.67464084
 6.97644958 7.63675968 7.57630628 6.95363649 7.12206293 7.68843643]","[0.11282397 0.10665625 0.10397174 0.10568867 0.14679205 0.15590146
 0.14085013 0.13329428 0.13745449 0.1454512  0.13731224 0.130635  ]"
6,8.0,8,0.1,0.1,"[-20.0, -10.0, 0.0]","[1.0, 1.0, 1.0]","[8.20979296 7.97815997 7.72468696 7.97815997 7.42986537 6.67464084
 6.97644958 7.63675968 7.57630628 6.95363649 7.12206293 7.68843643]","[0.11282397 0.10665625 0.10397174 0.10568867 0.14679205 0.15590146
 0.14085013 0.13329428 0.13745449 0.1454512  0.13731224 0.130635  ]"
6,8.0,8,0.1,0.1,"[-20.0, 0.0, 0.0]","[0.6, 0.6, 1.0]","[8.20979296 7.97815997 7.72468696 7.97815997 7.42986537 6.67464084
 6.97644958 7.63675968 7.71055651 7.11983491 7.25571972 7.78415734]","[0.11282397 0.10665625 0.10397174 0.10568867 0.14079506 0.15191092
 0.14016884 0.13151569 0.13454696 0.1419753  0.1352229  0.12907303]"
6,8.0,8,0.1,0.1,"[-20.0, 0.0, 0.0]","[0.7, 0.7, 1.0]","[8.20979296 7.97815997 7.72468696 7.97815997 7.42986537 6.67464084
 6.97644958 7.63675968 7.71055651 7.11983491 7.25571972 7.78415734]","[0.11282397 0.10665625 0.10397174 0.10568867 0.14079506 0.15191092
 0.14016884 0.13151569 0.13454696 0.1419753  0.1352229  0.12907303]"
6,8.0,8,0.1,0.1,"[-20.0, 0.0, 0.0]","[0.8, 0.8, 1.0]","[8.20979296 7.97815997 7.72468696 7.97815997 7.42986537 6.67464084
 6.97644958 7.63675968 7.71055651 7.11983491 7.25571972 7.78415734]","[0.11282397 0.10665625 0.10397174 0.10568867 0.14079506 0.15191092
 0.14016884 0.13151569 0.13454696 0.1419753  0.1352229  0.12907303]"
6,8.0,8,0.1,0.1,"[-20.0, 0.0, 0.0]","[0.9, 0.9, 1.0]","[8.20979296 7.97815997 7.72468696 7.97815997 7.42986537 6.67464084
 6.97644958 7.63675968 7.71055651 7.11983491 7.25571972 7.78415734]","[0.11282397 0.10665625 0.10397174 0.10568867 0.14079506 0.15191092
 0.14016884 0.13151569 0.13454696 0.1419753  0.1352229  0.12907303]"
6,8.0,8,0.1,0.1,"[-20.0, 0.0, 0.0]","[1.0, 1.0, 1.0]","[8.20979296 7.97815997 7.72468696 7.97815997 7.42986537 6.67464084
 6.97644958 7.63675968 7.71055651 7.11983491 7.25571972 7.78415734]","[0.11282397 0.10665625 0.10397174 0.10568867 0.14079506 0.15191092
 0.14016884 0.13151569 0.13454696 0.1419753  0.1352229  0.12907303]"
6,8.0,8,0.1,0.1,"[-20.0, 10.0, 0.0]","[0.6, 0.6, 1.0]","[8.20979296 7.97815997 7.72468696 7.97815997 7.42986537 6.67464084
 6.97644958 7.63675968 7.85127395 7.33268048 7.38682771 7.85513935]","[0.11282397 0.10665625 0.10397174 0.10568867 0.14071405 0.15350836
 0.14468756 0.13294371 0.13180382 0.13811817 0.13335685 0.1280092 ]"
6,8.0,8,0.1,0.1,"[-20.0, 10.0, 0.0]","[0.7, 0.7, 1.0]","[8.20979296 7.97815997 7.72468696 7.97815997 7.42986537 6.67464084
 6.97644958 7.63675968 7.85127395 7.33268048 7.38682771 7.85513935]","[0.11282397 0.10665625 0.10397174 0.10568867 0.14071405 0.15350836
 0.14468756 0.13294371 0.13180382 0.13811817 0.13335685 0.1280092 ]"
6,8.0,8,0.1,0.1,"[-20.0, 10.0, 0.0]","[0.8, 0.8, 1.0]","[8.20979296 7.97815997 7.72468696 7.97815997 7.42986537 6.67464084
 6.97644958 7.63675968 7.85127395 7.33268048 7.38682771 7.85513935]","[0.11282397 0.10665625 0.10397174 0.10568867 0.14071405 0.15350836
 0.14468756 0.13294371 0.13180382 0.13811817 0.13335685 0.1280092 ]"
6,8.0,8,0.1,0.1,"[-20.0, 10.0, 0.0]","[0.9, 0.9, 1.0]","[8.20979296 7.97815997 7.72468696 7.97815997 7.42986537 6.67464084
 6.97644958 7.63675968 7.85127395 7.33268048 7.38682771 7.85513935]","[0.11282397 0.10665625 0.10397174 0.10568867 0.14071405 0.15350836
 0.14468756 0.13294371 0.13180382 0.13811817 0.13335685 0.1280092 ]"
6,8.0,8,0.1,0.1,"[-20.0, 10.0, 0.0]","[1.0, 1.0, 1.0]","[8.20979296 7.97815997 7.72468696 7.97815997 7.42986537 6.67464084
 6.97644958 7.63675968 7.85127395 7.33268048 7.38682771 7.85513935]","[0.11282397 0.10665625 0.10397174 0.10568867 0.14071405 0.15350836
 0.14468756 0.13294371 0.13180382 0.13811817 0.13335685 0.1280092 ]"
6,8.0,8,0.1,0.1,"[-20.0, 20.0, 0.0]","[0.6, 0.6, 1.0]","[8.20979296 7.97815997 7.72468696 7.97815997 7.42986537 6.67464084
 6.97644958 7.63675968 7.95542606 7.51734325 7.48428268 7.89389519]","[0.11282397 0.10665625 0.10397174 0.10568867 0.14549404 0.15934073
 0.15271724 0.13685472 0.12992168 0.13517117 0.13217981 0.12751488]"
6,8.0,8,0.1,0.1,"[-20.0, 20.0, 0.0]","[0.7, 0.7, 1.0]","[8.20979296 7.97815997 7.72468696 7.97815997 7.42986537 6.67464084
 6.97644958 7.63675968 7.95542606 7.51734325 7.48428268 7.89389519]","[0.11282397 0.10665625 0.10397174 0.10568867 0.14549404 0.15934073
 0.15271724 0.13685472 0.12992168 0.13517117 0.13217981 0.12751488]"
6,8.0,8,0.1,0.1,"[-20.0, 20.0, 0.0]","[0.8, 0.8, 1.0]","[8.20979296 7.97815997 7.72468696 7.97815997 7.42986537 6.67464084
 6.97644958 7.63675968 7.95542606 7.51734325 7.48428268 7.89389519]","[0.11282397 0.10665625 0.10397174 0.10568867 0.14549404 0.15934073
 0.15271724 0.13685472 0.12992168 0.13517117 0.13217981 0.12751488]"
6,8.0,8,0.1,0.1,"[-20.0, 20.0, 0.0]","[0.9, 0.9, 1.0]","[8.20979296 7.97815997 7.72468696 7.97815997 7.42986537 6.67464084
 6.97644958 7.63675968 7.95542606 7.51734325 7.48428268 7.89389519]","[0.11282397 0.10665625 0.10397174 0.10568867 0.14549404 0.15934073
 0.15271724 0.13685472 0.12992168 0.13517117 0.13217981 0.12751488]"
6,8.0,8,0.1,0.1,"[-20.0, 20.0, 0.0]","[1.0, 1.0, 1.0]","[8.20979296 7.97815997 7.72468696 7.97815997 7.42986537 6.67464084
 6.97644958 7.63675968 7.95542606 7.51734325 7.48428268 7.89389519]","[0.11282397 0.10665625 0.10397174 0.10568867 0.14549404 0.15934073
 0.15271724 0.13685472 0.12992168 0.13517117 0.13217981 0.12751488]"
6,8.0,8,0.1,0.1,"[-10.0, -20.0, 0.0]","[0.6, 0.6, 1.0]","[8.20979296 7.97815997 7.72468696 7.97815997 7.58079501 6.85009956
 7.1333872  7.7582489  7.51703916 6.90523839 7.05350182 7.61728848]","[0.10487384 0.10235769 0.1006565  0.10157862 0.15097858 0.15647339
 0.14112097 0.13458734 0.13905709 0.14681446 0.13841161 0.13186577]"
6,8.0,8,0.1,0.1,"[-10.0, -20.0, 0.0]","[0.7, 0.7, 1.0]","[8.20979296 7.97815997 7.72468696 7.97815997 7.58079501 6.85009956
 7.1333872  7.7582489  7.51703916 6.90523839 7.05350182 7.61728848]","[0.10487384 0.10235769 0.1006565  0.10157862 0.15097858 0.15647339
 0.14112097 0.13458734 0.13905709 0.14681446 0.13841161 0.13186577]"
6,8.0,8,0.1,0.1,"[-10.0, -20.0, 0.0]","[0.8, 0.8, 1.0]","[8.20979296 7.97815997 7.72468696 7.97815997 7.58079501 6.85009956
 7.1333872  7.7582489  7.51703916 6.90523839 7.05350182 7.61728848]","[0.10487384 0.10235769 0.1006565  0.10157862 0.15097858 0.15647339
 0.14112097 0.13458734 0.13905709 0.14681446 0.13841161 0.13186577]"
6,8.0,8,0.1,0.1,"[-10.0, -20.0, 0.0]","[0.9, 0.9, 1.0]","[8.20979296 7.97815997 7.72468696 7.97815997 7.58079501 6.85009956
 7.1333872  7.7582489  7.51703916 6.90523839 7.05350182 7.61728848]","[0.10487384 0.10235769 0.1006565  0.10157862 0.15097858 0.15647339
 0.14112097 0.13458734 0.13905709 0.14681446 0.13841161 0.13186577]"
6,8.0,8,0.1,0.1,"[-10.0, -20.0, 0.0]","[1.0, 1.0, 1.0]","[8.20979296 7.97815997 7.72468696 7.97815997 7.58079501 6.85009956
 7.1333872  7.7582489  7.51703916 6.90523839 7.05350182 7.61728848]","[0.10487384 0.10235769 0.1006565  0.10157862 0.15097858 0.15647339
 0.14112097 0.13458734 0.13905709 0.14681446 0.13841161 0.13186577]"
6,8.0,8,0.1,0.1,"[-10.0, -10.0, 0.0]","[0.6, 0.6, 1.0]","[8.20979296 7.97815997 7.72468696 7.97815997 7.58079501 6.85009956
 7.1333872  7.7582489  7.60433852 6.98497436 7.15082492 7.7102891 ]","[0.10487384 0.10235769 0.1006565  0.10157862 0.14229831 0.15024492
 0.13725242 0.13077114 0.13677971 0.144703   0.13687816 0.13027294]"
6,8.0,8,0.1,0.1,"[-10.0, -10.0, 0.0]","[0.7, 0.7, 1.0]","[8.20979296 7.97815997 7.72468696 7.97815997 7.58079501 6.85009956
 7.1333872  7.7582489  7.60433852 6.98497436 7.15082492 7.7102891 ]","[0.10487384 0.10235769 0.1006565  0.10157862 0.14229831 0.15024492
 0.13725242 0.13077114 0.13677971 0.144703   0.13687816 0.13027294]"
6,8.0,8,0.1,0.1,"[-10.0, -10.0, 0.0]","[0.8, 0.8, 1.0]","[8.20979296 7.97815997 7.72468696 7.97815997 7.58079501 6.85009956
 7.1333872  7.7582489  7.60433852 6.98497436 7.15082492 7.7102891 ]","[0.10487384 0.10235769 0.1006565  0.10157862 0.14229831 0.15024492
 0.13725242 0.13077114 0.13677971 0.144703   0.13687816 0.13027294]"
6,8.0,8,0.1,0.1,"[-10.0, -10.0, 0.0]","[0.9, 0.9, 1.0]","[8.20979296 7.97815997 7.72468696 7.97815997 7.58079501 6.85009956
 7.1333872  7.7582489  7.60433852 6.98497436 7.15082492 7.7102891 ]","[0.10487384 0.10235769 0.1006565  0.10157862 0.14229831 0.15024492
 0.13725242 0.13077114 0.13677971 0.144703   0.13687816 0.13027294]"
6,8.0,8,0.1,0.1,"[-10.0, -10.0, 0.0]","[1.0, 1.0, 1.0]","[8.20979296 7.97815997 7.72468696 7.97815997 7.58079501 6.85009956
 7.1333872  7.7582489  7.60433852 6.98497436 7.15082492 7.7102891 ]","[0.10487384 0.10235769 0.1006565  0.10157862 0.14229831 0.15024492
 0.13725242 0.13077114 0.13677971 0.144703   0.13687816 0.13027294]"
6,8.0,8,0.1,0.1,"[-10.0, 0.0, 0.0]","[0.6, 0.6, 1.0]","[8.20979296 7.97815997 7.72468696 7.97815997 7.58079501 6.85009956
 7.1333872  7.7582489  7.74311114 7.1631218  7.28613236 7.80361458]","[0.10487384 0.10235769 0.1006565  0.10157862 0.13724963 0.14757418
 0.1374021  0.12946733 0.13385792 0.14110444 0.13480747 0.12877901]"
6,8.0,8,0.1,0.1,"[-10.0, 0.0, 0.0]","[0.7, 0.7, 1.0]","[8.20979296 7.97815997 7.72468696 7.97815997 7.58079501 6.85009956
 7.1333872  7.7582489  7.74311114 7.1631218  7.28613236 7.80361458]","[0.10487384 0.10235769 0.1006565  0.10157862 0.13724963 0.14757418
 0.1374021  0.12946733 0.13385792 0.14110444 0.13480747 0.12877901]"
6,8.0,8,0.1,0.1,"[-10.0, 0.0, 0.0]","[0.8, 0.8, 1.0]","[8.20979296 7.97815997 7.72468696 7.97815997 7.58079501 6.85009956
 7.1333872  7.7582489  7.74311114 7.1631218  7.28613236 7.80361458]","[0.10487384 0.10235769 0.1006565  0.10157862 0.13724963 0.14757418
 0.1374021  0.12946733 0.13385792 0.14110444 0.13480747 0.12877901]"
6,8.0,8,0.1,0.1,"[-10.0, 0.0, 0.0]","[0.9, 0.9, 1.0]","[8.20979296 7.97815997 7.72468696 7.97815997 7.58079501 6.85009956
 7.1333872  7.7582489  7.74311114 7.1631218  7.28613236 7.80361458]","[0.10487384 0.10235769 0.1006565  0.10157862 0.13724963 0.14757418
 0.1374021  0.12946733 0.13385792 0.14110444 0.13480747 0.12877901]"
6,8.0,8,0.1,0.1,"[-10.0, 0.0, 0.0]","[1.0, 1.0, 1.0]","[8.20979296 7.97815997 7.72468696 7.97815997 7.58079501 6.85009956
 7.1333872  7.7582489  7.74311114 7.1631218  7.28613236 7.80361458]","[0.10487384 0.10235769 0.1006565  0.10157862 0.13724963 0.14757418
 0.1374021  0.12946733 0.13385792 0.14110444 0.13480747 0.12877901]"
6,8.0,8,0.1,0.1,"[-10.0, 10.0, 0.0]","[0.6, 0.6, 1.0]","[8.20979296 7.97815997 7.72468696 7.97815997 7.58079501 6.85009956
 7.1333872  7.7582489  7.88436597 7.37764834 7.41569805 7.87340438]","[0.10487384 0.10235769 0.1006565  0.10157862 0.13771553 0.15004092
 0.14237124 0.1312036  0.13116824 0.13732872 0.13301909 0.1277577 ]"
6,8.0,8,0.1,0.1,"[-10.0, 10.0, 0.0]","[0.7, 0.7, 1.0]","[8.20979296 7.97815997 7.72468696 7.97815997 7.58079501 6.85009956
 7.1333872  7.7582489  7.88436597 7.37764834 7.41569805 7.87340438]","[0.10487384 0.10235769 0.1006565  0.10157862 0.13771553 0.15004092
 0.14237124 0.1312036  0.13116824 0.13732872 0.13301909 0.1277577 ]"
6,8.0,8,0.1,0.1,"[-10.0, 10.0, 0.0]","[0.8, 0.8, 1.0]","[8.20979296 7.97815997 7.72468696 7.97815997 7.58079501 6.85009956
 7.1333872  7.7582489  7.88436597 7.37764834 7.41569805 7.87340438]","[0.10487384 0.10235769 0.1006565  0.10157862 0.13771553 0.15004092
 0.14237124 0.1312036  0.13116824 0.13732872 0.13301909 0.1277577 ]"
6,8.0,8,0.1,0.1,"[-10.0, 10.0, 0.0]","[0.9, 0.9, 1.0]","[8.20979296 7.97815997 7.72468696 7.97815997 7.58079501 6.85009956
 7.1333872  7.7582489  7.88436597 7.37764834 7.41569805 7.87340438]","[0.10487384 0.10235769 0.1006565  0.10157862 0.13771553 0.15004092
 0.14237124 0.1312036  0.13116824 0.13732872 0.13301909 0.1277577 ]"
6,8.0,8,0.1,0.1,"[-10.0, 10.0, 0.0]","[1.0, 1.0, 1.0]","[8.20979296 7.97815997 7.72468696 7.97815997 7.58079501 6.85009956
 7.1333872  7.7582489  7.88436597 7.37764834 7.41569805 7.87340438]","[0.10487384 0.10235769 0.1006565  0.10157862 0.13771553 0.15004092
 0.14237124 0.1312036  0.13116824 0.13732872 0.13301909 0.1277577 ]"
6,8.0,8,0.1,0.1,"[-10.0, 20.0, 0.0]","[0.6, 0.6, 1.0]","[8.20979296 7.97815997 7.72468696 7.97815997 7.58079501 6.85009956
 7.1333872  7.7582489  7.990009   7.56086616 7.51298224 7.91418272]","[0.10487384 0.10235769 0.1006565  0.10157862 0.14267171 0.15628812
 0.15048268 0.13525023 0.12425338 0.12937182 0.12692321 0.12230573]"
6,8.0,8,0.1,0.1,"[-10.0, 20.0, 0.0]","[0.7, 0.7, 1.0]","[8.20979296 7.97815997 7.72468696 7.97815997 7.58079501 6.85009956
 7.1333872  7.7582489  7.990009   7.56086616 7.51298224 7.91418272]","[0.10487384 0.10235769 0.1006565  0.10157862 0.14267171 0.15628812
 0.15048268 0.13525023 0.12425338 0.12937182 0.12692321 0.12230573]"
6,8.0,8,0.1,0.1,"[-10.0, 20.0, 0.0]","[0.8, 0.8, 1.0]","[8.20979296 7.97815997 7.72468696 7.97815997 7.58079501 6.85009956
 7.1333872  7.7582489  7.990009   7.56086616 7.51298224 7.91418272]","[0.10487384 0.10235769 0.1006565  0.10157862 0.14267171 0.15628812
 0.15048268 0.13525023 0.12425338 0.12937182 0.12692321 0.12230573]"
6,8.0,8,0.1,0.1,"[-10.0, 20.0, 0.0]","[0.9, 0.9, 1.0]","[8.20979296 7.97815997 7.72468696 7.97815997 7.58079501 6.85009956
 7.1333872  7.7582489  7.990009   7.56086616 7.51298224 7.91418272]","[0.10487384 0.10235769 0.1006565  0.10157862 0.14267171 0.15628812
 0.15048268 0.13525023 0.12425338 0.12937182 0.12692321 0.12230573]"
6,8.0,8,0.1,0.1,"[-10.0, 20.0, 0.0]","[1.0, 1.0, 1.0]","[8.20979296 7.97815997 7.72468696 7.97815997 7.58079501 6.85009956
 7.1333872  7.7582489  7.990009   7.56086616 7.51298224 7.91418272]","[0.10487384 0.10235769 0.1006565  0.10157862 0.14267171 0.15628812
 0.15048268 0.13525023 0.12425338 0.12937182 0.12692321 0.12230573]"
6,8.0,8,0.1,0.1,"[0.0, -20.0, 0.0]","[0.6, 0.6, 1.0]","[8.20979296 7.97815997 7.72468696 7.97815997 7.77895375 7.14181145
 7.31865906 7.85925595 7.53602289 6.91972419 7.07655648 7.63965154]","[0.10053793 0.10100585 0.10132733 0.10036974 0.14458738 0.14730585
 0.13620239 0.13203343 0.13853351 0.14640906 0.1380824  0.13147705]"
6,8.0,8,0.1,0.1,"[0.0, -20.0, 0.0]","[0.7, 0.7, 1.0]","[8.20979296 7.97815997 7.72468696 7.97815997 7.77895375 7.14181145
 7.31865906 7.85925595 7.53602289 6.91972419 7.07655648 7.63965154]","[0.10053793 0.10100585 0.10132733 0.10036974 0.14458738 0.14730585
 0.13620239 0.13203343 0.13853351 0.14640906 0.1380824  0.13147705]"
6,8.0,8,0.1,0.1,"[0.0, -20.0, 0.0]","[0.8, 0.8, 1.0]","[8.20979296 7.97815997 7.72468696 7.97815997 7.77895375 7.14181145
 7.31865906 7.85925595 7.53602289 6.91972419 7.07655648 7.63965154]","[0.10053793 0.10100585 0.10132733 0.10036974 0.14458738 0.14730585
 0.13620239 0.13203343 0.13853351 0.14640906 0.1380824  0.13147705]"
6,8.0,8,0.1,0.1,"[0.0, -20.0, 0.0]","[0.9, 0.9, 1.0]","[8.20979296 7.97815997 7.72468696 7.97815997 7.77895375 7.14181145
 7.31865906 7.85925595 7.53602289 6.91972419 7.07655648 7.63965154]","[0.10053793 0.10100585 0.10132733 0.10036974 0.14458738 0.14730585
 0.13620239 0.13203343 0.13853351 0.14640906 0.1380824  0.13147705]"
6,8.0,8,0.1,0.1,"[0.0, -20.0, 0.0]","[1.0, 1.0, 1.0]","[8.20979296 7.97815997 7.72468696 7.97815997 7.77895375 7.14181145
 7.31865906 7.85925595 7.53602289 6.91972419 7.07655648 7.63965154]","[0.10053793 0.10100585 0.10132733 0.10036974 0.14458738 0.14730585
 0.13620239 0.13203343 0.13853351 0.14640906 0.1380824  0.13147705]"
6,8.0,8,0.1,0.1,"[0.0, -10.0, 0.0]","[0.6, 0.6, 1.0]","[8.20979296 7.97815997 7.72468696 7.97815997 7.77895375 7.14181145
 7.31865906 7.85925595 7.63312937 7.01998327 7.18019916 7.73129035]","[0.10053793 0.10100585 0.10132733 0.10036974 0.1371688  0.14278083
 0.13336289 0.12872091 0.13612346 0.14396407 0.13646934 0.12993767]"
6,8.0,8,0.1,0.1,"[0.0, -10.0, 0.0]","[0.7, 0.7, 1.0]","[8.20979296 7.97815997 7.72468696 7.97815997 7.77895375 7.14181145
 7.31865906 7.85925595 7.63312937 7.01998327 7.18019916 7.73129035]","[0.10053793 0.10100585 0.10132733 0.10036974 0.1371688  0.14278083
 0.13336289 0.12872091 0.13612346 0.14396407 0.13646934 0.12993767]"
6,8.0,8,0.1,0.1,"[0.0, -10.0, 0.0]","[0.8, 0.8, 1.0]","[8.20979296 7.97815997 7.72468696 7.97815997 7.77895375 7.14181145
 7.31865906 7.85925595 7.63312937 7.01998327 7.18019916 7.73129035]","[0.10053793 0.10100585 0.10132733 0.10036974 0.1371688  0.14278083
 0.13336289 0.12872091 0.13612346 0.14396407 0.13646934 0.12993767]"
6,8.0,8,0.1,0.1,"[0.0, -10.0, 0.0]","[0.9, 0.9, 1.0]","[8.20979296 7.97815997 7.72468696 7.97815997 7.77895375 7.14181145
 7.31865906 7.85925595 7.63312937 7.01998327 7.18019916 7.73129035]","[0.10053793 0.10100585 0.10132733 0.10036974 0.1371688  0.14278083
 0.13336289 0.12872091 0.13612346 0.14396407 0.13646934 0.12993767]"
6,8.0,8,0.1,0.1,"[0.0, -10.0, 0.0]","[1.0, 1.0, 1.0]","[8.20979296 7.97815997 7.72468696 7.97815997 7.77895375 7.14181145
 7.31865906 7.85925595 7.63312937 7.01998327 7.18019916 7.73129035]","[0.10053793 0.10100585 0.10132733 0.10036974 0.1371688  0.14278083
 0.13336289 0.12872091 0.13612346 0.14396407 0.13646934 0.12993767]"
6,8.0,8,0.1,0.1,"[0.0, 0.0, 0.0]","[0.6, 0.6, 1.0]","[8.20979296 7.97815997 7.72468696 7.97815997 7.77895375 7.14181145
 7.31865906 7.85925595 7.77458894 7.20820901 7.3150508  7.82031015]","[0.10053793 0.10100585 0.10132733 0.10036974 0.13323274 0.14157335
 0.13433233 0.12788042 0.13322026 0.14028965 0.13446075 0.12854391]"
6,8.0,8,0.1,0.1,"[0.0, 0.0, 0.0]","[0.7, 0.7, 1.0]","[8.20979296 7.97815997 7.72468696 7.97815997 7.77895375 7.14181145
 7.31865906 7.85925595 7.77458894 7.20820901 7.3150508  7.82031015]","[0.10053793 0.10100585 0.10132733 0.10036974 0.13323274 0.14157335
 0.13433233 0.12788042 0.13322026 0.14028965 0.13446075 0.12854391]"
6,8.0,8,0.1,0.1,"[0.0, 0.0, 0.0]","[0.8, 0.8, 1.0]","[8.20979296 7.97815997 7.72468696 7.97815997 7.77895375 7.14181145
 7.31865906 7.85925595 7.77458894 7.20820901 7.3150508  7.82031015]","[0.10053793 0.10100585 0.10132733 0.10036974 0.13323274 0.14157335
 0.13433233 0.12788042 0.13322026 0.14028965 0.13446075 0.12854391]"
6,8.0,8,0.1,0.1,"[0.0, 0.0, 0.0]","[0.9, 0.9, 1.0]","[8.20979296 7.97815997 7.72468696 7.97815997 7.77895375 7.14181145
 7.31865906 7.85925595 7.77458894 7.20820901 7.3150508  7.82031015]","[0.10053793 0.10100585 0.10132733 0.10036974 0.13323274 0.14157335
 0.13433233 0.12788042 0.13322026 0.14028965 0.13446075 0.12854391]"
6,8.0,8,0.1,0.1,"[0.0, 0.0, 0.0]","[1.0, 1.0, 1.0]","[8.20979296 7.97815997 7.72468696 7.97815997 7.77895375 7.14181145
 7.31865906 7.85925595 7.77458894 7.20820901 7.3150508  7.82031015]","[0.10053793 0.10100585 0.10132733 0.10036974 0.13323274 0.14157335
 0.13433233 0.12788042 0.13322026 0.14028965 0.13446075 0.12854391]"
6,8.0,8,0.1,0.1,"[0.0, 10.0, 0.0]","[0.6, 0.6, 1.0]","[8.20979296 7.97815997 7.72468696 7.97815997 7.77895375 7.14181145
 7.31865906 7.85925595 7.91314282 7.42099298 7.44049855 7.88641755]","[0.10053793 0.10100585 0.10132733 0.10036974 0.13437684 0.14489734
 0.13970898 0.12995974 0.13063923 0.13666157 0.13279848 0.12760639]"
6,8.0,8,0.1,0.1,"[0.0, 10.0, 0.0]","[0.7, 0.7, 1.0]","[8.20979296 7.97815997 7.72468696 7.97815997 7.77895375 7.14181145
 7.31865906 7.85925595 7.91314282 7.42099298 7.44049855 7.88641755]","[0.10053793 0.10100585 0.10132733 0.10036974 0.13437684 0.14489734
 0.13970898 0.12995974 0.13063923 0.13666157 0.13279848 0.12760639]"
6,8.0,8,0.1,0.1,"[0.0, 10.0, 0.0]","[0.8, 0.8, 1.0]","[8.20979296 7.97815997 7.72468696 7.97815997 7.77895375 7.14181145
 7.31865906 7.85925595 7.91314282 7.42099298 7.44049855 7.88641755]","[0.10053793 0.10100585 0.10132733 0.10036974 0.13437684 0.14489734
 0.13970898 0.12995974 0.13063923 0.13666157 0.13279848 0.12760639]"
6,8.0,8,0.1,0.1,"[0.0, 10.0, 0.0]","[0.9, 0.9, 1.0]","[8.20979296 7.97815997 7.72468696 7.97815997 7.77895375 7.14181145
 7.31865906 7.85925595 7.91314282 7.42099298 7.44049855 7.88641755]","[0.10053793 0.10100585 0.10132733 0.10036974 0.13437684 0.14489734
 0.13970898 0.12995974 0.13063923 0.13666157 0.13279848 0.12760639]"
6,8.0,8,0.1,0.1,"[0.0, 10.0, 0.0]","[1.0, 1.0, 1.0]","[8.20979296 7.97815997 7.72468696 7.97815997 7.77895375 7.14181145
 7.31865906 7.85925595 7.91314282 7.42099298 7.44049855 7.88641755]","[0.10053793 0.10100585 0.10132733 0.10036974 0.13437684 0.14489734
 0.13970898 0.12995974 0.13063923 0.13666157 0.13279848 0.12760639]"
6,8.0,8,0.1,0.1,"[0.0, 20.0, 0.0]","[0.6, 0.6, 1.0]","[8.20979296 7.97815997 7.72468696 7.97815997 7.77895375 7.14181145
 7.31865906 7.85925595 8.01715902 7.59976722 7.53507679 7.92673661]","[0.10053793 0.10100585 0.10132733 0.10036974 0.13954094 0.151389
 0.14784568 0.13419671 0.11919181 0.12423909 0.12229564 0.11766828]"
6,8.0,8,0.1,0.1,"[0.0, 20.0, 0.0]","[0.7, 0.7, 1.0]","[8.20979296 7.97815997 7.72468696 7.97815997 7.77895375 7.14181145
 7.31865906 7.85925595 8.01715902 7.59976722 7.53507679 7.92673661]","[0.10053793 0.10100585 0.10132733 0.10036974 0.13954094 0.151389
 0.14784568 0.13419671 0.11919181 0.12423909 0.12229564 0.11766828]"
6,8.0,8,0.1,0.1,"[0.0, 20.0, 0.0]","[0.8, 0.8, 1.0]","[8.20979296 7.97815997 7.72468696 7.97815997 7.77895375 7.14181145
 7.31865906 7.85925595 8.01715902 7.59976722 7.53507679 7.92673661]","[0.10053793 0.10100585 0.10132733 0.10036974 0.13954094 0.151389
 0.14784568 0.13419671 0.11919181 0.12423909 0.12229564 0.11766828]"
6,8.0,8,0.1,0.1,"[0.0, 20.0, 0.0]","[0.9, 0.9, 1.0]","[8.20979296 7.97815997 7.72468696 7.97815997 7.77895375 7.14181145
 7.31865906 7.85925595 8.01715902 7.59976722 7.53507679 7.92673661]","[0.10053793 0.10100585 0.10132733 0.10036974 0.13954094 0.151389
 0.14784568 0.13419671 0.11919181 0.12423909 0.12229564 0.11766828]"
6,8.0,8,0.1,0.1,"[0.0, 20.0, 0.0]","[1.0, 1.0, 1.0]","[8.20979296 7.97815997 7.72468696 7.97815997 7.77895375 7.14181145
 7.31865906 7.85925595 8.01715902 7.59976722 7.53507679 7.92673661]","[0.10053793 0.10100585 0.10132733 0.10036974 0.13954094 0.151389
 0.14784568 0.13419671 0.11919181 0.12423909 0.12229564 0.11766828]"
6,8.0,8,0.1,0.1,"[10.0, -20.0, 0.0]","[0.6, 0.6, 1.0]","[8.20979296 7.97815997 7.72468696 7.97815997 7.95213913 7.44013692
 7.47451044 7.92192706 7.55503149 6.93691595 7.09943384 7.66075935]","[0.10154971 0.10374283 0.10665649 0.1026532  0.13940931 0.13939812
 0.13238229 0.13030527 0.13802819 0.14597439 0.13777273 0.1311211 ]"
6,8.0,8,0.1,0.1,"[10.0, -20.0, 0.0]","[0.7, 0.7, 1.0]","[8.20979296 7.97815997 7.72468696 7.97815997 7.95213913 7.44013692
 7.47451044 7.92192706 7.55503149 6.93691595 7.09943384 7.66075935]","[0.10154971 0.10374283 0.10665649 0.1026532  0.13940931 0.13939812
 0.13238229 0.13030527 0.13802819 0.14597439 0.13777273 0.1311211 ]"
6,8.0,8,0.1,0.1,"[10.0, -20.0, 0.0]","[0.8, 0.8, 1.0]","[8.20979296 7.97815997 7.72468696 7.97815997 7.95213913 7.44013692
 7.47451044 7.92192706 7.55503149 6.93691595 7.09943384 7.66075935]","[0.10154971 0.10374283 0.10665649 0.1026532  0.13940931 0.13939812
 0.13238229 0.13030527 0.13802819 0.14597439 0.13777273 0.1311211 ]"
6,8.0,8,0.1,0.1,"[10.0, -20.0, 0.0]","[0.9, 0.9, 1.0]","[8.20979296 7.97815997 7.72468696 7.97815997 7.95213913 7.44013692
 7.47451044 7.92192706 7.55503149 6.93691595 7.09943384 7.66075935]","[0.10154971 0.10374283 0.10665649 0.1026532  0.13940931 0.13939812
 0.13238229 0.13030527 0.13802819 0.14597439 0.13777273 0.1311211 ]"
6,8.0,8,0.1,0.1,"[10.0, -20.0, 0.0]","[1.0, 1.0, 1.0]","[8.20979296 7.97815997 7.72468696 7.97815997 7.95213913 7.44013692
 7.47451044 7.92192706 7.55503149 6.93691595 7.09943384 7.66075935]","[0.10154971 0.10374283 0.10665649 0.1026532  0.13940931 0.13939812
 0.13238229 0.13030527 0.13802819 0.14597439 0.13777273 0.1311211 ]"
6,8.0,8,0.1,0.1,"[10.0, -10.0, 0.0]","[0.6, 0.6, 1.0]","[8.20979296 7.97815997 7.72468696 7.97815997 7.95213913 7.44013692
 7.47451044 7.92192706 7.65984145 7.05438635 7.2074262  7.75010717]","[0.10154971 0.10374283 0.10665649 0.1026532  0.13302475 0.13627171
 0.13039091 0.12741923 0.13552381 0.14326884 0.13611826 0.12964847]"
6,8.0,8,0.1,0.1,"[10.0, -10.0, 0.0]","[0.7, 0.7, 1.0]","[8.20979296 7.97815997 7.72468696 7.97815997 7.95213913 7.44013692
 7.47451044 7.92192706 7.65984145 7.05438635 7.2074262  7.75010717]","[0.10154971 0.10374283 0.10665649 0.1026532  0.13302475 0.13627171
 0.13039091 0.12741923 0.13552381 0.14326884 0.13611826 0.12964847]"
6,8.0,8,0.1,0.1,"[10.0, -10.0, 0.0]","[0.8, 0.8, 1.0]","[8.20979296 7.97815997 7.72468696 7.97815997 7.95213913 7.44013692
 7.47451044 7.92192706 7.65984145 7.05438635 7.2074262  7.75010717]","[0.10154971 0.10374283 0.10665649 0.1026532  0.13302475 0.13627171
 0.13039091 0.12741923 0.13552381 0.14326884 0.13611826 0.12964847]"
6,8.0,8,0.1,0.1,"[10.0, -10.0, 0.0]","[0.9, 0.9, 1.0]","[8.20979296 7.97815997 7.72468696 7.97815997 7.95213913 7.44013692
 7.47451044 7.92192706 7.65984145 7.05438635 7.2074262  7.75010717]","[0.10154971 0.10374283 0.10665649 0.1026532  0.13302475 0.13627171
 0.13039091 0.12741923 0.13552381 0.14326884 0.13611826 0.12964847]"
6,8.0,8,0.1,0.1,"[10.0, -10.0, 0.0]","[1.0, 1.0, 1.0]","[8.20979296 7.97815997 7.72468696 7.97815997 7.95213913 7.44013692
 7.47451044 7.92192706 7.65984145 7.05438635 7.2074262  7.75010717]","[0.10154971 0.10374283 0.10665649 0.1026532  0.13302475 0.13627171
 0.13039091 0.12741923 0.13552381 0.14326884 0.13611826 0.12964847]"
6,8.0,8,0.1,0.1,"[10.0, 0.0, 0.0]","[0.6, 0.6, 1.0]","[8.20979296 7.97815997 7.72468696 7.97815997 7.95213913 7.44013692
 7.47451044 7.92192706 7.80135439 7.24835242 7.33992045 7.83399544]","[0.10154971 0.10374283 0.10665649 0.1026532  0.13002037 0.13623319
 0.13205732 0.12699991 0.13268258 0.13960064 0.13420466 0.12836613]"
6,8.0,8,0.1,0.1,"[10.0, 0.0, 0.0]","[0.7, 0.7, 1.0]","[8.20979296 7.97815997 7.72468696 7.97815997 7.95213913 7.44013692
 7.47451044 7.92192706 7.80135439 7.24835242 7.33992045 7.83399544]","[0.10154971 0.10374283 0.10665649 0.1026532  0.13002037 0.13623319
 0.13205732 0.12699991 0.13268258 0.13960064 0.13420466 0.12836613]"
6,8.0,8,0.1,0.1,"[10.0, 0.0, 0.0]","[0.8, 0.8, 1.0]","[8.20979296 7.97815997 7.72468696 7.97815997 7.95213913 7.44013692
 7.47451044 7.92192706 7.80135439 7.24835242 7.33992045 7.83399544]","[0.10154971 0.10374283 0.10665649 0.1026532  0.13002037 0.13623319
 0.13205732 0.12699991 0.13268258 0.13960064 0.13420466 0.12836613]"
6,8.0,8,0.1,0.1,"[10.0, 0.0, 0.0]","[0.9, 0.9, 1.0]","[8.20979296 7.97815997 7.72468696 7.97815997 7.95213913 7.44013692
 7.47451044 7.92192706 7.80135439 7.24835242 7.33992045 7.83399544]","[0.10154971 0.10374283 0.10665649 0.1026532  0.13002037 0.13623319
 0.13205732 0.12699991 0.13268258 0.13960064 0.13420466 0.12836613]"
6,8.0,8,0.1,0.1,"[10.0, 0.0, 0.0]","[1.0, 1.0, 1.0]","[8.20979296 7.97815997 7.72468696 7.97815997 7.95213913 7.44013692
 7.47451044 7.92192706 7.80135439 7.24835242 7.33992045 7.83399544]","[0.10154971 0.10374283 0.10665649 0.1026532  0.13002037 0.13623319
 0.13205732 0.12699991 0.13268258 0.13960064 0.13420466 0.12836613]"
6,8.0,8,0.1,0.1,"[10.0, 10.0, 0.0]","[0.6, 0.6, 1.0]","[8.20979296 7.97815997 7.72468696 7.97815997 7.95213913 7.44013692
 7.47451044 7.92192706 7.93458296 7.45599744 7.45961617 7.89526804]","[0.10154971 0.10374283 0.10665649 0.1026532  0.13175286 0.14019273
 0.13781623 0.12942619 0.13024808 0.13617256 0.13269382 0.12752931]"
6,8.0,8,0.1,0.1,"[10.0, 10.0, 0.0]","[0.7, 0.7, 1.0]","[8.20979296 7.97815997 7.72468696 7.97815997 7.95213913 7.44013692
 7.47451044 7.92192706 7.93458296 7.45599744 7.45961617 7.89526804]","[0.10154971 0.10374283 0.10665649 0.1026532  0.13175286 0.14019273
 0.13781623 0.12942619 0.13024808 0.13617256 0.13269382 0.12752931]"
6,8.0,8,0.1,0.1,"[10.0, 10.0, 0.0]","[0.8, 0.8, 1.0]","[8.20979296 7.97815997 7.72468696 7.97815997 7.95213913 7.44013692
 7.47451044 7.92192706 7.93458296 7.45599744 7.45961617 7.89526804]","[0.10154971 0.10374283 0.10665649 0.1026532  0.13175286 0.14019273
 0.13781623 0.12942619 0.13024808 0.13617256 0.13269382 0.12752931]"
6,8.0,8,0.1,0.1,"[10.0, 10.0, 0.0]","[0.9, 0.9, 1.0]","[8.20979296 7.97815997 7.72468696 7.97815997 7.95213913 7.44013692
 7.47451044 7.92192706 7.93458296 7.45599744 7.45961617 7.89526804]","[0.10154971 0.10374283 0.10665649 0.1026532  0.13175286 0.14019273
 0.13781623 0.12942619 0.13024808 0.13617256 0.13269382 0.12752931]"
6,8.0,8,0.1,0.1,"[10.0, 10.0, 0.0]","[1.0, 1.0, 1.0]","[8.20979296 7.97815997 7.72468696 7.97815997 7.95213913 7.44013692
 7.47451044 7.92192706 7.93458296 7.45599744 7.45961617 7.89526804]","[0.10154971 0.10374283 0.10665649 0.1026532  0.13175286 0.14019273
 0.13781623 0.12942619 0.13024808 0.13617256 0.13269382 0.12752931]"
6,8.0,8,0.1,0.1,"[10.0, 20.0, 0.0]","[0.6, 0.6, 1.0]","[8.20979296 7.97815997 7.72468696 7.97815997 7.95213913 7.44013692
 7.47451044 7.92192706 8.03376923 7.62735284 7.54947868 7.93310636]","[0.10154971 0.10374283 0.10665649 0.1026532  0.13712496 0.14679967
 0.1460342  0.13389571 0.11479265 0.11984316 0.11831234 0.11360372]"
6,8.0,8,0.1,0.1,"[10.0, 20.0, 0.0]","[0.7, 0.7, 1.0]","[8.20979296 7.97815997 7.72468696 7.97815997 7.95213913 7.44013692
 7.47451044 7.92192706 8.03376923 7.62735284 7.54947868 7.93310636]","[0.10154971 0.10374283 0.10665649 0.1026532  0.13712496 0.14679967
 0.1460342  0.13389571 0.11479265 0.11984316 0.11831234 0.11360372]"
6,8.0,8,0.1,0.1,"[10.0, 20.0, 0.0]","[0.8, 0.8, 1.0]","[8.20979296 7.97815997 7.72468696 7.97815997 7.95213913 7.44013692
 7.47451044 7.92192706 8.03376923 7.62735284 7.54947868 7.93310636]","[0.10154971 0.10374283 0.10665649 0.1026532  0.13712496 0.14679967
 0.1460342  0.13389571 0.11479265 0.11984316 0.11831234 0.11360372]"
6,8.0,8,0.1,0.1,"[10.0, 20.0, 0.0]","[0.9, 0.9, 1.0]","[8.20979296 7.97815997 7.72468696 7.97815997 7.95213913 7.44013692
 7.47451044 7.92192706 8.03376923 7.62735284 7.54947868 7.93310636]","[0.10154971 0.10374283 0.10665649 0.1026532  0.13712496 0.14679967
 0.1460342  0.13389571 0.11479265 0.11984316 0.11831234 0.11360372]"
6,8.0,8,0.1,0.1,"[10.0, 20.0, 0.0]","[1.0, 1.0, 1.0]","[8.20979296 7.97815997 7.72468696 7.97815997 7.95213913 7.44013692
 7.47451044 7.92192706 8.03376923 7.62735284 7.54947868 7.93310636]","[0.10154971 0.10374283 0.10665649 0.1026532  0.13712496 0.14679967
 0.1460342  0.13389571 0.11479265 0.11984316 0.11831234 0.11360372]"
6,8.0,8,0.1,0.1,"[20.0, -20.0, 0.0]","[0.6, 0.6, 1.0]","[8.20979296 7.97815997 7.72468696 7.97815997 8.06764523 7.66536588
 7.58081883 7.95393691 7.534099   6.85167753 7.08391336 7.68680064]","[0.10681204 0.10935979 0.11489387 0.10751197 0.12319732 0.12040298
 0.11637866 0.11609316 0.13836688 0.14778219 0.13827769 0.130685  ]"
6,8.0,8,0.1,0.1,"[20.0, -20.0, 0.0]","[0.7, 0.7, 1.0]","[8.20979296 7.97815997 7.72468696 7.97815997 8.06764523 7.66536588
 7.58081883 7.95393691 7.534099   6.85167753 7.08391336 7.68680064]","[0.10681204 0.10935979 0.11489387 0.10751197 0.12319732 0.12040298
 0.11637866 0.11609316 0.13836688 0.14778219 0.13827769 0.130685  ]"
6,8.0,8,0.1,0.1,"[20.0, -20.0, 0.0]","[0.8, 0.8, 1.0]","[8.20979296 7.97815997 7.72468696 7.97815997 8.06764523 7.66536588
 7.58081883 7.95393691 7.534099   6.85167753 7.08391336 7.68680064]","[0.10681204 0.10935979 0.11489387 0.10751197 0.12319732 0.12040298
 0.11637866 0.11609316 0.13836688 0.14778219 0.13827769 0.130685  ]"
6,8.0,8,0.1,0.1,"[20.0, -20.0, 0.0]","[0.9, 0.9, 1.0]","[8.20979296 7.97815997 7.72468696 7.97815997 8.06764523 7.66536588
 7.58081883 7.95393691 7.534099   6.85167753 7.08391336 7.68680064]","[0.10681204 0.10935979 0.11489387 0.10751197 0.12319732 0.12040298
 0.11637866 0.11609316 0.13836688 0.14778219 0.13827769 0.130685  ]"
6,8.0,8,0.1,0.1,"[20.0, -20.0, 0.0]","[1.0, 1.0, 1.0]","[8.20979296 7.97815997 7.72468696 7.97815997 8.06764523 7.66536588
 7.58081883 7.95393691 7.534099   6.85167753 7.08391336 7.68680064]","[0.10681204 0.10935979 0.11489387 0.10751197 0.12319732 0.12040298
 0.11637866 0.11609316 0.13836688 0.14778219 0.13827769 0.130685  ]"
6,8.0,8,0.1,0.1,"[20.0, -10.0, 0.0]","[0.6, 0.6, 1.0]","[8.20979296 7.97815997 7.72468696 7.97815997 8.06764523 7.66536588
 7.58081883 7.95393691 7.67021785 7.02231174 7.21966995 7.78477639]","[0.10681204 0.10935979 0.11489387 0.10751197 0.11690105 0.11800281
 0.11485415 0.11324353 0.13528906 0.14396739 0.13608993 0.12909728]"
6,8.0,8,0.1,0.1,"[20.0, -10.0, 0.0]","[0.7, 0.7, 1.0]","[8.20979296 7.97815997 7.72468696 7.97815997 8.06764523 7.66536588
 7.58081883 7.95393691 7.67021785 7.02231174 7.21966995 7.78477639]","[0.10681204 0.10935979 0.11489387 0.10751197 0.11690105 0.11800281
 0.11485415 0.11324353 0.13528906 0.14396739 0.13608993 0.12909728]"
6,8.0,8,0.1,0.1,"[20.0, -10.0, 0.0]","[0.8, 0.8, 1.0]","[8.20979296 7.97815997 7.72468696 7.97815997 8.06764523 7.66536588
 7.58081883 7.95393691 7.67021785 7.02231174 7.21966995 7.78477639]","[0.10681204 0.10935979 0.11489387 0.10751197 0.11690105 0.11800281
 0.11485415 0.11324353 0.13528906 0.14396739 0.13608993 0.12909728]"
6,8.0,8,0.1,0.1,"[20.0, -10.0, 0.0]","[0.9, 0.9, 1.0]","[8.20979296 7.97815997 7.72468696 7.97815997 8.06764523 7.66536588
 7.58081883 7.95393691 7.67021785 7.02231174 7.21966995 7.78477639]","[0.10681204 0.10935979 0.11489387 0.10751197 0.11690105 0.11800281
 0.11485415 0.11324353 0.13528906 0.14396739 0.13608993 0.12909728]"
6,8.0,8,0.1,0.1,"[20.0, -10.0, 0.0]","[1.0, 1.0, 1.0]","[8.20979296 7.97815997 7.72468696 7.97815997 8.06764523 7.66536588
 7.58081883 7.95393691 7.67021785 7.02231174 7.21966995 7.78477639]","[0.10681204 0.10935979 0.11489387 0.10751197 0.11690105 0.11800281
 0.11485415 0.11324353 0.13528906 0.14396739 0.13608993 0.12909728]"
6,8.0,8,0.1,0.1,"[20.0, 0.0, 0.0]","[0.6, 0.6, 1.0]","[8.20979296 7.97815997 7.72468696 7.97815997 8.06764523 7.66536588
 7.58081883 7.95393691 7.83352193 7.26441091 7.36889205 7.86632677]","[0.10681204 0.10935979 0.11489387 0.10751197 0.11430922 0.11888558
 0.1173299  0.11316716 0.13209363 0.13939393 0.13387787 0.12788352]"
6,8.0,8,0.1,0.1,"[20.0, 0.0, 0.0]","[0.7, 0.7, 1.0]","[8.20979296 7.97815997 7.72468696 7.97815997 8.06764523 7.66536588
 7.58081883 7.95393691 7.83352193 7.26441091 7.36889205 7.86632677]","[0.10681204 0.10935979 0.11489387 0.10751197 0.11430922 0.11888558
 0.1173299  0.11316716 0.13209363 0.13939393 0.13387787 0.12788352]"
6,8.0,8,0.1,0.1,"[20.0, 0.0, 0.0]","[0.8, 0.8, 1.0]","[8.20979296 7.97815997 7.72468696 7.97815997 8.06764523 7.66536588
 7.58081883 7.95393691 7.83352193 7.26441091 7.36889205 7.86632677]","[0.10681204 0.10935979 0.11489387 0.10751197 0.11430922 0.11888558
 0.1173299  0.11316716 0.13209363 0.13939393 0.13387787 0.12788352]"
6,8.0,8,0.1,0.1,"[20.0, 0.0, 0.0]","[0.9, 0.9, 1.0]","[8.20979296 7.97815997 7.72468696 7.97815997 8.06764523 7.66536588
 7.58081883 7.95393691 7.83352193 7.26441091 7.36889205 7.86632677]","[0.10681204 0.10935979 0.11489387 0.10751197 0.11430922 0.11888558
 0.1173299  0.11316716 0.13209363 0.13939393 0.13387787 0.12788352]"
6,8.0,8,0.1,0.1,"[20.0, 0.0, 0.0]","[1.0, 1.0, 1.0]","[8.20979296 7.97815997 7.72468696 7.97815997 8.06764523 7.66536588
 7.58081883 7.95393691 7.83352193 7.26441091 7.36889205 7.86632677]","[0.10681204 0.10935979 0.11489387 0.10751197 0.11430922 0.11888558
 0.1173299  0.11316716 0.13209363 0.13939393 0.13387787 0.12788352]"
6,8.0,8,0.1,0.1,"[20.0, 10.0, 0.0]","[0.6, 0.6, 1.0]","[8.20979296 7.97815997 7.72468696 7.97815997 8.06764523 7.66536588
 7.58081883 7.95393691 7.97199435 7.49709461 7.49187686 7.91929502]","[0.10681204 0.10935979 0.11489387 0.10751197 0.11678172 0.12382885
 0.12412859 0.11622676 0.12961323 0.13557171 0.13233414 0.12720472]"
6,8.0,8,0.1,0.1,"[20.0, 10.0, 0.0]","[0.7, 0.7, 1.0]","[8.20979296 7.97815997 7.72468696 7.97815997 8.06764523 7.66536588
 7.58081883 7.95393691 7.97199435 7.49709461 7.49187686 7.91929502]","[0.10681204 0.10935979 0.11489387 0.10751197 0.11678172 0.12382885
 0.12412859 0.11622676 0.12961323 0.13557171 0.13233414 0.12720472]"
6,8.0,8,0.1,0.1,"[20.0, 10.0, 0.0]","[0.8, 0.8, 1.0]","[8.20979296 7.97815997 7.72468696 7.97815997 8.06764523 7.66536588
 7.58081883 7.95393691 7.97199435 7.49709461 7.49187686 7.91929502]","[0.10681204 0.10935979 0.11489387 0.10751197 0.11678172 0.12382885
 0.12412859 0.11622676 0.12961323 0.13557171 0.13233414 0.12720472]"
6,8.0,8,0.1,0.1,"[20.0, 10.0, 0.0]","[0.9, 0.9, 1.0]","[8.20979296 7.97815997 7.72468696 7.97815997 8.06764523 7.66536588
 7.58081883 7.95393691 7.97199435 7.49709461 7.49187686 7.91929502]","[0.10681204 0.10935979 0.11489387 0.10751197 0.11678172 0.12382885
 0.12412859 0.11622676 0.12961323 0.13557171 0.13233414 0.12720472]"
6,8.0,8,0.1,0.1,"[20.0, 10.0, 0.0]","[1.0, 1.0, 1.0]","[8.20979296 7.97815997 7.72468696 7.97815997 8.06764523 7.66536588
 7.58081883 7.95393691 7.97199435 7.49709461 7.49187686 7.91929502]","[0.10681204 0.10935979 0.11489387 0.10751197 0.11678172 0.12382885
 0.12412859 0.11622676 0.12961323 0.13557171 0.13233414 0.12720472]"
6,8.0,8,0.1,0.1,"[20.0, 20.0, 0.0]","[0.6, 0.6, 1.0]","[8.20979296 7.97815997 7.72468696 7.97815997 8.06764523 7.66536588
 7.58081883 7.95393691 8.06627723 7.6730725  7.57775805 7.94876915]","[0.10681204 0.10935979 0.11489387 0.10751197 0.1230227  0.13129635
 0.13337166 0.12146266 0.11433217 0.11932778 0.11812914 0.11346603]"
6,8.0,8,0.1,0.1,"[20.0, 20.0, 0.0]","[0.7, 0.7, 1.0]","[8.20979296 7.97815997 7.72468696 7.97815997 8.06764523 7.66536588
 7.58081883 7.95393691 8.06627723 7.6730725  7.57775805 7.94876915]","[0.10681204 0.10935979 0.11489387 0.10751197 0.1230227  0.13129635
 0.13337166 0.12146266 0.11433217 0.11932778 0.11812914 0.11346603]"
6,8.0,8,0.1,0.1,"[20.0, 20.0, 0.0]","[0.8, 0.8, 1.0]","[8.20979296 7.97815997 7.72468696 7.97815997 8.06764523 7.66536588
 7.58081883 7.95393691 8.06627723 7.6730725  7.57775805 7.94876915]","[0.10681204 0.10935979 0.11489387 0.10751197 0.1230227  0.13129635
 0.13337166 0.12146266 0.11433217 0.11932778 0.11812914 0.11346603]"
6,8.0,8,0.1,0.1,"[20.0, 20.0, 0.0]","[0.9, 0.9, 1.0]","[8.20979296 7.97815997 7.72468696 7.97815997 8.06764523 7.66536588
 7.58081883 7.95393691 8.06627723 7.6730725  7.57775805 7.94876915]","[0.10681204 0.10935979 0.11489387 0.10751197 0.1230227  0.13129635
 0.13337166 0.12146266 0.11433217 0.11932778 0.11812914 0.11346603]"
6,8.0,8,0.1,0.1,"[20.0, 20.0, 0.0]","[1.0, 1.0, 1.0]","[8.20979296 7.97815997 7.72468696 7.97815997 8.06764523 7.66536588
 7.58081883 7.95393691 8.06627723 7.6730725  7.57775805 7.94876915]","[0.10681204 0.10935979 0.11489387 0.10751197 0.1230227  0.13129635
 0.13337166 0.12146266 0.11433217 0.11932778 0.11812914 0.11346603]"
6,8.0,8,0.1,0.1,"[30.0, -20.0, 0.0]","[0.6, 0.6, 1.0]","[8.20979296 7.97815997 7.72468696 7.97815997 8.13587396 7.80981642
 7.64687596 7.96876176 7.54115677 6.84284605 7.09392469 7.70490505]","[0.11317814 0.11526931 0.12291848 0.11280072 0.11786157 0.11389702
 0.1114863  0.11203461 0.1381682  0.14795887 0.13820474 0.13038972]"
6,8.0,8,0.1,0.1,"[30.0, -20.0, 0.0]","[0.7, 0.7, 1.0]","[8.20979296 7.97815997 7.72468696 7.97815997 8.13587396 7.80981642
 7.64687596 7.96876176 7.54115677 6.84284605 7.09392469 7.70490505]","[0.11317814 0.11526931 0.12291848 0.11280072 0.11786157 0.11389702
 0.1114863  0.11203461 0.1381682  0.14795887 0.13820474 0.13038972]"
6,8.0,8,0.1,0.1,"[30.0, -20.0, 0.0]","[0.8, 0.8, 1.0]","[8.20979296 7.97815997 7.72468696 7.97815997 8.13587396 7.80981642
 7.64687596 7.96876176 7.54115677 6.84284605 7.09392469 7.70490505]","[0.11317814 0.11526931 0.12291848 0.11280072 0.11786157 0.11389702
 0.1114863  0.11203461 0.1381682  0.14795887 0.13820474 0.13038972]"
6,8.0,8,0.1,0.1,"[30.0, -20.0, 0.0]","[0.9, 0.9, 1.0]","[8.20979296 7.97815997 7.72468696 7.97815997 8.13587396 7.80981642
 7.64687596 7.96876176 7.54115677 6.84284605 7.09392469 7.70490505]","[0.11317814 0.11526931 0.12291848 0.11280072 0.11786157 0.11389702
 0.1114863  0.11203461 0.1381682  0.14795887 0.13820474 0.13038972]"
6,8.0,8,0.1,0.1,"[30.0, -20.0, 0.0]","[1.0, 1.0, 1.0]","[8.20979296 7.97815997 7.72468696 7.97815997 8.13587396 7.80981642
 7.64687596 7.96876176 7.54115677 6.84284605 7.09392469 7.70490505]","[0.11317814 0.11526931 0.12291848 0.11280072 0.11786157 0.11389702
 0.1114863  0.11203461 0.1381682  0.14795887 0.13820474 0.13038972]"
6,8.0,8,0.1,0.1,"[30.0, -10.0, 0.0]","[0.6, 0.6, 1.0]","[8.20979296 7.97815997 7.72468696 7.97815997 8.13587396 7.80981642
 7.64687596 7.96876176 7.68826374 7.03579447 7.23768342 7.80219583]","[0.11317814 0.11526931 0.12291848 0.11280072 0.11190913 0.11213052
 0.11039622 0.10936551 0.13491177 0.14372342 0.13588024 0.12883354]"
6,8.0,8,0.1,0.1,"[30.0, -10.0, 0.0]","[0.7, 0.7, 1.0]","[8.20979296 7.97815997 7.72468696 7.97815997 8.13587396 7.80981642
 7.64687596 7.96876176 7.68826374 7.03579447 7.23768342 7.80219583]","[0.11317814 0.11526931 0.12291848 0.11280072 0.11190913 0.11213052
 0.11039622 0.10936551 0.13491177 0.14372342 0.13588024 0.12883354]"
6,8.0,8,0.1,0.1,"[30.0, -10.0, 0.0]","[0.8, 0.8, 1.0]","[8.20979296 7.97815997 7.72468696 7.97815997 8.13587396 7.80981642
 7.64687596 7.96876176 7.68826374 7.03579447 7.23768342 7.80219583]","[0.11317814 0.11526931 0.12291848 0.11280072 0.11190913 0.11213052
 0.11039622 0.10936551 0.13491177 0.14372342 0.13588024 0.12883354]"
6,8.0,8,0.1,0.1,"[30.0, -10.0, 0.0]","[0.9, 0.9, 1.0]","[8.20979296 7.97815997 7.72468696 7.97815997 8.13587396 7.80981642
 7.64687596 7.96876176 7.68826374 7.03579447 7.23768342 7.80219583]","[0.11317814 0.11526931 0.12291848 0.11280072 0.11190913 0.11213052
 0.11039622 0.10936551 0.13491177 0.14372342 0.13588024 0.12883354]"
6,8.0,8,0.1,0.1,"[30.0, -10.0, 0.0]","[1.0, 1.0, 1.0]","[8.20979296 7.97815997 7.72468696 7.97815997 8.13587396 7.80981642
 7.64687596 7.96876176 7.68826374 7.03579447 7.23768342 7.80219583]","[0.11317814 0.11526931 0.12291848 0.11280072 0.11190913 0.11213052
 0.11039622 0.10936551 0.13491177 0.14372342 0.13588024 0.12883354]"
6,8.0,8,0.1,0.1,"[30.0, 0.0, 0.0]","[0.6, 0.6, 1.0]","[8.20979296 7.97815997 7.72468696 7.97815997 8.13587396 7.80981642
 7.64687596 7.96876176 7.8547368  7.29003138 7.38793139 7.87929881]","[0.11317814 0.11526931 0.12291848 0.11280072 0.10976372 0.11365362
 0.11338393 0.10958067 0.13169831 0.13898134 0.1336752  0.12771051]"
6,8.0,8,0.1,0.1,"[30.0, 0.0, 0.0]","[0.7, 0.7, 1.0]","[8.20979296 7.97815997 7.72468696 7.97815997 8.13587396 7.80981642
 7.64687596 7.96876176 7.8547368  7.29003138 7.38793139 7.87929881]","[0.11317814 0.11526931 0.12291848 0.11280072 0.10976372 0.11365362
 0.11338393 0.10958067 0.13169831 0.13898134 0.1336752  0.12771051]"
6,8.0,8,0.1,0.1,"[30.0, 0.0, 0.0]","[0.8, 0.8, 1.0]","[8.20979296 7.97815997 7.72468696 7.97815997 8.13587396 7.80981642
 7.64687596 7.96876176 7.8547368  7.29003138 7.38793139 7.87929881]","[0.11317814 0.11526931 0.12291848 0.11280072 0.10976372 0.11365362
 0.11338393 0.10958067 0.13169831 0.13898134 0.1336752  0.12771051]"
6,8.0,8,0.1,0.1,"[30.0, 0.0, 0.0]","[0.9, 0.9, 1.0]","[8.20979296 7.97815997 7.72468696 7.97815997 8.13587396 7.80981642
 7.64687596 7.96876176 7.8547368  7.29003138 7.38793139 7.87929881]","[0.11317814 0.11526931 0.12291848 0.11280072 0.10976372 0.11365362
 0.11338393 0.10958067 0.13169831 0.13898134 0.1336752  0.12771051]"
6,8.0,8,0.1,0.1,"[30.0, 0.0, 0.0]","[1.0, 1.0, 1.0]","[8.20979296 7.97815997 7.72468696 7.97815997 8.13587396 7.80981642
 7.64687596 7.96876176 7.8547368  7.29003138 7.38793139 7.87929881]","[0.11317814 0.11526931 0.12291848 0.11280072 0.10976372 0.11365362
 0.11338393 0.10958067 0.13169831 0.13898134 0.1336752  0.12771051]"
6,8.0,8,0.1,0.1,"[30.0, 10.0, 0.0]","[0.6, 0.6, 1.0]","[8.20979296 7.97815997 7.72468696 7.97815997 8.13587396 7.80981642
 7.64687596 7.96876176 7.98960562 7.52281228 7.50731003 7.92732874]","[0.11317814 0.11526931 0.12291848 0.11280072 0.11271007 0.11911317
 0.12067681 0.11300657 0.11961405 0.12536107 0.1227304  0.11767267]"
6,8.0,8,0.1,0.1,"[30.0, 10.0, 0.0]","[0.7, 0.7, 1.0]","[8.20979296 7.97815997 7.72468696 7.97815997 8.13587396 7.80981642
 7.64687596 7.96876176 7.98960562 7.52281228 7.50731003 7.92732874]","[0.11317814 0.11526931 0.12291848 0.11280072 0.11271007 0.11911317
 0.12067681 0.11300657 0.11961405 0.12536107 0.1227304  0.11767267]"
6,8.0,8,0.1,0.1,"[30.0, 10.0, 0.0]","[0.8, 0.8, 1.0]","[8.20979296 7.97815997 7.72468696 7.97815997 8.13587396 7.80981642
 7.64687596 7.96876176 7.98960562 7.52281228 7.50731003 7.92732874]","[0.11317814 0.11526931 0.12291848 0.11280072 0.11271007 0.11911317
 0.12067681 0.11300657 0.11961405 0.12536107 0.1227304  0.11767267]"
6,8.0,8,0.1,0.1,"[30.0, 10.0, 0.0]","[0.9, 0.9, 1.0]","[8.20979296 7.97815997 7.72468696 7.97815997 8.13587396 7.80981642
 7.64687596 7.96876176 7.98960562 7.52281228 7.50731003 7.92732874]","[0.11317814 0.11526931 0.12291848 0.11280072 0.11271007 0.11911317
 0.12067681 0.11300657 0.11961405 0.12536107 0.1227304  0.11767267]"
6,8.0,8,0.1,0.1,"[30.0, 10.0, 0.0]","[1.0, 1.0, 1.0]","[8.20979296 7.97815997 7.72468696 7.97815997 8.13587396 7.80981642
 7.64687596 7.96876176 7.98960562 7.52281228 7.50731003 7.92732874]","[0.11317814 0.11526931 0.12291848 0.11280072 0.11271007 0.11911317
 0.12067681 0.11300657 0.11961405 0.12536107 0.1227304  0.11767267]"
6,8.0,8,0.1,0.1,"[30.0, 20.0, 0.0]","[0.6, 0.6, 1.0]","[8.20979296 7.97815997 7.72468696 7.97815997 8.13587396 7.80981642
 7.64687596 7.96876176 8.07867882 7.69341362 7.588847   7.95331764]","[0.11317814 0.11526931 0.12291848 0.11280072 0.11935917 0.12691449
 0.13031446 0.11860936 0.11416487 0.11917073 0.11815829 0.11346873]"
6,8.0,8,0.1,0.1,"[30.0, 20.0, 0.0]","[0.7, 0.7, 1.0]","[8.20979296 7.97815997 7.72468696 7.97815997 8.13587396 7.80981642
 7.64687596 7.96876176 8.07867882 7.69341362 7.588847   7.95331764]","[0.11317814 0.11526931 0.12291848 0.11280072 0.11935917 0.12691449
 0.13031446 0.11860936 0.11416487 0.11917073 0.11815829 0.11346873]"
6,8.0,8,0.1,0.1,"[30.0, 20.0, 0.0]","[0.8, 0.8, 1.0]","[8.20979296 7.97815997 7.72468696 7.97815997 8.13587396 7.80981642
 7.64687596 7.96876176 8.07867882 7.69341362 7.588847   7.95331764]","[0.11317814 0.11526931 0.12291848 0.11280072 0.11935917 0.12691449
 0.13031446 0.11860936 0.11416487 0.11917073 0.11815829 0.11346873]"
6,8.0,8,0.1,0.1,"[30.0, 20.0, 0.0]","[0.9, 0.9, 1.0]","[8.20979296 7.97815997 7.72468696 7.97815997 8.13587396 7.80981642
 7.64687596 7.96876176 8.07867882 7.69341362 7.588847   7.95331764]","[0.11317814 0.11526931 0.12291848 0.11280072 0.11935917 0.12691449
 0.13031446 0.11860936 0.11416487 0.11917073 0.11815829 0.11346873]"
6,8.0,8,0.1,0.1,"[30.0, 20.0, 0.0]","[1.0, 1.0, 1.0]","[8.20979296 7.97815997 7.72468696 7.97815997 8.13587396 7.80981642
 7.64687596 7.96876176 8.07867882 7.69341362 7.588847   7.95331764]","[0.11317814 0.11526931 0.12291848 0.11280072 0.11935917 0.12691449
 0.13031446 0.11860936 0.11416487 0.11917073 0.11815829 0.11346873]"
